Date,Description,Deposits,Withdrawls,Balance
20-Aug-20,Cash,"97,540.00",0,"170,542.01"
20-Aug-20,Commission,0,"34,108.40","136,433.61"
20-Aug-20,ATM,41,0,"136,474.61"
20-Aug-20,Interest,50,0,"136,524.61"
20-Aug-20,Commission,0,"34,131.15","102,393.46"
20-Aug-20,Reversal,0,"17,065.58","85,327.88"
20-Aug-20,Reversal,"204,765.00",0,"290,092.88"
20-Aug-20,Cheque,"53,121.00",0,"343,213.88"
20-Aug-20,NEFT,7.1,0,"343,220.98"
20-Aug-20,IMPS,3.46,0,"343,224.44"
20-Aug-20,Transfer,3,0,"343,227.44"
20-Aug-20,RTGS,"223,558.62",0,"566,786.06"
20-Aug-20,ATM,"496,536.75",0,"1,063,322.81"
20-Aug-20,Reversal,"770,726.00",0,"1,834,048.81"
20-Aug-20,Interest,0,"1,834,048.81",0
20-Aug-20,Bill,0.01,0,0.01
20-Aug-20,Commission,"18,690.68",0,"18,690.69"
20-Aug-20,Cash,0,"1,869.07","16,821.62"
20-Aug-20,Cheque,190,0,"17,011.62"
20-Aug-20,Tax,55,0,"17,066.62"
20-Aug-20,ATM,0,"1,896.29","15,170.33"
20-Aug-20,Transfer,0,"3,034.07","12,136.26"
20-Aug-20,ATM,26.6,0,"12,162.86"
20-Aug-20,ATM,0,"6,081.43","6,081.43"
20-Aug-20,NEFT,"1,986,737.80",0,"1,992,819.23"
20-Aug-20,Reversal,0,"664,273.08","1,328,546.15"
20-Aug-20,Cash,3.81,0,"1,328,549.96"
20-Aug-20,RTGS,"1,474.00",0,"1,330,023.96"
20-Aug-20,Interest,0,"147,780.44","1,182,243.52"
20-Aug-20,Bill,0,"168,891.93","1,013,351.59"
20-Aug-20,Transfer,191,0,"1,013,542.59"
20-Aug-20,Interest,"22,709.69",0,"1,036,252.28"
20-Aug-20,ATM,44,0,"1,036,296.28"
20-Aug-20,Interest,54.05,0,"1,036,350.33"
20-Aug-20,IMPS,178,0,"1,036,528.33"
20-Aug-20,ATM,0,"518,264.17","518,264.16"
20-Aug-20,Miscellaneous,0,"103,652.83","414,611.33"
20-Aug-20,Cash,16,0,"414,627.33"
20-Aug-20,Transfer,0,"46,069.70","368,557.63"
20-Aug-20,Debit Card,0,"184,278.82","184,278.82"
20-Aug-20,NEFT,0,"30,713.14","153,565.68"
21-Aug-20,Cash,"14,418.10",0,"167,983.78"
21-Aug-20,RTGS,0,"33,596.76","134,387.02"
21-Aug-20,Purchase,0,"44,795.67","89,591.35"
21-Aug-20,Debit Card,492.86,0,"90,084.21"
21-Aug-20,ATM,0,"90,084.21",0
21-Aug-20,RTGS,8,0,8
21-Aug-20,Bill,"7,099.00",0,"7,107.00"
21-Aug-20,Purchase,2.6,0,"7,109.60"
21-Aug-20,NEFT,772.4,0,"7,882.00"
21-Aug-20,Bill,"1,335,369.25",0,"1,343,251.25"
21-Aug-20,NEFT,"31,237.00",0,"1,374,488.25"
21-Aug-20,Transfer,0,"137,448.83","1,237,039.42"
21-Aug-20,IMPS,0,"412,346.47","824,692.95"
21-Aug-20,Commission,0,"412,346.48","412,346.48"
21-Aug-20,Bill,0,"51,543.31","360,803.17"
22-Aug-20,NEFT,0,"90,200.79","270,602.38"
22-Aug-20,NEFT,6.6,0,"270,608.98"
22-Aug-20,Reversal,0,"45,101.50","225,507.48"
22-Aug-20,RTGS,"217,183.10",0,"442,690.58"
22-Aug-20,RTGS,0,"221,345.29","221,345.29"
22-Aug-20,Debit Card,"17,021.00",0,"238,366.29"
22-Aug-20,Commission,"128,690.25",0,"367,056.54"
22-Aug-20,Reversal,"3,749.10",0,"370,805.64"
22-Aug-20,Miscellaneous,"2,585.20",0,"373,390.84"
22-Aug-20,NEFT,"1,339.00",0,"374,729.84"
22-Aug-20,Purchase,0,"93,682.46","281,047.38"
22-Aug-20,Bill,335.7,0,"281,383.08"
22-Aug-20,Bill,0,"35,172.89","246,210.20"
22-Aug-20,NEFT,0,"24,621.02","221,589.18"
22-Aug-20,NEFT,0,"36,931.53","184,657.65"
22-Aug-20,RTGS,0,"92,328.83","92,328.82"
22-Aug-20,IMPS,"39,082.70",0,"131,411.52"
22-Aug-20,Interest,16.48,0,"131,428.00"
22-Aug-20,ATM,0,"18,775.43","112,652.57"
22-Aug-20,Debit Card,"1,001,957.00",0,"1,114,609.57"
22-Aug-20,Commission,0,"1,114,609.57",0
22-Aug-20,Interest,"229,611.00",0,"229,611.00"
22-Aug-20,Purchase,"21,743.97",0,"251,354.97"
22-Aug-20,Purchase,0,"125,677.49","125,677.48"
22-Aug-20,Purchase,272,0,"125,949.48"
22-Aug-20,Debit Card,306,0,"126,255.48"
22-Aug-20,Tax,0,"42,085.16","84,170.32"
22-Aug-20,Cheque,"2,408.00",0,"86,578.32"
22-Aug-20,Interest,36.68,0,"86,615.00"
22-Aug-20,Purchase,59.51,0,"86,674.51"
22-Aug-20,Transfer,58.49,0,"86,733.00"
22-Aug-20,Bill,"24,976.60",0,"111,709.60"
22-Aug-20,Tax,27,0,"111,736.60"
22-Aug-20,NEFT,0,"18,622.77","93,113.83"
22-Aug-20,Transfer,6,0,"93,119.83"
22-Aug-20,RTGS,4,0,"93,123.83"
22-Aug-20,NEFT,0,"46,561.92","46,561.92"
22-Aug-20,ATM,"3,925.00",0,"50,486.92"
22-Aug-20,IMPS,7.2,0,"50,494.12"
22-Aug-20,IMPS,0,"16,831.37","33,662.75"
22-Aug-20,IMPS,"74,284.97",0,"107,947.72"
22-Aug-20,ATM,0,"15,421.10","92,526.62"
22-Aug-20,Bill,0,"18,505.32","74,021.30"
22-Aug-20,Bill,6,0,"74,027.30"
22-Aug-20,Purchase,0,"7,402.73","66,624.57"
22-Aug-20,Cash,0,"66,624.57",0
22-Aug-20,Purchase,"16,267.00",0,"16,267.00"
22-Aug-20,Commission,0,"1,626.70","14,640.30"
22-Aug-20,NEFT,0,"1,626.70","13,013.60"
22-Aug-20,ATM,"2,599.60",0,"15,613.20"
22-Aug-20,Miscellaneous,"3,420.20",0,"19,033.40"
22-Aug-20,Debit Card,0,"4,758.35","14,275.05"
22-Aug-20,Reversal,0,"4,758.35","9,516.70"
22-Aug-20,Cheque,0,"1,359.53","8,157.17"
22-Aug-20,Commission,0,906.35,"7,250.82"
22-Aug-20,Debit Card,0,"1,450.16","5,800.66"
22-Aug-20,Purchase,0,580.07,"5,220.59"
22-Aug-20,Interest,0,"1,044.12","4,176.47"
22-Aug-20,Miscellaneous,0,"4,176.47",0
22-Aug-20,Miscellaneous,"16,915.80",0,"16,915.80"
22-Aug-20,Cheque,0,"2,819.30","14,096.50"
22-Aug-20,IMPS,0,"7,048.25","7,048.25"
23-Aug-20,Purchase,"1,432.00",0,"8,480.25"
23-Aug-20,Miscellaneous,0,848.03,"7,632.22"
23-Aug-20,IMPS,"1,807,354.00",0,"1,814,986.22"
23-Aug-20,Interest,0,"604,995.41","1,209,990.81"
23-Aug-20,Bill,0,"120,999.08","1,088,991.73"
23-Aug-20,Debit Card,1.7,0,"1,088,993.43"
23-Aug-20,Reversal,0,"155,570.49","933,422.94"
23-Aug-20,Bill,0,"133,346.13","800,076.81"
23-Aug-20,Cash,0,"114,296.69","685,780.12"
23-Aug-20,Commission,0,"171,445.03","514,335.09"
23-Aug-20,ATM,28,0,"514,363.09"
23-Aug-20,ATM,0,"73,480.44","440,882.65"
23-Aug-20,NEFT,"72,005.25",0,"512,887.90"
23-Aug-20,Transfer,1.6,0,"512,889.50"
23-Aug-20,RTGS,0,"56,987.72","455,901.78"
23-Aug-20,Purchase,80.79,0,"455,982.57"
23-Aug-20,RTGS,0,"75,997.10","379,985.48"
23-Aug-20,Reversal,"5,277.66",0,"385,263.14"
23-Aug-20,Reversal,0,"128,421.05","256,842.09"
23-Aug-20,Cash,0,"64,210.52","192,631.57"
23-Aug-20,RTGS,0,"27,518.80","165,112.77"
23-Aug-20,ATM,271,0,"165,383.77"
23-Aug-20,ATM,0,"55,127.92","110,255.85"
23-Aug-20,Cheque,0,"11,025.59","99,230.26"
23-Aug-20,Reversal,"10,196.72",0,"109,426.98"
23-Aug-20,ATM,0,"109,426.98",0
23-Aug-20,Cash,"1,078.50",0,"1,078.50"
23-Aug-20,Reversal,0,359.5,719
23-Aug-20,Debit Card,0,102.71,616.29
23-Aug-20,Bill,"16,011.00",0,"16,627.29"
23-Aug-20,Commission,0,"3,325.46","13,301.83"
23-Aug-20,Cash,0,"1,477.98","11,823.85"
23-Aug-20,Cheque,0,"3,941.28","7,882.57"
23-Aug-20,Cash,"3,960.92",0,"11,843.49"
23-Aug-20,Transfer,0,"2,368.70","9,474.79"
23-Aug-20,Cash,0,"1,353.54","8,121.25"
23-Aug-20,NEFT,0,812.13,"7,309.12"
23-Aug-20,NEFT,0,"1,044.16","6,264.96"
23-Aug-20,Cheque,0,"1,252.99","5,011.97"
23-Aug-20,Miscellaneous,0,"1,002.39","4,009.58"
23-Aug-20,Interest,1,0,"4,010.58"
23-Aug-20,Debit Card,"8,729.50",0,"12,740.08"
23-Aug-20,ATM,0,"6,370.04","6,370.04"
23-Aug-20,Cheque,0,"6,370.04",0
23-Aug-20,NEFT,54.77,0,54.77
23-Aug-20,Bill,0,6.85,47.92
23-Aug-20,ATM,0,23.96,23.96
23-Aug-20,NEFT,"252,961.10",0,"252,985.06"
23-Aug-20,Reversal,0,"50,597.01","202,388.05"
23-Aug-20,Cash,"2,795.10",0,"205,183.15"
23-Aug-20,Commission,0,"102,591.58","102,591.58"
23-Aug-20,Debit Card,0,"102,591.58",0
23-Aug-20,Bill,"29,662.05",0,"29,662.05"
23-Aug-20,Debit Card,0,"3,295.78","26,366.27"
23-Aug-20,Purchase,55,0,"26,421.27"
23-Aug-20,RTGS,"206,667.80",0,"233,089.07"
23-Aug-20,Bill,"1,658,310.00",0,"1,891,399.07"
23-Aug-20,RTGS,"2,385.10",0,"1,893,784.17"
23-Aug-20,Commission,0,"631,261.39","1,262,522.78"
23-Aug-20,Debit Card,6.4,0,"1,262,529.18"
23-Aug-20,Debit Card,0,"140,281.02","1,122,248.16"
23-Aug-20,Commission,0,"374,082.72","748,165.44"
23-Aug-20,Tax,0,"249,388.48","498,776.96"
23-Aug-20,Purchase,4,0,"498,780.96"
23-Aug-20,RTGS,176.89,0,"498,957.85"
23-Aug-20,Interest,0,"71,279.69","427,678.16"
23-Aug-20,Cash,0,"47,519.80","380,158.36"
23-Aug-20,Miscellaneous,0,"76,031.67","304,126.69"
23-Aug-20,Miscellaneous,0,"43,446.67","260,680.02"
24-Aug-20,Tax,"1,086,041.00",0,"1,346,721.02"
24-Aug-20,Bill,497.06,0,"1,347,218.08"
24-Aug-20,Transfer,0,"134,721.81","1,212,496.27"
24-Aug-20,Cheque,0,"151,562.03","1,060,934.24"
24-Aug-20,Transfer,"1,846.56",0,"1,062,780.80"
24-Aug-20,Debit Card,"631,472.00",0,"1,694,252.80"
24-Aug-20,Purchase,"15,629.00",0,"1,709,881.80"
24-Aug-20,IMPS,"174,734.70",0,"1,884,616.50"
24-Aug-20,Cheque,26.9,0,"1,884,643.40"
24-Aug-20,Cash,274.7,0,"1,884,918.10"
24-Aug-20,Purchase,15.2,0,"1,884,933.30"
24-Aug-20,RTGS,0,"188,493.33","1,696,439.97"
24-Aug-20,ATM,0,"565,479.99","1,130,959.98"
24-Aug-20,Reversal,"74,038.72",0,"1,204,998.70"
24-Aug-20,ATM,0,"172,142.67","1,032,856.03"
24-Aug-20,Miscellaneous,"86,627.00",0,"1,119,483.03"
24-Aug-20,Tax,0,"1,119,483.03",0
25-Aug-20,RTGS,"3,364.10",0,"3,364.10"
25-Aug-20,Transfer,0,420.51,"2,943.59"
26-Aug-20,Interest,"10,699.78",0,"13,643.37"
26-Aug-20,Tax,0,"1,705.42","11,937.95"
26-Aug-20,RTGS,0,"1,492.24","10,445.71"
26-Aug-20,RTGS,0,"1,160.63","9,285.08"
26-Aug-20,Purchase,0,"1,857.02","7,428.06"
26-Aug-20,NEFT,0,"1,238.01","6,190.05"
26-Aug-20,RTGS,0,"1,031.68","5,158.38"
26-Aug-20,Purchase,"1,098.20",0,"6,256.58"
26-Aug-20,Cash,0,"1,251.32","5,005.26"
26-Aug-20,Interest,46.2,0,"5,051.46"
26-Aug-20,NEFT,"3,871.60",0,"8,923.06"
26-Aug-20,Debit Card,0,"1,784.61","7,138.45"
26-Aug-20,ATM,0,713.85,"6,424.60"
27-Aug-20,Transfer,329.6,0,"6,754.20"
27-Aug-20,NEFT,0,"1,125.70","5,628.50"
27-Aug-20,Tax,"32,651.54",0,"38,280.04"
27-Aug-20,ATM,44,0,"38,324.04"
27-Aug-20,ATM,1.24,0,"38,325.28"
27-Aug-20,Commission,0,"12,775.09","25,550.19"
27-Aug-20,IMPS,0,"2,838.91","22,711.28"
27-Aug-20,NEFT,887.03,0,"23,598.31"
27-Aug-20,ATM,"70,759.00",0,"94,357.31"
27-Aug-20,Miscellaneous,0,"10,484.15","83,873.16"
27-Aug-20,Miscellaneous,6,0,"83,879.16"
27-Aug-20,Miscellaneous,0,"10,484.90","73,394.26"
27-Aug-20,Cheque,"134,526.00",0,"207,920.26"
27-Aug-20,Interest,232,0,"208,152.26"
27-Aug-20,NEFT,0,"26,019.03","182,133.23"
27-Aug-20,IMPS,0,"26,019.03","156,114.20"
27-Aug-20,RTGS,0,"19,514.28","136,599.93"
27-Aug-20,Miscellaneous,0,"15,177.77","121,422.16"
27-Aug-20,Cash,37.1,0,"121,459.26"
27-Aug-20,Transfer,51.9,0,"121,511.16"
27-Aug-20,Purchase,"977,896.00",0,"1,099,407.16"
27-Aug-20,ATM,"112,202.47",0,"1,211,609.63"
27-Aug-20,RTGS,"5,812.60",0,"1,217,422.23"
27-Aug-20,ATM,0,"608,711.12","608,711.12"
27-Aug-20,Interest,87,0,"608,798.12"
27-Aug-20,Miscellaneous,"281,350.80",0,"890,148.92"
27-Aug-20,Debit Card,0,"445,074.46","445,074.46"
27-Aug-20,Tax,"363,356.00",0,"808,430.46"
27-Aug-20,Cheque,0,"80,843.05","727,587.41"
27-Aug-20,Cash,0,"181,896.85","545,690.56"
27-Aug-20,Commission,"95,879.90",0,"641,570.46"
27-Aug-20,Miscellaneous,"18,525.99",0,"660,096.45"
27-Aug-20,Transfer,"3,077.00",0,"663,173.45"
28-Aug-20,Tax,227.4,0,"663,400.85"
28-Aug-20,Purchase,0,"165,850.21","497,550.64"
28-Aug-20,Interest,0,"82,925.11","414,625.53"
28-Aug-20,Cash,0.6,0,"414,626.13"
28-Aug-20,Reversal,0,"46,069.57","368,556.56"
28-Aug-20,NEFT,0,"46,069.57","322,486.99"
28-Aug-20,Reversal,0,"107,495.66","214,991.33"
28-Aug-20,Interest,0,"53,747.83","161,243.50"
28-Aug-20,RTGS,0,"17,915.94","143,327.56"
29-Aug-20,IMPS,0,"71,663.78","71,663.78"
29-Aug-20,Debit Card,44,0,"71,707.78"
29-Aug-20,Bill,0,"17,926.95","53,780.84"
29-Aug-20,NEFT,193.74,0,"53,974.58"
29-Aug-20,Debit Card,"42,941.40",0,"96,915.98"
29-Aug-20,Purchase,"1,491,531.00",0,"1,588,446.98"
29-Aug-20,Cash,"3,716.50",0,"1,592,163.48"
29-Aug-20,Bill,0,"176,907.05","1,415,256.43"
29-Aug-20,RTGS,0,"1,415,256.43",0
29-Aug-20,Debit Card,"223,474.00",0,"223,474.00"
29-Aug-20,Commission,"10,931.00",0,"234,405.00"
29-Aug-20,Interest,0,"234,405.00",0
29-Aug-20,Transfer,31,0,31
29-Aug-20,Commission,0,4.43,26.57
29-Aug-20,Transfer,"1,714,731.00",0,"1,714,757.57"
29-Aug-20,Interest,"3,091.56",0,"1,717,849.13"
29-Aug-20,Transfer,"20,652.90",0,"1,738,502.03"
29-Aug-20,Transfer,"1,635.00",0,"1,740,137.03"
29-Aug-20,Purchase,0,"1,740,137.03",0
29-Aug-20,Purchase,503.59,0,503.59
29-Aug-20,Bill,0,50.36,453.23
29-Aug-20,Commission,0,151.08,302.15
29-Aug-20,Purchase,0,50.36,251.79
29-Aug-20,Interest,0,41.97,209.82
29-Aug-20,RTGS,0,29.97,179.85
29-Aug-20,Bill,0,17.99,161.86
30-Aug-20,RTGS,0,26.98,134.88
30-Aug-20,Cheque,0,19.27,115.61
30-Aug-20,Cheque,0,57.81,57.8
30-Aug-20,Interest,4.3,0,62.1
30-Aug-20,Cash,9,0,71.1
30-Aug-20,Commission,"82,053.30",0,"82,124.40"
30-Aug-20,RTGS,"92,237.06",0,"174,361.46"
30-Aug-20,Commission,"877,120.00",0,"1,051,481.46"
30-Aug-20,Tax,202,0,"1,051,683.46"
30-Aug-20,ATM,"3,312.00",0,"1,054,995.46"
30-Aug-20,Bill,0,"150,713.64","904,281.82"
30-Aug-20,NEFT,0,"452,140.91","452,140.91"
30-Aug-20,ATM,0,"226,070.46","226,070.46"
30-Aug-20,ATM,164,0,"226,234.46"
30-Aug-20,Reversal,"258,167.80",0,"484,402.26"
30-Aug-20,Reversal,0,"48,440.23","435,962.03"
30-Aug-20,NEFT,618.8,0,"436,580.83"
30-Aug-20,Reversal,21,0,"436,601.83"
30-Aug-20,Interest,275.74,0,"436,877.57"
30-Aug-20,ATM,"3,574.50",0,"440,452.07"
31-Aug-20,Commission,17,0,"440,469.07"
31-Aug-20,Interest,0,"220,234.54","220,234.54"
1-Sep-20,Transfer,"6,222.32",0,"226,456.86"
1-Sep-20,ATM,53.3,0,"226,510.16"
1-Sep-20,Reversal,0,"28,313.77","198,196.39"
1-Sep-20,Cash,"938,633.75",0,"1,136,830.14"
1-Sep-20,IMPS,1.4,0,"1,136,831.54"
2-Sep-20,Purchase,"2,719.00",0,"1,139,550.54"
2-Sep-20,NEFT,"238,647.10",0,"1,378,197.64"
2-Sep-20,Debit Card,0,"196,885.38","1,181,312.26"
2-Sep-20,Debit Card,0,"131,256.92","1,050,055.34"
2-Sep-20,RTGS,"1,702,770.20",0,"2,752,825.54"
2-Sep-20,Cheque,0,"550,565.11","2,202,260.43"
2-Sep-20,ATM,"1,261,327.80",0,"3,463,588.23"
2-Sep-20,RTGS,"1,216,645.50",0,"4,680,233.73"
2-Sep-20,Interest,0,"520,025.97","4,160,207.76"
2-Sep-20,Transfer,0,"462,245.31","3,697,962.45"
2-Sep-20,Bill,0,"410,884.72","3,287,077.73"
2-Sep-20,Transfer,7.9,0,"3,287,085.63"
2-Sep-20,Tax,377.55,0,"3,287,463.18"
2-Sep-20,Miscellaneous,245.53,0,"3,287,708.71"
2-Sep-20,ATM,0,"657,541.74","2,630,166.97"
2-Sep-20,NEFT,0,"263,016.70","2,367,150.27"
2-Sep-20,NEFT,51.1,0,"2,367,201.37"
3-Sep-20,Bill,0,"789,067.12","1,578,134.25"
3-Sep-20,Purchase,0,"789,067.13","789,067.12"
3-Sep-20,RTGS,"1,384.35",0,"790,451.47"
4-Sep-20,Transfer,0,"98,806.43","691,645.04"
4-Sep-20,Interest,0,"98,806.43","592,838.61"
4-Sep-20,NEFT,0,"592,838.61",0
4-Sep-20,RTGS,0.72,0,0.72
4-Sep-20,Transfer,3.33,0,4.05
5-Sep-20,Reversal,0,1.35,2.7
5-Sep-20,Bill,0,1.35,1.35
5-Sep-20,Interest,0,0.23,1.12
5-Sep-20,Reversal,922,0,923.12
5-Sep-20,Commission,"1,858,278.00",0,"1,859,201.12"
5-Sep-20,Interest,277,0,"1,859,478.12"
5-Sep-20,Interest,0,"619,826.04","1,239,652.08"
5-Sep-20,Transfer,340.9,0,"1,239,992.98"
5-Sep-20,Transfer,"1,892.78",0,"1,241,885.76"
5-Sep-20,Bill,0,"248,377.15","993,508.61"
5-Sep-20,NEFT,0,"198,701.72","794,806.89"
5-Sep-20,Cheque,0,"88,311.88","706,495.01"
5-Sep-20,Transfer,"9,815.44",0,"716,310.45"
5-Sep-20,Cheque,"723,495.75",0,"1,439,806.20"
5-Sep-20,ATM,0,"143,980.62","1,295,825.58"
6-Sep-20,Bill,6.5,0,"1,295,832.08"
6-Sep-20,NEFT,347,0,"1,296,179.08"
6-Sep-20,Tax,"12,657.40",0,"1,308,836.48"
6-Sep-20,Interest,"220,259.06",0,"1,529,095.54"
6-Sep-20,RTGS,0,"382,273.89","1,146,821.66"
6-Sep-20,NEFT,167.5,0,"1,146,989.16"
6-Sep-20,Cheque,0,"573,494.58","573,494.58"
6-Sep-20,Cheque,0,"71,686.82","501,807.76"
6-Sep-20,IMPS,"750,867.20",0,"1,252,674.96"
6-Sep-20,NEFT,59.8,0,"1,252,734.76"
6-Sep-20,IMPS,"4,778.51",0,"1,257,513.27"
6-Sep-20,Miscellaneous,0,"1,257,513.27",0
6-Sep-20,NEFT,"25,899.00",0,"25,899.00"
6-Sep-20,Commission,0,"3,699.86","22,199.14"
6-Sep-20,Interest,0,0,"22,199.14"
6-Sep-20,Miscellaneous,0,"2,466.57","19,732.57"
6-Sep-20,Cheque,0,"19,732.57",0
6-Sep-20,Transfer,4.21,0,4.21
6-Sep-20,Cheque,0,1.05,3.16
6-Sep-20,Debit Card,0,0.53,2.63
6-Sep-20,Miscellaneous,0,0.66,1.97
6-Sep-20,Debit Card,0,0.99,0.98
6-Sep-20,IMPS,0,0.98,0
6-Sep-20,Bill,213.6,0,213.6
6-Sep-20,Reversal,"2,033,119.20",0,"2,033,332.80"
6-Sep-20,Cash,"260,909.12",0,"2,294,241.92"
6-Sep-20,Reversal,0,"286,780.24","2,007,461.68"
6-Sep-20,Interest,0,"401,492.34","1,605,969.34"
6-Sep-20,ATM,"23,090.54",0,"1,629,059.88"
6-Sep-20,Transfer,778.81,0,"1,629,838.69"
6-Sep-20,IMPS,0,"232,834.10","1,397,004.59"
7-Sep-20,Cheque,442.45,0,"1,397,447.04"
7-Sep-20,Transfer,"1,251.00",0,"1,398,698.04"
7-Sep-20,Reversal,8.7,0,"1,398,706.74"
7-Sep-20,Commission,0,"233,117.79","1,165,588.95"
7-Sep-20,Cash,0,"166,512.71","999,076.24"
7-Sep-20,Miscellaneous,"32,705.00",0,"1,031,781.24"
7-Sep-20,IMPS,0,"147,397.32","884,383.92"
7-Sep-20,Purchase,0,"126,340.56","758,043.36"
7-Sep-20,Bill,7.7,0,"758,051.06"
7-Sep-20,ATM,"2,432.00",0,"760,483.06"
7-Sep-20,Cheque,"4,052.17",0,"764,535.23"
7-Sep-20,IMPS,0,"76,453.52","688,081.71"
7-Sep-20,Transfer,39.5,0,"688,121.21"
7-Sep-20,Cash,"1,513,966.00",0,"2,202,087.21"
7-Sep-20,IMPS,412,0,"2,202,499.21"
7-Sep-20,Transfer,0,"244,722.13","1,957,777.08"
7-Sep-20,Reversal,5,0,"1,957,782.08"
7-Sep-20,Cheque,0,"326,297.01","1,631,485.07"
7-Sep-20,Reversal,"1,782,155.00",0,"3,413,640.07"
7-Sep-20,Transfer,"156,911.84",0,"3,570,551.91"
7-Sep-20,Commission,0,"357,055.19","3,213,496.72"
7-Sep-20,Cheque,0,"357,055.19","2,856,441.53"
7-Sep-20,Bill,0,"952,147.18","1,904,294.35"
7-Sep-20,Reversal,"2,534.91",0,"1,906,829.26"
7-Sep-20,Purchase,"69,855.00",0,"1,976,684.26"
7-Sep-20,Reversal,166.34,0,"1,976,850.60"
7-Sep-20,NEFT,"8,517.02",0,"1,985,367.62"
7-Sep-20,Interest,2,0,"1,985,369.62"
7-Sep-20,ATM,3,0,"1,985,372.62"
7-Sep-20,Purchase,125.08,0,"1,985,497.70"
7-Sep-20,Interest,"10,590.00",0,"1,996,087.70"
7-Sep-20,Interest,"596,055.80",0,"2,592,143.50"
7-Sep-20,Interest,"396,941.50",0,"2,989,085.00"
7-Sep-20,Commission,21,0,"2,989,106.00"
7-Sep-20,Tax,"3,310.90",0,"2,992,416.90"
7-Sep-20,Tax,0.8,0,"2,992,417.70"
7-Sep-20,Commission,98.24,0,"2,992,515.94"
7-Sep-20,Reversal,5.5,0,"2,992,521.44"
7-Sep-20,Reversal,"10,164.00",0,"3,002,685.44"
7-Sep-20,Cash,0,"500,447.57","2,502,237.87"
7-Sep-20,Interest,"382,115.50",0,"2,884,353.37"
7-Sep-20,Purchase,0,"961,451.12","1,922,902.25"
7-Sep-20,Interest,0,"961,451.13","961,451.12"
8-Sep-20,NEFT,"1,499.00",0,"962,950.12"
8-Sep-20,Purchase,325,0,"963,275.12"
8-Sep-20,ATM,"766,598.20",0,"1,729,873.32"
8-Sep-20,Cheque,"241,951.00",0,"1,971,824.32"
8-Sep-20,Commission,29,0,"1,971,853.32"
8-Sep-20,Transfer,"59,175.20",0,"2,031,028.52"
8-Sep-20,Reversal,0,"253,878.57","1,777,149.96"
8-Sep-20,NEFT,0,"177,715.00","1,599,434.96"
8-Sep-20,Cheque,0,"228,490.71","1,370,944.25"
8-Sep-20,Bill,0,"342,736.06","1,028,208.19"
8-Sep-20,Miscellaneous,"1,360,620.25",0,"2,388,828.44"
8-Sep-20,Miscellaneous,1,0,"2,388,829.44"
8-Sep-20,ATM,"26,845.22",0,"2,415,674.66"
8-Sep-20,RTGS,281.8,0,"2,415,956.46"
8-Sep-20,Commission,0,"483,191.29","1,932,765.17"
8-Sep-20,IMPS,24.55,0,"1,932,789.72"
8-Sep-20,Miscellaneous,6.2,0,"1,932,795.92"
8-Sep-20,Cash,1,0,"1,932,796.92"
8-Sep-20,Miscellaneous,0,"966,398.46","966,398.46"
8-Sep-20,Debit Card,0,"96,639.85","869,758.61"
8-Sep-20,Debit Card,"4,014.00",0,"873,772.61"
8-Sep-20,Cheque,41,0,"873,813.61"
8-Sep-20,Interest,0,"109,226.70","764,586.91"
8-Sep-20,Cash,0.5,0,"764,587.41"
9-Sep-20,Debit Card,"3,398.00",0,"767,985.41"
9-Sep-20,Bill,98,0,"768,083.41"
9-Sep-20,Miscellaneous,0,"85,342.60","682,740.81"
9-Sep-20,Tax,0,"68,274.08","614,466.73"
9-Sep-20,IMPS,0,"76,808.34","537,658.39"
9-Sep-20,Debit Card,"7,032.00",0,"544,690.39"
9-Sep-20,ATM,"200,667.00",0,"745,357.39"
9-Sep-20,Transfer,0,"372,678.70","372,678.70"
9-Sep-20,Miscellaneous,0,"186,339.35","186,339.35"
9-Sep-20,Debit Card,"1,688,438.50",0,"1,874,777.85"
9-Sep-20,IMPS,0,"234,347.23","1,640,430.62"
9-Sep-20,Interest,"194,362.00",0,"1,834,792.62"
9-Sep-20,Reversal,0,"366,958.52","1,467,834.10"
9-Sep-20,ATM,2,0,"1,467,836.10"
9-Sep-20,Cheque,119.6,0,"1,467,955.70"
9-Sep-20,Miscellaneous,0,"209,707.96","1,258,247.74"
9-Sep-20,Transfer,121.48,0,"1,258,369.22"
10-Sep-20,ATM,0,"179,767.03","1,078,602.19"
10-Sep-20,RTGS,191,0,"1,078,793.19"
11-Sep-20,Reversal,0,"359,597.73","719,195.46"
11-Sep-20,Transfer,"452,610.00",0,"1,171,805.46"
12-Sep-20,Cheque,"4,916.90",0,"1,176,722.36"
12-Sep-20,Cash,0,"588,361.18","588,361.18"
12-Sep-20,Cash,0,"58,836.12","529,525.06"
12-Sep-20,NEFT,"260,382.60",0,"789,907.66"
12-Sep-20,Debit Card,221,0,"790,128.66"
12-Sep-20,Transfer,"545,386.20",0,"1,335,514.86"
12-Sep-20,Interest,0,"190,787.84","1,144,727.02"
12-Sep-20,Debit Card,0,"228,945.40","915,781.62"
12-Sep-20,Interest,0,"91,578.16","824,203.46"
12-Sep-20,RTGS,0,"274,734.49","549,468.97"
12-Sep-20,Interest,781,0,"550,249.97"
12-Sep-20,Commission,"1,910.00",0,"552,159.97"
12-Sep-20,Tax,0,"110,431.99","441,727.98"
12-Sep-20,Transfer,3,0,"441,730.98"
12-Sep-20,Cash,22,0,"441,752.98"
12-Sep-20,ATM,0,"44,175.30","397,577.68"
12-Sep-20,Purchase,413,0,"397,990.68"
12-Sep-20,Reversal,0,"44,221.19","353,769.49"
12-Sep-20,Purchase,406.2,0,"354,175.69"
12-Sep-20,Transfer,"2,056,960.75",0,"2,411,136.44"
12-Sep-20,Tax,0,"267,904.05","2,143,232.39"
12-Sep-20,Bill,45.7,0,"2,143,278.09"
12-Sep-20,Cheque,41.33,0,"2,143,319.42"
12-Sep-20,Cheque,0,"306,188.49","1,837,130.93"
12-Sep-20,Cheque,0,"306,188.49","1,530,942.44"
12-Sep-20,Purchase,7,0,"1,530,949.44"
12-Sep-20,Tax,299.7,0,"1,531,249.14"
12-Sep-20,Bill,7.09,0,"1,531,256.23"
12-Sep-20,IMPS,"14,902.60",0,"1,546,158.83"
13-Sep-20,NEFT,0,"171,795.43","1,374,363.40"
13-Sep-20,ATM,4.5,0,"1,374,367.90"
13-Sep-20,Transfer,"2,904.55",0,"1,377,272.45"
13-Sep-20,Transfer,"884,479.50",0,"2,261,751.95"
13-Sep-20,IMPS,0,"753,917.32","1,507,834.63"
13-Sep-20,ATM,0,"150,783.46","1,357,051.17"
13-Sep-20,IMPS,5.44,0,"1,357,056.61"
13-Sep-20,Debit Card,0,"135,705.66","1,221,350.95"
13-Sep-20,Tax,0,"407,116.98","814,233.97"
13-Sep-20,RTGS,88.38,0,"814,322.35"
13-Sep-20,Bill,0,"135,720.39","678,601.96"
13-Sep-20,Purchase,0,"75,400.22","603,201.74"
13-Sep-20,Commission,0,"301,600.87","301,600.87"
13-Sep-20,Purchase,336.81,0,"301,937.68"
13-Sep-20,RTGS,"1,602,771.00",0,"1,904,708.68"
14-Sep-20,Bill,37.63,0,"1,904,746.31"
14-Sep-20,Interest,0,"211,638.48","1,693,107.83"
14-Sep-20,Miscellaneous,"534,922.00",0,"2,228,029.83"
14-Sep-20,Bill,"2,008,229.80",0,"4,236,259.63"
14-Sep-20,Commission,"2,900.00",0,"4,239,159.63"
15-Sep-20,Cash,0,"1,059,789.91","3,179,369.72"
15-Sep-20,ATM,0,"397,421.22","2,781,948.51"
15-Sep-20,IMPS,0,"397,421.22","2,384,527.29"
15-Sep-20,Commission,0,"340,646.76","2,043,880.53"
15-Sep-20,Commission,0,"204,388.05","1,839,492.48"
15-Sep-20,Reversal,245,0,"1,839,737.48"
15-Sep-20,Transfer,0,"204,415.28","1,635,322.20"
15-Sep-20,Cash,"1,751,873.50",0,"3,387,195.70"
15-Sep-20,Miscellaneous,0,"846,798.93","2,540,396.78"
15-Sep-20,Debit Card,0,"423,399.46","2,116,997.32"
15-Sep-20,Bill,0,"2,116,997.32",0
15-Sep-20,Reversal,"2,662.99",0,"2,662.99"
15-Sep-20,Debit Card,0,380.43,"2,282.56"
15-Sep-20,Bill,"199,807.00",0,"202,089.56"
15-Sep-20,Cheque,170,0,"202,259.56"
15-Sep-20,ATM,"16,689.37",0,"218,948.93"
15-Sep-20,Purchase,16.91,0,"218,965.84"
15-Sep-20,RTGS,0,"31,280.83","187,685.01"
15-Sep-20,Cheque,"2,422.57",0,"190,107.58"
15-Sep-20,Debit Card,0,"31,684.60","158,422.98"
15-Sep-20,Purchase,0,"17,602.55","140,820.43"
15-Sep-20,Transfer,"8,939.69",0,"149,760.12"
15-Sep-20,NEFT,"254,614.97",0,"404,375.09"
15-Sep-20,Debit Card,0,"134,791.70","269,583.39"
15-Sep-20,RTGS,0,"67,395.85","202,187.54"
15-Sep-20,Cash,0,"25,273.44","176,914.10"
15-Sep-20,Miscellaneous,0,"35,382.82","141,531.28"
15-Sep-20,IMPS,0,"28,306.26","113,225.02"
15-Sep-20,Miscellaneous,18.93,0,"113,243.95"
15-Sep-20,Transfer,27,0,"113,270.95"
15-Sep-20,Cash,218.61,0,"113,489.56"
15-Sep-20,Bill,5,0,"113,494.56"
15-Sep-20,Cash,0,"56,747.28","56,747.28"
15-Sep-20,Interest,0,"6,305.25","50,442.03"
15-Sep-20,Bill,"2,076,465.00",0,"2,126,907.03"
15-Sep-20,IMPS,"3,019.20",0,"2,129,926.23"
15-Sep-20,Purchase,74,0,"2,130,000.23"
15-Sep-20,Commission,57,0,"2,130,057.23"
15-Sep-20,Purchase,"1,360,195.80",0,"3,490,253.03"
15-Sep-20,Transfer,0,"387,805.89","3,102,447.14"
15-Sep-20,Cheque,"13,799.14",0,"3,116,246.28"
15-Sep-20,ATM,"794,307.00",0,"3,910,553.28"
15-Sep-20,Interest,0,"488,819.16","3,421,734.12"
15-Sep-20,Cash,479.4,0,"3,422,213.52"
15-Sep-20,Commission,0,"427,776.69","2,994,436.83"
15-Sep-20,Miscellaneous,0,"499,072.81","2,495,364.02"
15-Sep-20,Commission,0,"277,262.67","2,218,101.35"
15-Sep-20,NEFT,0,"2,218,101.35",0
15-Sep-20,Bill,1.03,0,1.03
15-Sep-20,Reversal,"1,687,673.00",0,"1,687,674.03"
15-Sep-20,Debit Card,0,"337,534.81","1,350,139.22"
15-Sep-20,Reversal,0,"135,013.92","1,215,125.30"
15-Sep-20,Cash,0,"135,013.92","1,080,111.38"
15-Sep-20,Cheque,"22,879.00",0,"1,102,990.38"
15-Sep-20,Reversal,0,"220,598.08","882,392.30"
15-Sep-20,Cash,0,"126,056.04","756,336.26"
15-Sep-20,NEFT,0,"126,056.04","630,280.22"
15-Sep-20,NEFT,0,"63,028.02","567,252.20"
15-Sep-20,Miscellaneous,0,"141,813.05","425,439.15"
15-Sep-20,RTGS,0,"47,271.02","378,168.13"
15-Sep-20,IMPS,0,"126,056.04","252,112.09"
15-Sep-20,NEFT,"161,255.20",0,"413,367.29"
15-Sep-20,IMPS,"39,643.00",0,"453,010.29"
15-Sep-20,Tax,"1,801.68",0,"454,811.97"
15-Sep-20,Tax,0,"151,603.99","303,207.98"
15-Sep-20,Commission,6,0,"303,213.98"
15-Sep-20,Bill,329.1,0,"303,543.08"
15-Sep-20,Transfer,0,"303,543.08",0
15-Sep-20,Interest,"37,039.80",0,"37,039.80"
15-Sep-20,Tax,0,"37,039.80",0
15-Sep-20,IMPS,"243,467.50",0,"243,467.50"
15-Sep-20,Bill,"825,841.50",0,"1,069,309.00"
15-Sep-20,Tax,0,"118,812.11","950,496.89"
15-Sep-20,RTGS,"23,474.40",0,"973,971.29"
15-Sep-20,Interest,486,0,"974,457.29"
15-Sep-20,Commission,"132,780.50",0,"1,107,237.79"
15-Sep-20,Cheque,54,0,"1,107,291.79"
15-Sep-20,Reversal,421,0,"1,107,712.79"
15-Sep-20,Cheque,7.75,0,"1,107,720.54"
15-Sep-20,Transfer,47.2,0,"1,107,767.74"
15-Sep-20,IMPS,0,"184,627.96","923,139.78"
15-Sep-20,IMPS,1.66,0,"923,141.44"
15-Sep-20,ATM,43,0,"923,184.44"
15-Sep-20,Debit Card,6.6,0,"923,191.04"
15-Sep-20,Cheque,"9,881.00",0,"933,072.04"
15-Sep-20,RTGS,0,"466,536.02","466,536.02"
15-Sep-20,Cheque,"2,945.50",0,"469,481.52"
15-Sep-20,Transfer,0,"46,948.15","422,533.37"
15-Sep-20,Miscellaneous,0,"84,506.67","338,026.70"
15-Sep-20,Interest,0,"338,026.70",0
15-Sep-20,ATM,510.6,0,510.6
15-Sep-20,Commission,0,102.12,408.48
15-Sep-20,Tax,0,68.08,340.4
15-Sep-20,Purchase,288.88,0,629.28
15-Sep-20,Debit Card,0,69.92,559.36
15-Sep-20,Interest,"1,615,027.50",0,"1,615,586.86"
15-Sep-20,Cheque,0,"807,793.43","807,793.43"
15-Sep-20,NEFT,23,0,"807,816.43"
15-Sep-20,Cheque,201.71,0,"808,018.14"
15-Sep-20,Bill,"54,630.00",0,"862,648.14"
15-Sep-20,Cheque,"2,695.04",0,"865,343.18"
15-Sep-20,NEFT,38,0,"865,381.18"
15-Sep-20,ATM,205,0,"865,586.18"
15-Sep-20,Miscellaneous,0,"432,793.09","432,793.09"
15-Sep-20,Purchase,3.6,0,"432,796.69"
15-Sep-20,Commission,0,"108,199.17","324,597.52"
15-Sep-20,Cash,0,"64,919.50","259,678.02"
15-Sep-20,Interest,"1,638,148.50",0,"1,897,826.52"
15-Sep-20,Tax,313.7,0,"1,898,140.22"
15-Sep-20,Debit Card,0,"949,070.11","949,070.11"
15-Sep-20,Bill,0,"189,814.02","759,256.09"
15-Sep-20,ATM,"12,433.00",0,"771,689.09"
16-Sep-20,RTGS,"549,535.00",0,"1,321,224.09"
16-Sep-20,RTGS,0,"220,204.02","1,101,020.08"
16-Sep-20,ATM,1,0,"1,101,021.08"
16-Sep-20,Tax,0,"1,101,021.08",0
16-Sep-20,ATM,6.14,0,6.14
16-Sep-20,Miscellaneous,"2,148.70",0,"2,154.84"
16-Sep-20,Commission,0,359.14,"1,795.70"
16-Sep-20,Tax,0,199.52,"1,596.18"
16-Sep-20,Debit Card,"29,131.08",0,"30,727.26"
16-Sep-20,Bill,452.27,0,"31,179.53"
16-Sep-20,RTGS,36.29,0,"31,215.82"
16-Sep-20,Cheque,"254,534.06",0,"285,749.88"
16-Sep-20,Tax,509.2,0,"286,259.08"
16-Sep-20,Bill,0,"286,259.08",0
16-Sep-20,Purchase,23,0,23
16-Sep-20,Tax,0,4.6,18.4
16-Sep-20,Debit Card,"27,637.70",0,"27,656.10"
16-Sep-20,Commission,"550,677.00",0,"578,333.10"
16-Sep-20,Interest,0,"57,833.31","520,499.79"
16-Sep-20,Commission,"1,606.00",0,"522,105.79"
16-Sep-20,ATM,0,"104,421.16","417,684.63"
16-Sep-20,NEFT,"11,675.50",0,"429,360.13"
16-Sep-20,Reversal,0,"47,706.68","381,653.45"
16-Sep-20,Tax,"1,972,385.50",0,"2,354,038.95"
16-Sep-20,IMPS,"1,860,241.25",0,"4,214,280.20"
16-Sep-20,Miscellaneous,12.02,0,"4,214,292.22"
16-Sep-20,RTGS,0,"4,214,292.22",0
16-Sep-20,Cheque,53.75,0,53.75
16-Sep-20,IMPS,"218,786.50",0,"218,840.25"
16-Sep-20,Bill,0,"43,768.05","175,072.20"
17-Sep-20,Cheque,0,"87,536.10","87,536.10"
17-Sep-20,Purchase,0,"10,942.01","76,594.09"
17-Sep-20,Interest,16,0,"76,610.09"
17-Sep-20,Cheque,0,"9,576.26","67,033.83"
17-Sep-20,Interest,30.2,0,"67,064.03"
17-Sep-20,NEFT,0,"33,532.02","33,532.02"
17-Sep-20,Bill,0,"4,191.50","29,340.52"
17-Sep-20,ATM,0,"5,868.10","23,472.42"
17-Sep-20,Bill,0,"2,934.05","20,538.37"
17-Sep-20,NEFT,0,"10,269.19","10,269.18"
17-Sep-20,Interest,0,"1,711.53","8,557.65"
17-Sep-20,Bill,"29,382.90",0,"37,940.55"
17-Sep-20,Purchase,0,"7,588.11","30,352.44"
17-Sep-20,Cheque,0,"10,117.48","20,234.96"
17-Sep-20,Debit Card,0,"6,744.99","13,489.97"
18-Sep-20,Cheque,"1,573,826.00",0,"1,587,315.97"
18-Sep-20,NEFT,"92,612.00",0,"1,679,927.97"
18-Sep-20,Debit Card,7,0,"1,679,934.97"
18-Sep-20,Commission,"1,929,475.25",0,"3,609,410.22"
18-Sep-20,Debit Card,0,"1,203,136.74","2,406,273.48"
18-Sep-20,IMPS,788,0,"2,407,061.48"
18-Sep-20,Cash,2.34,0,"2,407,063.82"
18-Sep-20,Cheque,"8,285.10",0,"2,415,348.92"
18-Sep-20,RTGS,0,"2,415,348.92",0
18-Sep-20,Cheque,59.1,0,59.1
18-Sep-20,Interest,"15,055.90",0,"15,115.00"
18-Sep-20,Reversal,480,0,"15,595.00"
18-Sep-20,Purchase,0,"3,119.00","12,476.00"
18-Sep-20,Interest,0,"3,119.00","9,357.00"
18-Sep-20,Cash,"4,051.85",0,"13,408.85"
18-Sep-20,Commission,"554,924.20",0,"568,333.05"
18-Sep-20,Reversal,164,0,"568,497.05"
18-Sep-20,NEFT,"2,648.00",0,"571,145.05"
18-Sep-20,Commission,0,"114,229.01","456,916.04"
18-Sep-20,Miscellaneous,0,"65,273.72","391,642.32"
18-Sep-20,Reversal,19.6,0,"391,661.92"
18-Sep-20,Bill,48,0,"391,709.92"
18-Sep-20,Bill,0,"195,854.96","195,854.96"
18-Sep-20,Cheque,58,0,"195,912.96"
18-Sep-20,Transfer,"1,366,820.00",0,"1,562,732.96"
18-Sep-20,Cash,0,"156,273.30","1,406,459.66"
18-Sep-20,Cash,"159,509.00",0,"1,565,968.66"
18-Sep-20,Cash,11.36,0,"1,565,980.02"
18-Sep-20,Purchase,0,"260,996.67","1,304,983.35"
18-Sep-20,Debit Card,3.5,0,"1,304,986.85"
18-Sep-20,RTGS,"250,972.00",0,"1,555,958.85"
18-Sep-20,Commission,0,"1,555,958.85",0
18-Sep-20,Reversal,249.7,0,249.7
18-Sep-20,ATM,305.7,0,555.4
18-Sep-20,Reversal,"2,532.37",0,"3,087.77"
18-Sep-20,Commission,710.3,0,"3,798.07"
18-Sep-20,Debit Card,"304,837.00",0,"308,635.07"
18-Sep-20,Tax,"1,550,760.80",0,"1,859,395.87"
18-Sep-20,Debit Card,0,"265,627.98","1,593,767.89"
18-Sep-20,ATM,0,"177,085.32","1,416,682.57"
18-Sep-20,Bill,254,0,"1,416,936.57"
19-Sep-20,Bill,3.79,0,"1,416,940.36"
19-Sep-20,Interest,0,"283,388.07","1,133,552.29"
19-Sep-20,Reversal,"738,753.20",0,"1,872,305.49"
19-Sep-20,RTGS,0,"312,050.92","1,560,254.58"
19-Sep-20,Commission,0,"520,084.86","1,040,169.72"
19-Sep-20,Bill,0,"104,016.97","936,152.75"
19-Sep-20,Commission,0,"133,736.11","802,416.64"
19-Sep-20,Commission,0,"133,736.11","668,680.53"
19-Sep-20,Transfer,"1,675,457.75",0,"2,344,138.28"
19-Sep-20,Interest,0,"468,827.66","1,875,310.62"
19-Sep-20,Reversal,0,"234,413.83","1,640,896.79"
19-Sep-20,Tax,69.5,0,"1,640,966.29"
19-Sep-20,Purchase,6,0,"1,640,972.29"
19-Sep-20,Cash,0,"234,424.61","1,406,547.68"
19-Sep-20,ATM,73.4,0,"1,406,621.08"
19-Sep-20,Debit Card,"31,231.90",0,"1,437,852.98"
19-Sep-20,Reversal,0,"1,437,852.98",0
19-Sep-20,Miscellaneous,"3,704.00",0,"3,704.00"
19-Sep-20,Miscellaneous,0,617.33,"3,086.67"
19-Sep-20,Debit Card,"3,385.00",0,"6,471.67"
19-Sep-20,Miscellaneous,0,"1,617.92","4,853.75"
19-Sep-20,Debit Card,0,539.31,"4,314.44"
19-Sep-20,Cash,0,"2,157.22","2,157.22"
19-Sep-20,Bill,"258,862.00",0,"261,019.22"
19-Sep-20,Miscellaneous,0,"29,002.14","232,017.08"
19-Sep-20,Tax,"22,504.30",0,"254,521.38"
19-Sep-20,Interest,0,"63,630.35","190,891.04"
19-Sep-20,Cash,0,"27,270.15","163,620.89"
19-Sep-20,Cash,3.08,0,"163,623.97"
19-Sep-20,Interest,0,"16,362.40","147,261.57"
19-Sep-20,Purchase,0,"14,726.16","132,535.41"
19-Sep-20,RTGS,3,0,"132,538.41"
19-Sep-20,ATM,0,"44,179.47","88,358.94"
19-Sep-20,RTGS,378,0,"88,736.94"
19-Sep-20,Debit Card,"3,610.00",0,"92,346.94"
19-Sep-20,Cash,0,"10,260.77","82,086.17"
19-Sep-20,Bill,"838,790.80",0,"920,876.97"
19-Sep-20,Cash,0,"153,479.50","767,397.48"
19-Sep-20,Debit Card,0,"95,924.69","671,472.80"
19-Sep-20,Debit Card,255.47,0,"671,728.27"
19-Sep-20,Miscellaneous,"86,843.20",0,"758,571.47"
19-Sep-20,Cheque,18.58,0,"758,590.05"
19-Sep-20,Debit Card,77.1,0,"758,667.15"
19-Sep-20,ATM,0,"75,866.72","682,800.44"
19-Sep-20,IMPS,0,"227,600.15","455,200.29"
19-Sep-20,RTGS,0,"91,040.06","364,160.23"
19-Sep-20,Reversal,0,"121,386.74","242,773.49"
19-Sep-20,IMPS,"20,890.50",0,"263,663.99"
19-Sep-20,Interest,"2,633.20",0,"266,297.19"
19-Sep-20,Bill,0,"29,588.58","236,708.61"
19-Sep-20,Cheque,0,"47,341.72","189,366.89"
19-Sep-20,Debit Card,6.5,0,"189,373.39"
19-Sep-20,Commission,"31,062.30",0,"220,435.69"
19-Sep-20,Interest,6.5,0,"220,442.19"
19-Sep-20,Tax,0,"44,088.44","176,353.75"
19-Sep-20,Debit Card,0,"176,353.75",0
19-Sep-20,NEFT,6.8,0,6.8
19-Sep-20,NEFT,33,0,39.8
19-Sep-20,Purchase,0,13.27,26.53
19-Sep-20,Commission,29.05,0,55.58
19-Sep-20,Cash,0,6.18,49.4
19-Sep-20,Transfer,0,4.94,44.46
19-Sep-20,Interest,153.07,0,197.53
19-Sep-20,Tax,3.49,0,201.02
19-Sep-20,Bill,460.68,0,661.7
19-Sep-20,Tax,0,66.17,595.53
19-Sep-20,IMPS,"8,995.77",0,"9,591.30"
19-Sep-20,Debit Card,"5,407.00",0,"14,998.30"
19-Sep-20,Interest,"2,452.30",0,"17,450.60"
19-Sep-20,RTGS,"1,976.40",0,"19,427.00"
19-Sep-20,Purchase,0,"4,856.75","14,570.25"
19-Sep-20,Purchase,2,0,"14,572.25"
19-Sep-20,Miscellaneous,0,"1,457.23","13,115.02"
19-Sep-20,Bill,437.4,0,"13,552.42"
19-Sep-20,Purchase,0,"1,936.06","11,616.36"
19-Sep-20,Debit Card,0,"2,323.27","9,293.09"
19-Sep-20,Tax,"1,949,156.75",0,"1,958,449.84"
19-Sep-20,Bill,0,"652,816.61","1,305,633.23"
20-Sep-20,Commission,0,"1,305,633.23",0
20-Sep-20,IMPS,50.01,0,50.01
20-Sep-20,Commission,0,8.34,41.68
20-Sep-20,Cheque,"235,181.50",0,"235,223.18"
20-Sep-20,Purchase,"138,839.70",0,"374,062.88"
20-Sep-20,NEFT,886.79,0,"374,949.67"
20-Sep-20,RTGS,"1,983,915.00",0,"2,358,864.67"
21-Sep-20,Transfer,"903,144.50",0,"3,262,009.17"
21-Sep-20,Cash,31,0,"3,262,040.17"
21-Sep-20,Debit Card,"577,314.00",0,"3,839,354.17"
21-Sep-20,Transfer,0,"959,838.54","2,879,515.63"
21-Sep-20,Cash,257.3,0,"2,879,772.93"
21-Sep-20,Commission,32,0,"2,879,804.93"
21-Sep-20,Transfer,0,"719,951.23","2,159,853.70"
21-Sep-20,IMPS,8,0,"2,159,861.70"
21-Sep-20,Tax,0,"539,965.43","1,619,896.28"
21-Sep-20,Bill,0,"231,413.75","1,388,482.53"
21-Sep-20,Debit Card,29.27,0,"1,388,511.80"
21-Sep-20,RTGS,0,"462,837.27","925,674.53"
21-Sep-20,Debit Card,0,"925,674.53",0
21-Sep-20,NEFT,144,0,144
21-Sep-20,IMPS,"10,166.05",0,"10,310.05"
21-Sep-20,Transfer,0,"1,718.34","8,591.71"
21-Sep-20,Tax,0,"1,718.34","6,873.37"
21-Sep-20,Commission,0,"6,873.37",0
21-Sep-20,Commission,"515,470.00",0,"515,470.00"
21-Sep-20,Bill,0,"85,911.67","429,558.33"
21-Sep-20,Transfer,0,"47,728.70","381,829.63"
21-Sep-20,Miscellaneous,0,"38,182.96","343,646.67"
21-Sep-20,IMPS,4.09,0,"343,650.76"
21-Sep-20,Cash,0,"49,092.97","294,557.79"
21-Sep-20,RTGS,55.43,0,"294,613.22"
21-Sep-20,Interest,"65,694.28",0,"360,307.50"
21-Sep-20,Miscellaneous,0,"40,034.17","320,273.33"
21-Sep-20,Commission,0,"53,378.89","266,894.44"
21-Sep-20,Debit Card,0,"44,482.41","222,412.03"
21-Sep-20,Debit Card,0,"31,773.15","190,638.88"
21-Sep-20,NEFT,"3,235.72",0,"193,874.60"
21-Sep-20,Bill,0,"96,937.30","96,937.30"
21-Sep-20,Interest,"17,041.00",0,"113,978.30"
21-Sep-20,IMPS,0,"56,989.15","56,989.15"
21-Sep-20,Cash,0,"9,498.19","47,490.96"
21-Sep-20,Commission,0,"23,745.48","23,745.48"
21-Sep-20,Commission,384,0,"24,129.48"
21-Sep-20,Cash,0,"2,412.95","21,716.53"
21-Sep-20,Reversal,0,"10,858.27","10,858.26"
21-Sep-20,Transfer,"13,576.10",0,"24,434.36"
21-Sep-20,Cash,"3,328.00",0,"27,762.36"
21-Sep-20,Commission,54.3,0,"27,816.66"
21-Sep-20,Purchase,"373,744.00",0,"401,560.66"
21-Sep-20,Interest,0,"401,560.66",0
21-Sep-20,Purchase,"133,782.00",0,"133,782.00"
21-Sep-20,Tax,0,"19,111.71","114,670.29"
21-Sep-20,Reversal,0,"11,467.03","103,203.26"
21-Sep-20,ATM,0,"51,601.63","51,601.63"
21-Sep-20,Tax,0,"12,900.41","38,701.22"
21-Sep-20,Bill,"3,214.00",0,"41,915.22"
21-Sep-20,Interest,"1,198,182.00",0,"1,240,097.22"
21-Sep-20,Interest,362,0,"1,240,459.22"
21-Sep-20,Debit Card,"76,232.00",0,"1,316,691.22"
21-Sep-20,Miscellaneous,47.06,0,"1,316,738.28"
21-Sep-20,RTGS,0,"164,592.29","1,152,146.00"
21-Sep-20,ATM,67,0,"1,152,213.00"
21-Sep-20,Reversal,0,"115,221.30","1,036,991.70"
21-Sep-20,Cash,0,"172,831.95","864,159.75"
21-Sep-20,Commission,0,"86,415.98","777,743.78"
21-Sep-20,RTGS,"106,356.97",0,"884,100.75"
21-Sep-20,Bill,"211,883.70",0,"1,095,984.45"
22-Sep-20,Purchase,0,"219,196.89","876,787.56"
22-Sep-20,Transfer,0,"292,262.52","584,525.04"
23-Sep-20,Transfer,0,"292,262.52","292,262.52"
23-Sep-20,Tax,6.6,0,"292,269.12"
23-Sep-20,ATM,0,"146,134.56","146,134.56"
23-Sep-20,Tax,0,"20,876.37","125,258.19"
23-Sep-20,Purchase,0,"13,917.58","111,340.61"
23-Sep-20,NEFT,0,"18,556.77","92,783.84"
23-Sep-20,Cheque,"11,194.30",0,"103,978.14"
23-Sep-20,Transfer,0,"17,329.69","86,648.45"
23-Sep-20,Cheque,"250,244.09",0,"336,892.54"
23-Sep-20,Cheque,0,"112,297.51","224,595.03"
23-Sep-20,Debit Card,"1,110,742.00",0,"1,335,337.03"
23-Sep-20,Purchase,178.8,0,"1,335,515.83"
23-Sep-20,Transfer,0,"667,757.92","667,757.92"
23-Sep-20,Tax,0,"222,585.97","445,171.95"
23-Sep-20,IMPS,9,0,"445,180.95"
23-Sep-20,RTGS,0,"44,518.10","400,662.86"
23-Sep-20,Cheque,0,"40,066.29","360,596.57"
23-Sep-20,ATM,51,0,"360,647.57"
23-Sep-20,Interest,13.6,0,"360,661.17"
23-Sep-20,Transfer,0,"360,661.17",0
23-Sep-20,ATM,"544,314.00",0,"544,314.00"
23-Sep-20,Tax,"323,359.50",0,"867,673.50"
23-Sep-20,IMPS,443.96,0,"868,117.46"
23-Sep-20,IMPS,0,"868,117.46",0
23-Sep-20,Commission,"28,545.00",0,"28,545.00"
23-Sep-20,RTGS,0,"7,136.25","21,408.75"
23-Sep-20,Bill,0,"2,676.09","18,732.66"
23-Sep-20,Interest,0,"2,081.41","16,651.25"
23-Sep-20,Purchase,0,"2,081.41","14,569.84"
23-Sep-20,Debit Card,0,"1,821.23","12,748.61"
23-Sep-20,Purchase,0,"1,593.58","11,155.03"
23-Sep-20,Cheque,"1,818.00",0,"12,973.03"
23-Sep-20,RTGS,58,0,"13,031.03"
23-Sep-20,Bill,"3,156.00",0,"16,187.03"
23-Sep-20,Interest,0,"8,093.52","8,093.52"
23-Sep-20,Tax,725.8,0,"8,819.32"
23-Sep-20,Commission,"13,511.10",0,"22,330.42"
23-Sep-20,Purchase,"22,051.18",0,"44,381.60"
23-Sep-20,RTGS,0,"8,876.32","35,505.28"
23-Sep-20,NEFT,22.3,0,"35,527.58"
23-Sep-20,Cash,0,"8,881.90","26,645.68"
23-Sep-20,Cash,0,"8,881.89","17,763.79"
23-Sep-20,IMPS,0,"3,552.76","14,211.03"
23-Sep-20,Cheque,0,"1,776.38","12,434.65"
23-Sep-20,Cheque,0,0,"12,434.65"
24-Sep-20,IMPS,"2,668.20",0,"15,102.85"
24-Sep-20,Miscellaneous,"128,490.00",0,"143,592.85"
24-Sep-20,Commission,"2,529.40",0,"146,122.25"
24-Sep-20,IMPS,0,"18,265.28","127,856.97"
24-Sep-20,Debit Card,0,"21,309.50","106,547.48"
24-Sep-20,Reversal,"207,316.00",0,"313,863.48"
24-Sep-20,Cash,0,"78,465.87","235,397.61"
24-Sep-20,Bill,"246,762.22",0,"482,159.83"
24-Sep-20,IMPS,0,"48,215.98","433,943.85"
24-Sep-20,Miscellaneous,0.4,0,"433,944.25"
24-Sep-20,Tax,0,"43,394.43","390,549.82"
24-Sep-20,Transfer,"253,128.60",0,"643,678.42"
24-Sep-20,Debit Card,"26,425.80",0,"670,104.22"
24-Sep-20,Cheque,"174,935.00",0,"845,039.22"
24-Sep-20,RTGS,"89,250.00",0,"934,289.22"
24-Sep-20,Commission,32.1,0,"934,321.32"
24-Sep-20,Bill,64,0,"934,385.32"
24-Sep-20,Miscellaneous,0,"233,596.33","700,788.99"
24-Sep-20,IMPS,0,"700,788.99",0
24-Sep-20,Tax,"12,993.00",0,"12,993.00"
24-Sep-20,Debit Card,0,"12,993.00",0
24-Sep-20,Interest,"153,120.20",0,"153,120.20"
24-Sep-20,Debit Card,0,"153,120.20",0
24-Sep-20,Purchase,"14,427.46",0,"14,427.46"
24-Sep-20,IMPS,0,"1,603.05","12,824.41"
24-Sep-20,Cash,"1,879,491.20",0,"1,892,315.61"
24-Sep-20,Cash,0,"630,771.87","1,261,543.74"
24-Sep-20,Tax,"694,353.00",0,"1,955,896.74"
24-Sep-20,Cheque,"200,275.81",0,"2,156,172.55"
24-Sep-20,ATM,"949,254.25",0,"3,105,426.80"
24-Sep-20,Interest,0,"3,105,426.80",0
24-Sep-20,Interest,"185,548.50",0,"185,548.50"
24-Sep-20,ATM,"2,071.36",0,"187,619.86"
24-Sep-20,ATM,0,"37,523.97","150,095.89"
25-Sep-20,Bill,0,"16,677.32","133,418.57"
25-Sep-20,Tax,0,"33,354.64","100,063.93"
25-Sep-20,Cheque,0,"20,012.79","80,051.14"
25-Sep-20,Reversal,0,"40,025.57","40,025.57"
25-Sep-20,Tax,0,"10,006.39","30,019.18"
25-Sep-20,Interest,0,"5,003.20","25,015.98"
25-Sep-20,Miscellaneous,0,"12,507.99","12,507.99"
25-Sep-20,RTGS,0,"12,507.99",0
25-Sep-20,ATM,"880,281.00",0,"880,281.00"
25-Sep-20,Purchase,0,"880,281.00",0
25-Sep-20,Purchase,5,0,5
25-Sep-20,RTGS,59.56,0,64.56
25-Sep-20,Interest,0,32.28,32.28
25-Sep-20,Transfer,0,10.76,21.52
25-Sep-20,Bill,"1,609.70",0,"1,631.22"
25-Sep-20,Cash,0,163.12,"1,468.10"
25-Sep-20,RTGS,0,183.51,"1,284.59"
25-Sep-20,Cash,22.6,0,"1,307.19"
25-Sep-20,ATM,4,0,"1,311.19"
25-Sep-20,Miscellaneous,0,218.53,"1,092.66"
25-Sep-20,Reversal,53.9,0,"1,146.56"
25-Sep-20,NEFT,"2,961.98",0,"4,108.54"
26-Sep-20,RTGS,0,456.5,"3,652.04"
26-Sep-20,Tax,"18,469.00",0,"22,121.04"
26-Sep-20,Cheque,7.47,0,"22,128.51"
26-Sep-20,Tax,342,0,"22,470.51"
26-Sep-20,Miscellaneous,0,"5,617.63","16,852.88"
26-Sep-20,RTGS,0,"8,426.44","8,426.44"
26-Sep-20,IMPS,"132,944.00",0,"141,370.44"
26-Sep-20,Tax,"3,262.70",0,"144,633.14"
26-Sep-20,Cheque,"130,626.00",0,"275,259.14"
26-Sep-20,Transfer,6,0,"275,265.14"
26-Sep-20,Commission,0,"137,632.57","137,632.57"
26-Sep-20,Miscellaneous,0,"22,938.76","114,693.81"
26-Sep-20,Reversal,"359,116.50",0,"473,810.31"
26-Sep-20,RTGS,2,0,"473,812.31"
26-Sep-20,Bill,6,0,"473,818.31"
27-Sep-20,IMPS,356,0,"474,174.31"
27-Sep-20,ATM,0,"67,739.19","406,435.12"
27-Sep-20,Bill,"2,347.00",0,"408,782.12"
27-Sep-20,Interest,0,"204,391.06","204,391.06"
27-Sep-20,Debit Card,"216,398.60",0,"420,789.66"
27-Sep-20,RTGS,0,"52,598.71","368,190.95"
28-Sep-20,Tax,22,0,"368,212.95"
28-Sep-20,IMPS,1,0,"368,213.95"
28-Sep-20,Reversal,0,"40,912.66","327,301.29"
28-Sep-20,Transfer,0,"46,757.33","280,543.96"
28-Sep-20,Interest,0,"140,271.98","140,271.98"
28-Sep-20,NEFT,0,"28,054.40","112,217.58"
28-Sep-20,Cash,290.9,0,"112,508.48"
28-Sep-20,RTGS,105,0,"112,613.48"
28-Sep-20,Cheque,"11,949.30",0,"124,562.78"
28-Sep-20,Bill,227,0,"124,789.78"
28-Sep-20,Miscellaneous,0,"124,789.78",0
28-Sep-20,Bill,"795,860.00",0,"795,860.00"
28-Sep-20,Miscellaneous,0,"397,930.00","397,930.00"
28-Sep-20,Cheque,0,"132,643.33","265,286.67"
28-Sep-20,Debit Card,"3,346.01",0,"268,632.68"
28-Sep-20,Bill,"239,849.80",0,"508,482.48"
28-Sep-20,Commission,0,"101,696.50","406,785.98"
28-Sep-20,Bill,"140,293.00",0,"547,078.98"
28-Sep-20,Tax,"20,370.00",0,"567,448.98"
28-Sep-20,Tax,0,"70,931.12","496,517.86"
28-Sep-20,Cheque,0,"165,505.95","331,011.91"
28-Sep-20,Miscellaneous,437.54,0,"331,449.45"
28-Sep-20,Reversal,0.1,0,"331,449.55"
28-Sep-20,NEFT,3.8,0,"331,453.35"
28-Sep-20,IMPS,0,"331,453.35",0
28-Sep-20,Reversal,135,0,135
28-Sep-20,ATM,0,45,90
28-Sep-20,Miscellaneous,"31,826.00",0,"31,916.00"
28-Sep-20,ATM,"13,495.00",0,"45,411.00"
28-Sep-20,Miscellaneous,0,"5,676.38","39,734.62"
29-Sep-20,Bill,0,"39,734.62",0
29-Sep-20,Tax,"197,039.00",0,"197,039.00"
29-Sep-20,Cash,0,"28,148.43","168,890.57"
29-Sep-20,Transfer,409.2,0,"169,299.77"
29-Sep-20,Debit Card,"51,999.75",0,"221,299.52"
29-Sep-20,RTGS,"1,174,037.50",0,"1,395,337.02"
29-Sep-20,Tax,"31,959.58",0,"1,427,296.60"
29-Sep-20,Purchase,"204,111.90",0,"1,631,408.50"
29-Sep-20,RTGS,3.55,0,"1,631,412.05"
29-Sep-20,Bill,"1,758,800.50",0,"3,390,212.55"
29-Sep-20,Reversal,0,"1,130,070.85","2,260,141.70"
29-Sep-20,Debit Card,0,"376,690.28","1,883,451.42"
29-Sep-20,ATM,0,"1,883,451.42",0
29-Sep-20,Purchase,1.9,0,1.9
29-Sep-20,Transfer,0,0.38,1.52
29-Sep-20,ATM,0,0.15,1.37
29-Sep-20,Interest,0,0.34,1.03
29-Sep-20,Transfer,"3,126.60",0,"3,127.63"
29-Sep-20,Cheque,"4,058.90",0,"7,186.53"
29-Sep-20,IMPS,"434,432.00",0,"441,618.53"
29-Sep-20,RTGS,0,"110,404.63","331,213.90"
29-Sep-20,Interest,0,"33,121.39","298,092.51"
29-Sep-20,Cheque,0,"49,682.09","248,410.42"
29-Sep-20,Reversal,"18,265.67",0,"266,676.09"
29-Sep-20,ATM,0,"53,335.22","213,340.87"
29-Sep-20,Miscellaneous,521.7,0,"213,862.57"
29-Sep-20,IMPS,"468,020.25",0,"681,882.82"
29-Sep-20,NEFT,0,"97,411.83","584,470.99"
29-Sep-20,Cheque,62,0,"584,532.99"
29-Sep-20,Commission,1,0,"584,533.99"
29-Sep-20,Miscellaneous,"1,238.70",0,"585,772.69"
29-Sep-20,Tax,0,"292,886.35","292,886.34"
29-Sep-20,Tax,0,"48,814.39","244,071.95"
29-Sep-20,Reversal,6,0,"244,077.95"
29-Sep-20,IMPS,0,"40,679.66","203,398.29"
29-Sep-20,RTGS,"26,894.00",0,"230,292.29"
29-Sep-20,Bill,"2,051.11",0,"232,343.40"
29-Sep-20,Commission,"3,385.00",0,"235,728.40"
29-Sep-20,Miscellaneous,0,"23,572.84","212,155.56"
29-Sep-20,Reversal,4.3,0,"212,159.86"
29-Sep-20,NEFT,0,"26,519.98","185,639.88"
29-Sep-20,Purchase,0,"92,819.94","92,819.94"
29-Sep-20,Debit Card,0,"9,281.99","83,537.95"
29-Sep-20,Cheque,"244,924.00",0,"328,461.95"
29-Sep-20,Reversal,"1,260,349.80",0,"1,588,811.75"
29-Sep-20,Transfer,0,"794,405.88","794,405.88"
29-Sep-20,Bill,0,"397,202.94","397,202.94"
29-Sep-20,Debit Card,47,0,"397,249.94"
29-Sep-20,Cash,"70,166.09",0,"467,416.03"
29-Sep-20,Interest,0,"66,773.72","400,642.31"
29-Sep-20,Miscellaneous,"1,142,374.20",0,"1,543,016.51"
29-Sep-20,NEFT,0,"171,446.28","1,371,570.23"
29-Sep-20,Commission,0,"457,190.08","914,380.15"
29-Sep-20,Transfer,"2,010,138.00",0,"2,924,518.15"
29-Sep-20,Commission,"14,925.00",0,"2,939,443.15"
29-Sep-20,IMPS,222.13,0,"2,939,665.28"
29-Sep-20,Tax,"25,013.90",0,"2,964,679.18"
29-Sep-20,Interest,"227,195.00",0,"3,191,874.18"
29-Sep-20,Cheque,"170,201.53",0,"3,362,075.71"
29-Sep-20,Purchase,"184,969.75",0,"3,547,045.46"
29-Sep-20,Tax,0,"591,174.24","2,955,871.22"
29-Sep-20,Bill,4,0,"2,955,875.22"
29-Sep-20,Purchase,"32,595.70",0,"2,988,470.92"
29-Sep-20,Purchase,15.87,0,"2,988,486.79"
29-Sep-20,Transfer,174.4,0,"2,988,661.19"
29-Sep-20,Reversal,0,"426,951.60","2,561,709.59"
29-Sep-20,IMPS,"30,758.80",0,"2,592,468.39"
29-Sep-20,Purchase,0,"324,058.55","2,268,409.84"
29-Sep-20,Transfer,2.82,0,"2,268,412.66"
29-Sep-20,Interest,"56,345.00",0,"2,324,757.66"
29-Sep-20,NEFT,0,"2,324,757.66",0
29-Sep-20,Debit Card,3.7,0,3.7
29-Sep-20,Purchase,735.26,0,738.96
29-Sep-20,Reversal,0,0,738.96
29-Sep-20,Bill,"1,227.55",0,"1,966.51"
29-Sep-20,IMPS,0,491.63,"1,474.88"
29-Sep-20,Bill,0,294.98,"1,179.90"
29-Sep-20,Commission,0,131.1,"1,048.80"
29-Sep-20,RTGS,0.5,0,"1,049.30"
29-Sep-20,Interest,196,0,"1,245.30"
29-Sep-20,Tax,255,0,"1,500.30"
29-Sep-20,Bill,0,300.06,"1,200.24"
29-Sep-20,ATM,0,133.36,"1,066.88"
29-Sep-20,Debit Card,1,0,"1,067.88"
29-Sep-20,Cash,0,177.98,889.9
29-Sep-20,NEFT,"115,182.00",0,"116,071.90"
29-Sep-20,Transfer,47.44,0,"116,119.34"
29-Sep-20,Debit Card,0,"116,119.34",0
29-Sep-20,Transfer,"150,321.80",0,"150,321.80"
30-Sep-20,NEFT,"937,004.00",0,"1,087,325.80"
30-Sep-20,Cash,0,"1,087,325.80",0
30-Sep-20,Cash,543.57,0,543.57
1-Oct-20,Interest,6.1,0,549.67
1-Oct-20,Transfer,0,274.84,274.83
1-Oct-20,Reversal,1.9,0,276.73
2-Oct-20,RTGS,8.8,0,285.53
2-Oct-20,RTGS,0,95.18,190.35
2-Oct-20,IMPS,"249,488.31",0,"249,678.66"
2-Oct-20,Cheque,0,"49,935.73","199,742.93"
2-Oct-20,Reversal,3.5,0,"199,746.43"
2-Oct-20,Cheque,0,"39,949.29","159,797.14"
2-Oct-20,Cheque,"1,948.00",0,"161,745.14"
2-Oct-20,RTGS,6.04,0,"161,751.18"
2-Oct-20,Cheque,155.5,0,"161,906.68"
2-Oct-20,Debit Card,"1,130,138.75",0,"1,292,045.43"
2-Oct-20,Cash,2.34,0,"1,292,047.77"
2-Oct-20,Transfer,0,"129,204.78","1,162,842.99"
2-Oct-20,Purchase,0,"232,568.60","930,274.39"
2-Oct-20,ATM,0,"310,091.46","620,182.93"
2-Oct-20,Bill,"5,096.80",0,"625,279.73"
2-Oct-20,Cash,"210,282.00",0,"835,561.73"
2-Oct-20,Bill,0,"119,365.96","716,195.77"
2-Oct-20,RTGS,"27,123.50",0,"743,319.27"
2-Oct-20,Cash,4,0,"743,323.27"
2-Oct-20,Purchase,0,"92,915.41","650,407.86"
2-Oct-20,Tax,0,"65,040.79","585,367.07"
2-Oct-20,Debit Card,0,"292,683.54","292,683.53"
2-Oct-20,IMPS,"43,865.20",0,"336,548.73"
2-Oct-20,Cash,0,"168,274.37","168,274.36"
2-Oct-20,Reversal,"14,079.80",0,"182,354.16"
2-Oct-20,Transfer,0,"26,050.59","156,303.57"
2-Oct-20,RTGS,0,"22,329.08","133,974.49"
2-Oct-20,Cheque,0,"66,987.25","66,987.24"
2-Oct-20,Tax,0,"9,569.61","57,417.63"
2-Oct-20,Cheque,0,"14,354.41","43,063.22"
2-Oct-20,Reversal,0,"5,382.90","37,680.32"
2-Oct-20,Bill,401.8,0,"38,082.12"
2-Oct-20,Transfer,0,"12,694.04","25,388.08"
2-Oct-20,Interest,"232,990.00",0,"258,378.08"
2-Oct-20,Cheque,0,"43,063.01","215,315.07"
2-Oct-20,NEFT,"1,710,818.00",0,"1,926,133.07"
2-Oct-20,NEFT,0,"192,613.31","1,733,519.76"
2-Oct-20,Bill,"1,363.70",0,"1,734,883.46"
2-Oct-20,RTGS,22.9,0,"1,734,906.36"
2-Oct-20,NEFT,"4,070.00",0,"1,738,976.36"
2-Oct-20,Cash,"214,076.00",0,"1,953,052.36"
2-Oct-20,Interest,"1,173,171.00",0,"3,126,223.36"
2-Oct-20,Reversal,"1,118.76",0,"3,127,342.12"
2-Oct-20,Debit Card,"2,750.00",0,"3,130,092.12"
2-Oct-20,Purchase,0,"1,565,046.06","1,565,046.06"
2-Oct-20,RTGS,"202,576.70",0,"1,767,622.76"
2-Oct-20,ATM,0,"220,952.85","1,546,669.92"
3-Oct-20,Cheque,"587,499.25",0,"2,134,169.17"
3-Oct-20,Bill,"8,082.00",0,"2,142,251.17"
3-Oct-20,RTGS,0,"2,142,251.17",0
3-Oct-20,Commission,"11,484.00",0,"11,484.00"
3-Oct-20,Commission,"217,350.00",0,"228,834.00"
3-Oct-20,Bill,0,"25,426.00","203,408.00"
3-Oct-20,Bill,0,"29,058.29","174,349.71"
3-Oct-20,Commission,"29,240.50",0,"203,590.21"
4-Oct-20,Commission,3.2,0,"203,593.41"
4-Oct-20,RTGS,51.7,0,"203,645.11"
4-Oct-20,Cash,"3,285.00",0,"206,930.11"
4-Oct-20,Miscellaneous,8.29,0,"206,938.40"
4-Oct-20,Commission,"177,106.50",0,"384,044.90"
4-Oct-20,Cheque,0,"192,022.45","192,022.45"
4-Oct-20,Cash,0,"192,022.45",0
4-Oct-20,Miscellaneous,1.3,0,1.3
4-Oct-20,RTGS,24.5,0,25.8
4-Oct-20,Cheque,0,25.8,0
4-Oct-20,Bill,6,0,6
4-Oct-20,Reversal,0,2,4
4-Oct-20,Interest,0,0.44,3.56
4-Oct-20,Purchase,0,3.56,0
4-Oct-20,NEFT,"18,954.00",0,"18,954.00"
4-Oct-20,Interest,"1,285,838.00",0,"1,304,792.00"
4-Oct-20,RTGS,0,"260,958.40","1,043,833.60"
4-Oct-20,Reversal,5.99,0,"1,043,839.59"
4-Oct-20,Debit Card,"2,078,410.80",0,"3,122,250.39"
4-Oct-20,Cheque,48,0,"3,122,298.39"
4-Oct-20,Tax,0,"1,040,766.13","2,081,532.26"
4-Oct-20,Transfer,"2,245.03",0,"2,083,777.29"
4-Oct-20,Transfer,"1,761,181.75",0,"3,844,959.04"
4-Oct-20,Cash,"840,932.00",0,"4,685,891.04"
4-Oct-20,IMPS,757,0,"4,686,648.04"
4-Oct-20,Cash,"3,944.21",0,"4,690,592.25"
4-Oct-20,Cash,"1,640,720.80",0,"6,331,313.05"
4-Oct-20,Bill,"1,557.50",0,"6,332,870.55"
4-Oct-20,Interest,"252,952.80",0,"6,585,823.35"
4-Oct-20,Commission,0,"731,758.15","5,854,065.20"
4-Oct-20,Tax,0,"650,451.69","5,203,613.51"
4-Oct-20,Purchase,0,"1,300,903.38","3,902,710.13"
4-Oct-20,Reversal,0,"1,300,903.38","2,601,806.75"
4-Oct-20,Purchase,0,"260,180.68","2,341,626.08"
4-Oct-20,Transfer,"23,607.36",0,"2,365,233.44"
4-Oct-20,Purchase,0,"295,654.18","2,069,579.26"
4-Oct-20,IMPS,0,"413,915.85","1,655,663.41"
4-Oct-20,NEFT,0,"551,887.80","1,103,775.61"
4-Oct-20,RTGS,0,"157,682.23","946,093.38"
4-Oct-20,Miscellaneous,47,0,"946,140.38"
4-Oct-20,NEFT,0,"118,267.55","827,872.83"
4-Oct-20,IMPS,0,"206,968.21","620,904.62"
4-Oct-20,Commission,0,"88,700.66","532,203.96"
4-Oct-20,IMPS,"1,377,162.50",0,"1,909,366.46"
4-Oct-20,NEFT,0,"636,455.49","1,272,910.97"
4-Oct-20,NEFT,0,"254,582.19","1,018,328.78"
4-Oct-20,Reversal,"29,206.70",0,"1,047,535.48"
4-Oct-20,Bill,0,"104,753.55","942,781.93"
4-Oct-20,Interest,"1,967,989.20",0,"2,910,771.13"
4-Oct-20,NEFT,"1,781,135.00",0,"4,691,906.13"
4-Oct-20,Cheque,0,"781,984.36","3,909,921.78"
4-Oct-20,Interest,"3,796.19",0,"3,913,717.97"
4-Oct-20,Cash,"98,351.03",0,"4,012,069.00"
4-Oct-20,Interest,0,"4,012,069.00",0
4-Oct-20,Interest,1.3,0,1.3
4-Oct-20,Reversal,55.2,0,56.5
4-Oct-20,Reversal,"1,091.00",0,"1,147.50"
4-Oct-20,Commission,0,191.25,956.25
4-Oct-20,Transfer,"3,717.58",0,"4,673.83"
4-Oct-20,Purchase,"1,883,062.00",0,"1,887,735.83"
4-Oct-20,Transfer,0,"209,748.43","1,677,987.40"
4-Oct-20,Reversal,"1,815.00",0,"1,679,802.40"
4-Oct-20,Transfer,221,0,"1,680,023.40"
4-Oct-20,ATM,0,"420,005.85","1,260,017.55"
4-Oct-20,RTGS,0,"210,002.93","1,050,014.62"
4-Oct-20,Reversal,"2,856.74",0,"1,052,871.36"
4-Oct-20,Cash,716.97,0,"1,053,588.33"
5-Oct-20,Miscellaneous,0,"526,794.17","526,794.16"
5-Oct-20,RTGS,0,"263,397.08","263,397.08"
5-Oct-20,Debit Card,46,0,"263,443.08"
5-Oct-20,Transfer,"3,697.10",0,"267,140.18"
5-Oct-20,Purchase,0,"38,162.88","228,977.30"
5-Oct-20,Interest,0,"28,622.16","200,355.14"
5-Oct-20,Bill,0,"22,261.68","178,093.46"
5-Oct-20,Cheque,0,"59,364.49","118,728.97"
5-Oct-20,Cash,5,0,"118,733.97"
5-Oct-20,RTGS,0,"13,192.66","105,541.31"
5-Oct-20,IMPS,7,0,"105,548.31"
5-Oct-20,Debit Card,0,"105,548.31",0
5-Oct-20,Commission,"62,640.00",0,"62,640.00"
5-Oct-20,Commission,593,0,"63,233.00"
5-Oct-20,NEFT,55.62,0,"63,288.62"
5-Oct-20,ATM,"23,007.00",0,"86,295.62"
5-Oct-20,Purchase,"1,318.00",0,"87,613.62"
5-Oct-20,Cheque,"223,234.03",0,"310,847.65"
5-Oct-20,RTGS,5.7,0,"310,853.35"
5-Oct-20,IMPS,0,"62,170.67","248,682.68"
5-Oct-20,IMPS,0,"27,631.41","221,051.27"
5-Oct-20,Cash,0,"73,683.76","147,367.51"
5-Oct-20,Bill,0,"18,420.94","128,946.57"
5-Oct-20,Debit Card,"34,472.00",0,"163,418.57"
5-Oct-20,IMPS,0,"23,345.51","140,073.06"
5-Oct-20,Cash,0,"46,691.02","93,382.04"
5-Oct-20,Tax,"2,115.50",0,"95,497.54"
5-Oct-20,Cash,"1,034.70",0,"96,532.24"
5-Oct-20,Tax,35.19,0,"96,567.43"
5-Oct-20,NEFT,0,"10,729.71","85,837.72"
5-Oct-20,NEFT,0,"10,729.72","75,108.00"
5-Oct-20,RTGS,0,"7,510.80","67,597.20"
5-Oct-20,Miscellaneous,0,"22,532.40","45,064.80"
5-Oct-20,Reversal,0,"7,510.80","37,554.00"
5-Oct-20,Cash,0,"9,388.50","28,165.50"
5-Oct-20,Commission,4.1,0,"28,169.60"
5-Oct-20,Bill,4,0,"28,173.60"
5-Oct-20,Purchase,0,"2,817.36","25,356.24"
5-Oct-20,Purchase,200.3,0,"25,556.54"
5-Oct-20,ATM,"8,677.20",0,"34,233.74"
5-Oct-20,Tax,0,"3,803.75","30,429.99"
5-Oct-20,ATM,0,"7,607.50","22,822.49"
5-Oct-20,Purchase,"694,868.00",0,"717,690.49"
5-Oct-20,Reversal,"188,539.97",0,"906,230.46"
5-Oct-20,Debit Card,0,"453,115.23","453,115.23"
5-Oct-20,Purchase,"220,244.70",0,"673,359.93"
5-Oct-20,Interest,"18,277.00",0,"691,636.93"
5-Oct-20,Cash,0,"230,545.64","461,091.29"
5-Oct-20,IMPS,"1,431,824.50",0,"1,892,915.79"
5-Oct-20,Cash,0,"378,583.16","1,514,332.63"
5-Oct-20,Miscellaneous,0,"151,433.26","1,362,899.37"
5-Oct-20,RTGS,0,"227,149.90","1,135,749.48"
5-Oct-20,Bill,1.7,0,"1,135,751.18"
6-Oct-20,Interest,61,0,"1,135,812.18"
6-Oct-20,Cash,0,"378,604.06","757,208.12"
6-Oct-20,RTGS,0,"252,402.71","504,805.41"
6-Oct-20,Commission,4,0,"504,809.41"
6-Oct-20,Tax,0,"50,480.94","454,328.47"
6-Oct-20,Reversal,0,"56,791.06","397,537.41"
6-Oct-20,Bill,"31,852.00",0,"429,389.41"
6-Oct-20,Bill,0,"53,673.68","375,715.73"
6-Oct-20,Cheque,54.2,0,"375,769.93"
6-Oct-20,RTGS,"24,981.00",0,"400,750.93"
6-Oct-20,Transfer,0,"57,250.13","343,500.80"
6-Oct-20,ATM,0,"57,250.13","286,250.67"
6-Oct-20,IMPS,0,"57,250.13","229,000.54"
6-Oct-20,Commission,"27,424.80",0,"256,425.34"
6-Oct-20,Purchase,0,"85,475.11","170,950.23"
6-Oct-20,Commission,63,0,"171,013.23"
6-Oct-20,Bill,0,"57,004.41","114,008.82"
6-Oct-20,Transfer,0,"16,286.97","97,721.85"
6-Oct-20,Miscellaneous,0,"16,286.98","81,434.88"
6-Oct-20,Transfer,"3,818.00",0,"85,252.88"
6-Oct-20,ATM,"1,760.90",0,"87,013.78"
6-Oct-20,RTGS,967.59,0,"87,981.37"
6-Oct-20,Interest,0,"10,997.67","76,983.70"
6-Oct-20,IMPS,22.6,0,"77,006.30"
6-Oct-20,Bill,"25,392.96",0,"102,399.26"
6-Oct-20,IMPS,0,"14,628.47","87,770.79"
6-Oct-20,IMPS,0,"9,752.31","78,018.48"
6-Oct-20,Commission,49,0,"78,067.48"
6-Oct-20,NEFT,"26,325.00",0,"104,392.48"
6-Oct-20,Reversal,0,"20,878.50","83,513.98"
6-Oct-20,Cheque,0,"41,756.99","41,756.99"
7-Oct-20,RTGS,0,"5,965.28","35,791.71"
7-Oct-20,Tax,0,"35,791.71",0
7-Oct-20,Debit Card,"3,655.90",0,"3,655.90"
7-Oct-20,Interest,7,0,"3,662.90"
7-Oct-20,Bill,"227,799.81",0,"231,462.71"
7-Oct-20,Purchase,"2,921.60",0,"234,384.31"
7-Oct-20,ATM,0,"234,384.31",0
7-Oct-20,Cash,"1,925.80",0,"1,925.80"
7-Oct-20,Interest,0,240.73,"1,685.08"
7-Oct-20,Bill,"3,856.00",0,"5,541.08"
7-Oct-20,Debit Card,0,791.58,"4,749.50"
7-Oct-20,Bill,"8,376.90",0,"13,126.40"
7-Oct-20,Bill,0,"13,126.40",0
7-Oct-20,Tax,"1,145,740.25",0,"1,145,740.25"
7-Oct-20,Transfer,0,"114,574.03","1,031,166.22"
7-Oct-20,Cheque,0,"114,574.02","916,592.20"
8-Oct-20,Miscellaneous,0,"91,659.22","824,932.98"
8-Oct-20,Purchase,0,"206,233.25","618,699.74"
8-Oct-20,Bill,0,"154,674.94","464,024.80"
8-Oct-20,Miscellaneous,6.4,0,"464,031.20"
8-Oct-20,Cheque,"5,236.00",0,"469,267.20"
8-Oct-20,NEFT,"1,969,778.00",0,"2,439,045.20"
8-Oct-20,Transfer,"977,924.00",0,"3,416,969.20"
8-Oct-20,Bill,0,"379,663.24","3,037,305.96"
8-Oct-20,Debit Card,0,"379,663.25","2,657,642.72"
8-Oct-20,Interest,"1,465,813.25",0,"4,123,455.97"
8-Oct-20,Commission,"30,867.70",0,"4,154,323.67"
8-Oct-20,Reversal,"18,557.00",0,"4,172,880.67"
8-Oct-20,Commission,"1,237.00",0,"4,174,117.67"
8-Oct-20,NEFT,0,"521,764.71","3,652,352.96"
8-Oct-20,Cheque,57.4,0,"3,652,410.36"
8-Oct-20,Tax,0,"365,241.04","3,287,169.32"
8-Oct-20,Bill,52,0,"3,287,221.32"
8-Oct-20,Commission,0,"821,805.33","2,465,415.99"
8-Oct-20,Cash,0,"616,354.00","1,849,061.99"
8-Oct-20,Tax,"234,609.10",0,"2,083,671.09"
8-Oct-20,Bill,"27,284.35",0,"2,110,955.44"
9-Oct-20,Reversal,"6,606.97",0,"2,117,562.41"
9-Oct-20,Purchase,0,"211,756.24","1,905,806.17"
9-Oct-20,RTGS,0,"476,451.54","1,429,354.63"
9-Oct-20,Reversal,0,"714,677.32","714,677.32"
9-Oct-20,Bill,"37,044.16",0,"751,721.48"
9-Oct-20,Debit Card,0,"751,721.48",0
9-Oct-20,Debit Card,181.64,0,181.64
9-Oct-20,Commission,"1,463.50",0,"1,645.14"
9-Oct-20,Purchase,0,274.19,"1,370.95"
9-Oct-20,Reversal,0,228.49,"1,142.46"
9-Oct-20,Cheque,0,571.23,571.23
9-Oct-20,Interest,0,571.23,0
9-Oct-20,Debit Card,225,0,225
9-Oct-20,ATM,0,56.25,168.75
9-Oct-20,Cheque,0,21.09,147.66
9-Oct-20,Tax,0,18.46,129.2
9-Oct-20,Transfer,"155,745.30",0,"155,874.50"
9-Oct-20,Commission,6.17,0,"155,880.67"
9-Oct-20,Cheque,0,"19,485.08","136,395.59"
9-Oct-20,NEFT,61,0,"136,456.59"
9-Oct-20,Interest,23.18,0,"136,479.77"
9-Oct-20,Transfer,"36,056.90",0,"172,536.67"
9-Oct-20,Bill,"7,037.00",0,"179,573.67"
9-Oct-20,Miscellaneous,30.9,0,"179,604.57"
9-Oct-20,ATM,0,"179,604.57",0
9-Oct-20,NEFT,"39,498.20",0,"39,498.20"
9-Oct-20,ATM,0,"4,388.69","35,109.51"
9-Oct-20,Interest,4.5,0,"35,114.01"
9-Oct-20,Transfer,0,"5,852.34","29,261.68"
9-Oct-20,Transfer,0,"5,852.34","23,409.34"
9-Oct-20,Debit Card,0.11,0,"23,409.45"
9-Oct-20,RTGS,"22,926.00",0,"46,335.45"
9-Oct-20,NEFT,108,0,"46,443.45"
9-Oct-20,Purchase,0,"11,610.86","34,832.59"
9-Oct-20,Purchase,"119,862.50",0,"154,695.09"
9-Oct-20,Interest,0,"17,188.34","137,506.75"
10-Oct-20,Commission,3.6,0,"137,510.35"
10-Oct-20,Debit Card,44,0,"137,554.35"
10-Oct-20,IMPS,"24,249.60",0,"161,803.95"
10-Oct-20,Purchase,0,"53,934.65","107,869.30"
10-Oct-20,Interest,0,"26,967.33","80,901.98"
10-Oct-20,Debit Card,89,0,"80,990.98"
10-Oct-20,NEFT,"24,703.00",0,"105,693.98"
10-Oct-20,Transfer,0,"52,846.99","52,846.99"
10-Oct-20,Debit Card,"30,943.20",0,"83,790.19"
10-Oct-20,Purchase,"68,237.12",0,"152,027.31"
10-Oct-20,Transfer,0,"50,675.77","101,351.54"
10-Oct-20,RTGS,0,"16,891.92","84,459.62"
10-Oct-20,NEFT,9.2,0,"84,468.82"
10-Oct-20,Tax,"29,558.81",0,"114,027.63"
10-Oct-20,Transfer,"48,136.00",0,"162,163.63"
10-Oct-20,Purchase,"1,708,598.00",0,"1,870,761.63"
11-Oct-20,IMPS,0,"311,793.61","1,558,968.02"
11-Oct-20,Purchase,0,"1,558,968.02",0
11-Oct-20,IMPS,4,0,4
11-Oct-20,Transfer,"25,705.76",0,"25,709.76"
11-Oct-20,Commission,0,"5,141.95","20,567.81"
11-Oct-20,NEFT,7.34,0,"20,575.15"
11-Oct-20,IMPS,0,"4,115.03","16,460.12"
11-Oct-20,Interest,"2,607.00",0,"19,067.12"
11-Oct-20,Transfer,"122,485.40",0,"141,552.52"
11-Oct-20,Interest,0,"14,155.25","127,397.27"
11-Oct-20,Commission,0,"12,739.73","114,657.54"
11-Oct-20,Transfer,0,"38,219.18","76,438.36"
11-Oct-20,Bill,31.4,0,"76,469.76"
11-Oct-20,Transfer,0,"8,496.64","67,973.12"
11-Oct-20,RTGS,31,0,"68,004.12"
11-Oct-20,Cheque,0,"11,334.02","56,670.10"
11-Oct-20,Transfer,5.07,0,"56,675.17"
12-Oct-20,Miscellaneous,0,"11,335.03","45,340.14"
12-Oct-20,Reversal,10.3,0,"45,350.44"
12-Oct-20,Tax,0,"9,070.09","36,280.35"
12-Oct-20,Transfer,4.52,0,"36,284.87"
12-Oct-20,RTGS,47,0,"36,331.87"
12-Oct-20,Purchase,0,"6,055.31","30,276.56"
12-Oct-20,IMPS,57,0,"30,333.56"
12-Oct-20,NEFT,0,"30,333.56",0
12-Oct-20,IMPS,7,0,7
12-Oct-20,Purchase,"233,720.59",0,"233,727.59"
12-Oct-20,IMPS,"15,055.80",0,"248,783.39"
12-Oct-20,Commission,"11,152.91",0,"259,936.30"
12-Oct-20,Cash,0,"37,133.76","222,802.54"
12-Oct-20,Cheque,"31,725.37",0,"254,527.91"
12-Oct-20,Tax,0,"254,527.91",0
12-Oct-20,NEFT,7,0,7
12-Oct-20,ATM,0,2.33,4.67
13-Oct-20,Miscellaneous,"8,030.00",0,"8,034.67"
13-Oct-20,Commission,0,"2,678.22","5,356.45"
13-Oct-20,Reversal,5.62,0,"5,362.07"
13-Oct-20,Tax,0,536.21,"4,825.86"
13-Oct-20,Reversal,0,804.31,"4,021.55"
13-Oct-20,ATM,391.98,0,"4,413.53"
13-Oct-20,Purchase,"25,757.10",0,"30,170.63"
13-Oct-20,NEFT,0,"5,028.44","25,142.19"
13-Oct-20,Cash,"2,237.00",0,"27,379.19"
13-Oct-20,Reversal,0,"13,689.60","13,689.60"
13-Oct-20,Purchase,0,"1,711.20","11,978.40"
13-Oct-20,Tax,0,"2,395.68","9,582.72"
13-Oct-20,Miscellaneous,0,"3,194.24","6,388.48"
13-Oct-20,Tax,0,"6,388.48",0
13-Oct-20,Reversal,"1,747.21",0,"1,747.21"
13-Oct-20,NEFT,8,0,"1,755.21"
13-Oct-20,Bill,"773,782.75",0,"775,537.96"
13-Oct-20,Commission,"1,724,404.00",0,"2,499,941.96"
13-Oct-20,Cheque,"258,749.53",0,"2,758,691.49"
13-Oct-20,Interest,"30,106.00",0,"2,788,797.49"
13-Oct-20,RTGS,0,"1,394,398.75","1,394,398.74"
13-Oct-20,Tax,"22,762.00",0,"1,417,160.74"
13-Oct-20,IMPS,"27,520.20",0,"1,444,680.94"
13-Oct-20,IMPS,0,"1,444,680.94",0
13-Oct-20,Cash,4,0,4
13-Oct-20,Transfer,0,2,2
13-Oct-20,IMPS,"1,954,002.00",0,"1,954,004.00"
13-Oct-20,Bill,0,"279,143.43","1,674,860.57"
13-Oct-20,Cheque,0,"186,095.62","1,488,764.95"
13-Oct-20,Cash,0,"372,191.24","1,116,573.71"
13-Oct-20,IMPS,18.4,0,"1,116,592.11"
13-Oct-20,Reversal,6,0,"1,116,598.11"
13-Oct-20,Transfer,0,"558,299.06","558,299.06"
13-Oct-20,Transfer,1.04,0,"558,300.10"
14-Oct-20,Debit Card,4,0,"558,304.10"
14-Oct-20,Cash,0,"55,830.41","502,473.69"
14-Oct-20,RTGS,0,"50,247.37","452,226.32"
14-Oct-20,Cheque,0,"56,528.29","395,698.03"
14-Oct-20,IMPS,"73,819.00",0,"469,517.03"
14-Oct-20,Cash,0,"46,951.70","422,565.33"
14-Oct-20,Tax,0,"84,513.07","338,052.26"
14-Oct-20,Miscellaneous,1.76,0,"338,054.02"
14-Oct-20,Commission,0,"37,561.56","300,492.46"
14-Oct-20,ATM,41,0,"300,533.46"
14-Oct-20,Tax,0,"75,133.37","225,400.10"
14-Oct-20,ATM,"257,266.00",0,"482,666.10"
14-Oct-20,NEFT,0,"80,444.35","402,221.75"
14-Oct-20,Reversal,"3,079.00",0,"405,300.75"
14-Oct-20,ATM,58,0,"405,358.75"
14-Oct-20,Commission,7.94,0,"405,366.69"
14-Oct-20,Interest,0,"101,341.67","304,025.02"
14-Oct-20,Purchase,0,"60,805.00","243,220.02"
14-Oct-20,Miscellaneous,0,"48,644.00","194,576.02"
14-Oct-20,Tax,0,"38,915.20","155,660.82"
14-Oct-20,Debit Card,0,"51,886.94","103,773.88"
14-Oct-20,NEFT,0,"20,754.78","83,019.10"
14-Oct-20,IMPS,7,0,"83,026.10"
14-Oct-20,Debit Card,0,"20,756.53","62,269.58"
15-Oct-20,Bill,0,"8,895.65","53,373.93"
15-Oct-20,ATM,0,"6,671.74","46,702.19"
15-Oct-20,Commission,31.32,0,"46,733.51"
15-Oct-20,RTGS,"20,480.96",0,"67,214.47"
15-Oct-20,ATM,0,"13,442.89","53,771.58"
15-Oct-20,Debit Card,0,"26,885.79","26,885.79"
15-Oct-20,IMPS,0,"2,688.58","24,197.21"
15-Oct-20,RTGS,0,"8,065.74","16,131.47"
15-Oct-20,Cash,0,"2,304.50","13,826.97"
15-Oct-20,Cheque,"207,798.00",0,"221,624.97"
15-Oct-20,Transfer,0,"73,874.99","147,749.98"
15-Oct-20,Reversal,"53,066.44",0,"200,816.42"
15-Oct-20,ATM,0,"25,102.05","175,714.37"
15-Oct-20,Reversal,0,"17,571.44","158,142.93"
15-Oct-20,RTGS,0,"31,628.59","126,514.34"
15-Oct-20,Reversal,822,0,"127,336.34"
15-Oct-20,NEFT,0,"25,467.27","101,869.07"
15-Oct-20,RTGS,0,"25,467.27","76,401.80"
15-Oct-20,RTGS,"193,986.47",0,"270,388.27"
15-Oct-20,RTGS,0,"135,194.14","135,194.14"
15-Oct-20,Reversal,0,"15,021.57","120,172.57"
15-Oct-20,RTGS,"97,986.40",0,"218,158.97"
15-Oct-20,Cash,0,"109,079.49","109,079.48"
15-Oct-20,Cash,0,"13,634.94","95,444.54"
15-Oct-20,Tax,"119,396.00",0,"214,840.54"
15-Oct-20,Commission,0,"71,613.51","143,227.03"
15-Oct-20,Tax,0,"143,227.03",0
15-Oct-20,Cheque,"3,157.00",0,"3,157.00"
15-Oct-20,NEFT,"228,584.00",0,"231,741.00"
15-Oct-20,Transfer,0,"25,749.00","205,992.00"
15-Oct-20,Debit Card,0,"25,749.00","180,243.00"
15-Oct-20,RTGS,0,"22,530.38","157,712.62"
15-Oct-20,Cash,2.41,0,"157,715.03"
15-Oct-20,Commission,"2,768.50",0,"160,483.53"
15-Oct-20,Miscellaneous,371.8,0,"160,855.33"
15-Oct-20,Tax,0,"32,171.07","128,684.26"
15-Oct-20,Interest,9,0,"128,693.26"
15-Oct-20,Commission,612,0,"129,305.26"
15-Oct-20,Tax,0,"32,326.32","96,978.94"
15-Oct-20,Reversal,"711,632.50",0,"808,611.44"
15-Oct-20,NEFT,0,"89,845.72","718,765.72"
15-Oct-20,Purchase,0,"359,382.86","359,382.86"
15-Oct-20,Cheque,3,0,"359,385.86"
15-Oct-20,Purchase,0,"359,385.86",0
15-Oct-20,Reversal,"210,497.00",0,"210,497.00"
15-Oct-20,RTGS,0,"52,624.25","157,872.75"
15-Oct-20,Cash,0,"39,468.19","118,404.56"
15-Oct-20,Cash,0,"13,156.06","105,248.50"
15-Oct-20,Bill,0,"26,312.13","78,936.38"
15-Oct-20,Debit Card,0,"39,468.19","39,468.19"
15-Oct-20,Debit Card,0.33,0,"39,468.52"
15-Oct-20,NEFT,"95,432.20",0,"134,900.72"
15-Oct-20,Cash,0,"13,490.07","121,410.65"
15-Oct-20,Reversal,0,"15,176.33","106,234.32"
15-Oct-20,Cheque,0,"35,411.44","70,822.88"
15-Oct-20,NEFT,0,"7,869.21","62,953.67"
15-Oct-20,Interest,54.8,0,"63,008.47"
16-Oct-20,Debit Card,0,"7,000.94","56,007.53"
16-Oct-20,IMPS,0,"6,223.06","49,784.47"
16-Oct-20,Bill,48.9,0,"49,833.37"
16-Oct-20,Purchase,5,0,"49,838.37"
16-Oct-20,Debit Card,475.73,0,"50,314.10"
16-Oct-20,RTGS,419,0,"50,733.10"
16-Oct-20,Miscellaneous,0,"16,911.03","33,822.07"
16-Oct-20,Cash,"2,371.30",0,"36,193.37"
16-Oct-20,NEFT,0,"18,096.69","18,096.69"
16-Oct-20,ATM,0,"6,032.23","12,064.46"
16-Oct-20,Tax,5.54,0,"12,070.00"
16-Oct-20,Bill,0,"1,341.11","10,728.89"
16-Oct-20,Bill,0,"1,532.70","9,196.19"
16-Oct-20,Commission,0,"3,065.40","6,130.79"
16-Oct-20,Miscellaneous,1,0,"6,131.79"
16-Oct-20,Bill,0,613.18,"5,518.61"
16-Oct-20,RTGS,"22,606.00",0,"28,124.61"
16-Oct-20,Purchase,0,"28,124.61",0
17-Oct-20,Interest,"3,595.00",0,"3,595.00"
17-Oct-20,Transfer,168,0,"3,763.00"
17-Oct-20,Reversal,0,418.11,"3,344.89"
17-Oct-20,IMPS,"1,667,632.75",0,"1,670,977.64"
17-Oct-20,IMPS,0,"185,664.18","1,485,313.46"
17-Oct-20,Purchase,0,"742,656.73","742,656.73"
17-Oct-20,Transfer,0.7,0,"742,657.43"
17-Oct-20,NEFT,18,0,"742,675.43"
17-Oct-20,NEFT,2,0,"742,677.43"
17-Oct-20,Interest,"1,551,561.20",0,"2,294,238.63"
17-Oct-20,Commission,0,"229,423.86","2,064,814.77"
17-Oct-20,Reversal,0,"2,064,814.77",0
17-Oct-20,NEFT,"1,541.32",0,"1,541.32"
17-Oct-20,Bill,"3,096.00",0,"4,637.32"
18-Oct-20,IMPS,0,"4,637.32",0
18-Oct-20,Interest,261.9,0,261.9
18-Oct-20,Debit Card,0,130.95,130.95
18-Oct-20,Commission,0,65.48,65.47
18-Oct-20,RTGS,4,0,69.47
18-Oct-20,ATM,0,7.72,61.75
18-Oct-20,Cheque,0,10.29,51.46
18-Oct-20,RTGS,0,17.15,34.31
18-Oct-20,NEFT,"3,672.00",0,"3,706.31"
18-Oct-20,RTGS,"1,891,023.80",0,"1,894,730.11"
18-Oct-20,IMPS,17,0,"1,894,747.11"
18-Oct-20,Purchase,"1,477,269.20",0,"3,372,016.31"
18-Oct-20,IMPS,0,"1,124,005.44","2,248,010.87"
18-Oct-20,Cash,0,"749,336.96","1,498,673.91"
18-Oct-20,RTGS,3.29,0,"1,498,677.20"
18-Oct-20,Debit Card,0,"249,779.53","1,248,897.67"
18-Oct-20,Tax,"74,055.25",0,"1,322,952.92"
18-Oct-20,Debit Card,"3,708.92",0,"1,326,661.84"
18-Oct-20,ATM,35.5,0,"1,326,697.34"
18-Oct-20,RTGS,0,"1,326,697.34",0
18-Oct-20,Reversal,"55,373.00",0,"55,373.00"
18-Oct-20,Transfer,0,"7,910.43","47,462.57"
18-Oct-20,RTGS,"128,982.00",0,"176,444.57"
18-Oct-20,Reversal,0,"19,604.95","156,839.62"
18-Oct-20,Commission,0,"26,139.94","130,699.68"
18-Oct-20,Interest,0,"26,139.94","104,559.74"
18-Oct-20,NEFT,0,"13,069.97","91,489.77"
18-Oct-20,Purchase,0,"10,165.53","81,324.24"
18-Oct-20,Transfer,0,"10,165.53","71,158.71"
18-Oct-20,Purchase,"1,838.00",0,"72,996.71"
18-Oct-20,Cheque,0,"72,996.71",0
18-Oct-20,Transfer,"981,732.00",0,"981,732.00"
18-Oct-20,ATM,"181,652.75",0,"1,163,384.75"
18-Oct-20,Tax,0,"129,264.97","1,034,119.78"
18-Oct-20,NEFT,0,"114,902.20","919,217.58"
18-Oct-20,Tax,93.88,0,"919,311.46"
18-Oct-20,Commission,"10,381.00",0,"929,692.46"
18-Oct-20,Miscellaneous,"163,466.60",0,"1,093,159.06"
18-Oct-20,Interest,0,"273,289.77","819,869.30"
18-Oct-20,NEFT,"2,335.20",0,"822,204.50"
18-Oct-20,Purchase,7,0,"822,211.50"
18-Oct-20,IMPS,0,"205,552.88","616,658.62"
18-Oct-20,IMPS,1.98,0,"616,660.60"
18-Oct-20,IMPS,"590,893.00",0,"1,207,553.60"
18-Oct-20,Tax,0,"150,944.20","1,056,609.40"
18-Oct-20,IMPS,0,"352,203.13","704,406.27"
18-Oct-20,NEFT,0,"78,267.36","626,138.91"
18-Oct-20,Tax,34.74,0,"626,173.65"
18-Oct-20,Commission,0,"89,453.38","536,720.27"
18-Oct-20,Purchase,0,"67,090.03","469,630.24"
18-Oct-20,Interest,0,"58,703.78","410,926.46"
18-Oct-20,Transfer,"173,210.00",0,"584,136.46"
18-Oct-20,ATM,0,"292,068.23","292,068.23"
18-Oct-20,Debit Card,0,"48,678.04","243,390.19"
18-Oct-20,Cash,0,"121,695.10","121,695.10"
18-Oct-20,IMPS,0,"121,695.10",0
18-Oct-20,NEFT,4.09,0,4.09
18-Oct-20,NEFT,413.2,0,417.29
18-Oct-20,Miscellaneous,"109,065.00",0,"109,482.29"
18-Oct-20,Purchase,0,"109,482.29",0
18-Oct-20,ATM,"1,596,787.00",0,"1,596,787.00"
18-Oct-20,Reversal,0,"798,393.50","798,393.50"
18-Oct-20,Cash,0,"99,799.19","698,594.31"
18-Oct-20,Interest,"1,863,036.25",0,"2,561,630.56"
18-Oct-20,Cash,"15,102.00",0,"2,576,732.56"
18-Oct-20,Commission,0,"515,346.51","2,061,386.05"
18-Oct-20,Reversal,0,"515,346.51","1,546,039.54"
18-Oct-20,Transfer,4.5,0,"1,546,044.04"
18-Oct-20,Reversal,0,"773,022.02","773,022.02"
18-Oct-20,Purchase,"225,870.00",0,"998,892.02"
18-Oct-20,Interest,25.6,0,"998,917.62"
18-Oct-20,Bill,0,"124,864.70","874,052.92"
18-Oct-20,Reversal,0,"124,864.70","749,188.22"
18-Oct-20,Tax,"1,420.00",0,"750,608.22"
18-Oct-20,RTGS,0,"750,608.22",0
18-Oct-20,Tax,"91,320.70",0,"91,320.70"
18-Oct-20,RTGS,0,"9,132.07","82,188.63"
18-Oct-20,NEFT,"210,182.34",0,"292,370.97"
18-Oct-20,Miscellaneous,0,"73,092.74","219,278.23"
18-Oct-20,Commission,"156,857.00",0,"376,135.23"
18-Oct-20,Interest,0,"62,689.21","313,446.02"
18-Oct-20,Bill,"1,766.00",0,"315,212.02"
18-Oct-20,Transfer,0,"78,803.01","236,409.02"
18-Oct-20,NEFT,495,0,"236,904.02"
18-Oct-20,Tax,0,"47,380.80","189,523.22"
18-Oct-20,Cash,0,"63,174.41","126,348.81"
18-Oct-20,Transfer,0,"12,634.88","113,713.93"
18-Oct-20,Tax,0,"22,742.79","90,971.14"
18-Oct-20,ATM,0,"12,995.88","77,975.26"
18-Oct-20,Bill,"22,022.00",0,"99,997.26"
18-Oct-20,Debit Card,"24,692.20",0,"124,689.46"
18-Oct-20,RTGS,714.78,0,"125,404.24"
18-Oct-20,NEFT,0,"13,933.80","111,470.44"
18-Oct-20,Bill,0,"12,385.60","99,084.84"
18-Oct-20,Debit Card,0,"14,154.98","84,929.86"
18-Oct-20,Purchase,6,0,"84,935.86"
18-Oct-20,Interest,0,"42,467.93","42,467.93"
18-Oct-20,Miscellaneous,"70,450.22",0,"112,918.15"
18-Oct-20,Bill,37,0,"112,955.15"
18-Oct-20,Cash,0,"11,295.52","101,659.64"
18-Oct-20,Cash,"2,581.50",0,"104,241.14"
18-Oct-20,Interest,20.7,0,"104,261.84"
18-Oct-20,Tax,0,"17,376.97","86,884.87"
18-Oct-20,Debit Card,0,"43,442.44","43,442.44"
18-Oct-20,Cheque,0,"4,344.24","39,098.20"
18-Oct-20,ATM,42.9,0,"39,141.10"
18-Oct-20,Cash,0,"13,047.03","26,094.07"
18-Oct-20,Cash,42,0,"26,136.07"
18-Oct-20,Cash,"20,804.90",0,"46,940.97"
18-Oct-20,Transfer,0,"5,215.66","41,725.31"
18-Oct-20,IMPS,"134,705.10",0,"176,430.41"
18-Oct-20,Cash,"1,994.00",0,"178,424.41"
18-Oct-20,ATM,"20,859.00",0,"199,283.41"
18-Oct-20,Transfer,0,"33,213.90","166,069.51"
18-Oct-20,Reversal,"247,116.44",0,"413,185.95"
18-Oct-20,Cheque,358.25,0,"413,544.20"
18-Oct-20,Miscellaneous,0,"41,354.42","372,189.78"
18-Oct-20,Tax,"20,394.00",0,"392,583.78"
18-Oct-20,Transfer,0,"392,583.78",0
18-Oct-20,Bill,7.42,0,7.42
18-Oct-20,IMPS,0,0.82,6.6
18-Oct-20,RTGS,"1,962,147.75",0,"1,962,154.35"
19-Oct-20,Bill,"2,127.49",0,"1,964,281.84"
19-Oct-20,Debit Card,0,"218,253.54","1,746,028.30"
20-Oct-20,Commission,0,"218,253.54","1,527,774.76"
20-Oct-20,RTGS,0,"381,943.69","1,145,831.07"
20-Oct-20,Reversal,"190,038.56",0,"1,335,869.63"
20-Oct-20,Debit Card,0,"148,429.96","1,187,439.67"
20-Oct-20,Miscellaneous,26,0,"1,187,465.67"
20-Oct-20,Reversal,0,"118,746.57","1,068,719.10"
20-Oct-20,NEFT,0,"356,239.70","712,479.40"
20-Oct-20,Commission,0,"237,493.13","474,986.27"
20-Oct-20,Debit Card,325,0,"475,311.27"
20-Oct-20,NEFT,0,"59,413.91","415,897.36"
20-Oct-20,Cash,0,"103,974.34","311,923.02"
20-Oct-20,Tax,0,"31,192.30","280,730.72"
20-Oct-20,Commission,37.9,0,"280,768.62"
20-Oct-20,Bill,"128,815.75",0,"409,584.37"
20-Oct-20,Transfer,"162,933.00",0,"572,517.37"
20-Oct-20,NEFT,0,"57,251.74","515,265.63"
20-Oct-20,ATM,28.1,0,"515,293.73"
20-Oct-20,ATM,63,0,"515,356.73"
20-Oct-20,ATM,"4,791.51",0,"520,148.24"
20-Oct-20,NEFT,0,"52,014.82","468,133.42"
20-Oct-20,Reversal,"3,195.00",0,"471,328.42"
20-Oct-20,Purchase,0,"47,132.84","424,195.58"
21-Oct-20,Cheque,23,0,"424,218.58"
21-Oct-20,ATM,"19,966.00",0,"444,184.58"
21-Oct-20,Commission,"369,093.00",0,"813,277.58"
21-Oct-20,Tax,0,"203,319.40","609,958.18"
21-Oct-20,Debit Card,22.8,0,"609,980.98"
21-Oct-20,Transfer,0,"304,990.49","304,990.49"
21-Oct-20,IMPS,0,"43,570.07","261,420.42"
21-Oct-20,Tax,0,"37,345.77","224,074.65"
21-Oct-20,Transfer,"115,786.00",0,"339,860.65"
21-Oct-20,IMPS,8,0,"339,868.65"
21-Oct-20,Bill,0,"169,934.33","169,934.32"
21-Oct-20,NEFT,"95,086.00",0,"265,020.32"
21-Oct-20,RTGS,0,"37,860.05","227,160.27"
21-Oct-20,IMPS,"235,176.50",0,"462,336.77"
21-Oct-20,Interest,372,0,"462,708.77"
22-Oct-20,ATM,0,"154,236.26","308,472.51"
22-Oct-20,Bill,53,0,"308,525.51"
22-Oct-20,Commission,"2,075,751.00",0,"2,384,276.51"
22-Oct-20,Commission,7,0,"2,384,283.51"
22-Oct-20,Reversal,0,"238,428.35","2,145,855.16"
22-Oct-20,Bill,6.4,0,"2,145,861.56"
22-Oct-20,Transfer,410.6,0,"2,146,272.16"
23-Oct-20,Commission,0,"536,568.04","1,609,704.12"
23-Oct-20,Interest,138.1,0,"1,609,842.22"
23-Oct-20,Miscellaneous,"3,373.50",0,"1,613,215.72"
23-Oct-20,Miscellaneous,"257,873.70",0,"1,871,089.42"
24-Oct-20,Interest,0,"935,544.71","935,544.71"
24-Oct-20,Interest,0,"935,544.71",0
24-Oct-20,ATM,7.96,0,7.96
24-Oct-20,Transfer,"1,599,888.00",0,"1,599,895.96"
24-Oct-20,Purchase,0,"228,556.57","1,371,339.39"
24-Oct-20,Miscellaneous,"12,493.00",0,"1,383,832.39"
24-Oct-20,NEFT,0,"345,958.10","1,037,874.29"
24-Oct-20,IMPS,3.6,0,"1,037,877.89"
24-Oct-20,Transfer,4,0,"1,037,881.89"
24-Oct-20,Cheque,0,"518,940.95","518,940.94"
24-Oct-20,ATM,0,"86,490.16","432,450.78"
24-Oct-20,RTGS,0,"43,245.08","389,205.70"
24-Oct-20,Cheque,0,"38,920.57","350,285.13"
24-Oct-20,Reversal,0,"58,380.86","291,904.28"
24-Oct-20,Debit Card,312.85,0,"292,217.13"
24-Oct-20,Interest,0,"146,108.57","146,108.56"
24-Oct-20,RTGS,"1,787,091.00",0,"1,933,199.56"
24-Oct-20,Tax,348.97,0,"1,933,548.53"
24-Oct-20,Tax,7,0,"1,933,555.53"
24-Oct-20,Commission,"1,361,884.25",0,"3,295,439.78"
24-Oct-20,Miscellaneous,0,"329,543.98","2,965,895.80"
24-Oct-20,Commission,"3,870.00",0,"2,969,765.80"
24-Oct-20,IMPS,0,"329,973.98","2,639,791.82"
24-Oct-20,NEFT,"18,559.90",0,"2,658,351.72"
24-Oct-20,ATM,0,"2,658,351.72",0
24-Oct-20,IMPS,35,0,35
24-Oct-20,Debit Card,"16,023.00",0,"16,058.00"
25-Oct-20,Reversal,"19,611.00",0,"35,669.00"
25-Oct-20,Miscellaneous,0,"3,963.22","31,705.78"
25-Oct-20,NEFT,23,0,"31,728.78"
25-Oct-20,Miscellaneous,0,"4,532.68","27,196.10"
25-Oct-20,NEFT,"2,078.07",0,"29,274.17"
25-Oct-20,Bill,283,0,"29,557.17"
25-Oct-20,ATM,414,0,"29,971.17"
25-Oct-20,ATM,"1,695,376.50",0,"1,725,347.67"
25-Oct-20,RTGS,0,"246,478.24","1,478,869.43"
25-Oct-20,Miscellaneous,0,"739,434.72","739,434.72"
25-Oct-20,Miscellaneous,0,"123,239.12","616,195.60"
25-Oct-20,NEFT,0,"88,027.94","528,167.66"
25-Oct-20,NEFT,0,"52,816.77","475,350.89"
25-Oct-20,NEFT,0,"158,450.30","316,900.59"
25-Oct-20,Interest,"3,188.00",0,"320,088.59"
25-Oct-20,Commission,0,"64,017.72","256,070.87"
25-Oct-20,Commission,0,"25,607.09","230,463.78"
25-Oct-20,ATM,"103,080.00",0,"333,543.78"
25-Oct-20,Miscellaneous,0,"83,385.95","250,157.84"
25-Oct-20,Interest,0,"31,269.73","218,888.11"
25-Oct-20,Cheque,95.7,0,"218,983.81"
26-Oct-20,Cheque,0,"31,283.40","187,700.41"
26-Oct-20,RTGS,19,0,"187,719.41"
26-Oct-20,ATM,0,"18,771.94","168,947.47"
26-Oct-20,Cash,0,"18,771.94","150,175.53"
26-Oct-20,NEFT,"20,182.84",0,"170,358.37"
27-Oct-20,Cash,6.11,0,"170,364.48"
27-Oct-20,NEFT,0,"42,591.12","127,773.36"
27-Oct-20,Reversal,13,0,"127,786.36"
27-Oct-20,Cheque,18,0,"127,804.36"
27-Oct-20,IMPS,0,"25,560.87","102,243.49"
28-Oct-20,Tax,"54,274.31",0,"156,517.80"
28-Oct-20,Miscellaneous,0,"156,517.80",0
28-Oct-20,Reversal,8,0,8
28-Oct-20,Transfer,568,0,576
28-Oct-20,Reversal,"1,769,902.00",0,"1,770,478.00"
28-Oct-20,Reversal,0,"590,159.33","1,180,318.67"
28-Oct-20,Tax,186.5,0,"1,180,505.17"
28-Oct-20,Purchase,"2,017,450.75",0,"3,197,955.92"
28-Oct-20,Reversal,0,"799,488.98","2,398,466.94"
28-Oct-20,IMPS,"1,519.00",0,"2,399,985.94"
29-Oct-20,Reversal,0,"299,998.24","2,099,987.70"
29-Oct-20,IMPS,843,0,"2,100,830.70"
29-Oct-20,Commission,7.7,0,"2,100,838.40"
29-Oct-20,Interest,0,"233,426.49","1,867,411.91"
29-Oct-20,Cash,0,"266,773.13","1,600,638.78"
29-Oct-20,IMPS,14.18,0,"1,600,652.96"
29-Oct-20,Reversal,"22,480.98",0,"1,623,133.94"
29-Oct-20,Commission,0,"162,313.39","1,460,820.55"
29-Oct-20,Bill,419.88,0,"1,461,240.43"
29-Oct-20,Purchase,0,"146,124.04","1,315,116.39"
29-Oct-20,Bill,0,"187,873.77","1,127,242.62"
29-Oct-20,ATM,0,"125,249.18","1,001,993.44"
29-Oct-20,ATM,82.5,0,"1,002,075.94"
29-Oct-20,RTGS,90.98,0,"1,002,166.92"
29-Oct-20,Interest,0,"111,351.88","890,815.04"
29-Oct-20,Commission,0,"296,938.35","593,876.69"
29-Oct-20,RTGS,"2,013,326.00",0,"2,607,202.69"
29-Oct-20,Commission,0,"521,440.54","2,085,762.15"
29-Oct-20,Debit Card,0,"695,254.05","1,390,508.10"
29-Oct-20,Cash,0,"695,254.05","695,254.05"
29-Oct-20,ATM,0,"139,050.81","556,203.24"
29-Oct-20,Interest,"495,357.00",0,"1,051,560.24"
29-Oct-20,Miscellaneous,45,0,"1,051,605.24"
29-Oct-20,Transfer,0,"116,845.03","934,760.21"
29-Oct-20,IMPS,"98,096.50",0,"1,032,856.71"
29-Oct-20,Bill,0,"344,285.57","688,571.14"
29-Oct-20,IMPS,0,"344,285.57","344,285.57"
29-Oct-20,Bill,0,"344,285.57",0
29-Oct-20,Bill,"721,519.00",0,"721,519.00"
29-Oct-20,IMPS,0,"240,506.33","481,012.67"
29-Oct-20,Cheque,0,"120,253.17","360,759.50"
29-Oct-20,Cash,0,"51,537.07","309,222.43"
29-Oct-20,Transfer,"1,968.00",0,"311,190.43"
29-Oct-20,Commission,513.29,0,"311,703.72"
29-Oct-20,Bill,7,0,"311,710.72"
29-Oct-20,RTGS,503.93,0,"312,214.65"
29-Oct-20,Debit Card,"27,652.58",0,"339,867.23"
29-Oct-20,Tax,0,"48,552.46","291,314.77"
29-Oct-20,Cheque,0,"145,657.39","145,657.38"
29-Oct-20,Debit Card,0,"16,184.15","129,473.23"
29-Oct-20,Reversal,0,"12,947.32","116,525.91"
29-Oct-20,Cash,"1,864,732.00",0,"1,981,257.91"
29-Oct-20,Cash,0,"990,628.96","990,628.96"
29-Oct-20,Interest,0,"110,069.88","880,559.08"
29-Oct-20,Tax,0,"293,519.69","587,039.39"
30-Oct-20,NEFT,0,"65,226.60","521,812.79"
30-Oct-20,Debit Card,0,"74,544.68","447,268.11"
30-Oct-20,Interest,"2,679.80",0,"449,947.91"
30-Oct-20,NEFT,0,"64,278.27","385,669.64"
30-Oct-20,Bill,"1,656,865.80",0,"2,042,535.44"
30-Oct-20,Bill,"92,824.90",0,"2,135,360.34"
30-Oct-20,Purchase,"1,309,383.25",0,"3,444,743.59"
30-Oct-20,ATM,0,"1,722,371.80","1,722,371.80"
30-Oct-20,ATM,0,"215,296.48","1,507,075.32"
30-Oct-20,Tax,"1,526,978.50",0,"3,034,053.82"
30-Oct-20,Reversal,0,"337,117.09","2,696,936.73"
30-Oct-20,Cheque,56,0,"2,696,992.73"
30-Oct-20,Miscellaneous,"1,135.00",0,"2,698,127.73"
30-Oct-20,ATM,0,"674,531.93","2,023,595.80"
30-Oct-20,ATM,4.1,0,"2,023,599.90"
30-Oct-20,ATM,"508,999.00",0,"2,532,598.90"
30-Oct-20,Cash,0,"422,099.82","2,110,499.08"
30-Oct-20,Cash,4.4,0,"2,110,503.48"
30-Oct-20,Cash,159,0,"2,110,662.48"
30-Oct-20,ATM,60,0,"2,110,722.48"
30-Oct-20,ATM,0,"2,110,722.48",0
30-Oct-20,RTGS,6.62,0,6.62
30-Oct-20,NEFT,"1,926.00",0,"1,932.62"
30-Oct-20,ATM,0,276.09,"1,656.53"
30-Oct-20,Cash,0,414.13,"1,242.40"
30-Oct-20,Debit Card,"1,732.47",0,"2,974.87"
30-Oct-20,Tax,1.1,0,"2,975.97"
30-Oct-20,Commission,0,496,"2,479.98"
31-Oct-20,IMPS,"1,868.80",0,"4,348.78"
31-Oct-20,Transfer,"1,592,073.50",0,"1,596,422.28"
31-Oct-20,Purchase,1.35,0,"1,596,423.63"
31-Oct-20,Debit Card,"169,350.38",0,"1,765,774.01"
1-Nov-20,Commission,"26,815.61",0,"1,792,589.62"
1-Nov-20,Debit Card,0,"179,258.96","1,613,330.66"
1-Nov-20,Transfer,0,"201,666.33","1,411,664.33"
1-Nov-20,RTGS,0,"235,277.39","1,176,386.94"
1-Nov-20,Tax,"130,599.20",0,"1,306,986.14"
1-Nov-20,Purchase,0,"326,746.54","980,239.60"
1-Nov-20,Debit Card,"108,107.90",0,"1,088,347.50"
1-Nov-20,Transfer,6.14,0,"1,088,353.64"
1-Nov-20,RTGS,0,"120,928.18","967,425.46"
1-Nov-20,Interest,0,"967,425.46",0
1-Nov-20,ATM,47.32,0,47.32
1-Nov-20,Miscellaneous,"453,428.00",0,"453,475.32"
1-Nov-20,Tax,"215,608.00",0,"669,083.32"
1-Nov-20,Debit Card,"5,406.80",0,"674,490.12"
1-Nov-20,IMPS,0,"134,898.02","539,592.10"
1-Nov-20,ATM,6,0,"539,598.10"
1-Nov-20,Purchase,3.1,0,"539,601.20"
1-Nov-20,Tax,"189,438.06",0,"729,039.26"
1-Nov-20,Debit Card,15.66,0,"729,054.92"
1-Nov-20,Cheque,0,"72,905.49","656,149.43"
1-Nov-20,Debit Card,0,"82,018.68","574,130.75"
1-Nov-20,Debit Card,0,"63,792.31","510,338.44"
1-Nov-20,Commission,398.8,0,"510,737.24"
1-Nov-20,Cash,0,"56,748.58","453,988.66"
1-Nov-20,Cash,444.1,0,"454,432.76"
1-Nov-20,Reversal,0,"113,608.19","340,824.57"
1-Nov-20,Cheque,"196,301.80",0,"537,126.37"
1-Nov-20,ATM,0,"134,281.59","402,844.78"
1-Nov-20,Cheque,0,"201,422.39","201,422.39"
1-Nov-20,Cheque,0,"40,284.48","161,137.91"
1-Nov-20,NEFT,113.2,0,"161,251.11"
2-Nov-20,IMPS,0.6,0,"161,251.71"
2-Nov-20,Tax,0,"17,916.86","143,334.85"
2-Nov-20,Cash,"172,451.56",0,"315,786.41"
3-Nov-20,IMPS,"1,150.00",0,"316,936.41"
3-Nov-20,Commission,20.38,0,"316,956.79"
3-Nov-20,Interest,"705,106.00",0,"1,022,062.79"
3-Nov-20,Tax,5.6,0,"1,022,068.39"
3-Nov-20,Reversal,0,"340,689.46","681,378.93"
3-Nov-20,ATM,0,"340,689.47","340,689.46"
4-Nov-20,IMPS,0,"340,689.46",0
4-Nov-20,Commission,"95,022.30",0,"95,022.30"
4-Nov-20,Commission,"8,630.91",0,"103,653.21"
4-Nov-20,Purchase,"262,156.00",0,"365,809.21"
4-Nov-20,Bill,350.8,0,"366,160.01"
4-Nov-20,Transfer,178.9,0,"366,338.91"
4-Nov-20,Reversal,"187,267.70",0,"553,606.61"
4-Nov-20,Cash,"1,671,159.00",0,"2,224,765.61"
4-Nov-20,Cash,0,"317,823.66","1,906,941.95"
4-Nov-20,Tax,0,"272,420.28","1,634,521.67"
4-Nov-20,NEFT,299,0,"1,634,820.67"
4-Nov-20,RTGS,8.92,0,"1,634,829.59"
4-Nov-20,RTGS,468,0,"1,635,297.59"
4-Nov-20,IMPS,477.32,0,"1,635,774.91"
4-Nov-20,Miscellaneous,"30,339.05",0,"1,666,113.96"
4-Nov-20,Cash,45,0,"1,666,158.96"
4-Nov-20,IMPS,0,"1,666,158.96",0
4-Nov-20,Miscellaneous,"3,166.80",0,"3,166.80"
4-Nov-20,Cheque,"12,348.00",0,"15,514.80"
5-Nov-20,Commission,"7,727.00",0,"23,241.80"
5-Nov-20,IMPS,0,"2,324.18","20,917.62"
5-Nov-20,IMPS,"26,726.90",0,"47,644.52"
5-Nov-20,Commission,0,"6,806.36","40,838.16"
5-Nov-20,Debit Card,2,0,"40,840.16"
5-Nov-20,Interest,4.83,0,"40,844.99"
5-Nov-20,Commission,0,"8,169.00","32,675.99"
5-Nov-20,Purchase,0.2,0,"32,676.19"
5-Nov-20,Transfer,"1,496,046.00",0,"1,528,722.19"
5-Nov-20,Purchase,0,"1,528,722.19",0
5-Nov-20,Tax,"60,313.94",0,"60,313.94"
5-Nov-20,Purchase,0,"6,701.55","53,612.39"
6-Nov-20,Tax,510.6,0,"54,122.99"
6-Nov-20,RTGS,"1,195.68",0,"55,318.67"
6-Nov-20,Bill,"1,934.00",0,"57,252.67"
6-Nov-20,Cash,"47,946.28",0,"105,198.95"
6-Nov-20,Interest,"11,764.00",0,"116,962.95"
6-Nov-20,RTGS,0,"16,708.99","100,253.96"
6-Nov-20,Cash,"21,497.59",0,"121,751.55"
6-Nov-20,Purchase,0,"12,175.16","109,576.40"
6-Nov-20,RTGS,"3,900.90",0,"113,477.30"
6-Nov-20,Commission,0,"56,738.65","56,738.65"
6-Nov-20,Debit Card,0,"5,673.87","51,064.78"
6-Nov-20,Tax,368,0,"51,432.78"
6-Nov-20,Debit Card,"12,593.40",0,"64,026.18"
6-Nov-20,Miscellaneous,0,"16,006.55","48,019.64"
6-Nov-20,Reversal,0,"5,335.52","42,684.12"
6-Nov-20,IMPS,2,0,"42,686.12"
6-Nov-20,Transfer,0,"14,228.71","28,457.41"
6-Nov-20,Miscellaneous,0,"4,742.90","23,714.51"
6-Nov-20,ATM,"1,241.98",0,"24,956.49"
6-Nov-20,Cash,6,0,"24,962.49"
6-Nov-20,IMPS,0,"4,992.50","19,969.99"
6-Nov-20,Miscellaneous,0,"6,656.66","13,313.33"
6-Nov-20,Bill,0,"1,664.17","11,649.16"
6-Nov-20,Interest,0,"1,664.17","9,984.99"
6-Nov-20,Debit Card,319,0,"10,303.99"
6-Nov-20,Tax,0,"1,030.40","9,273.59"
6-Nov-20,Transfer,"2,071.20",0,"11,344.79"
6-Nov-20,NEFT,47,0,"11,391.79"
6-Nov-20,Commission,0,"2,278.36","9,113.43"
6-Nov-20,Commission,3,0,"9,116.43"
7-Nov-20,IMPS,0,"1,519.41","7,597.02"
8-Nov-20,Reversal,0,"7,597.02",0
8-Nov-20,Debit Card,345,0,345
9-Nov-20,Interest,"7,861.82",0,"8,206.82"
9-Nov-20,Miscellaneous,0,"4,103.41","4,103.41"
9-Nov-20,Interest,0,"1,367.80","2,735.61"
9-Nov-20,NEFT,5,0,"2,740.61"
9-Nov-20,Transfer,0,685.15,"2,055.46"
9-Nov-20,ATM,0,228.38,"1,827.08"
9-Nov-20,Transfer,"228,586.00",0,"230,413.08"
9-Nov-20,Debit Card,13.7,0,"230,426.78"
9-Nov-20,RTGS,0,"38,404.46","192,022.32"
9-Nov-20,Interest,"2,250.49",0,"194,272.81"
9-Nov-20,Miscellaneous,"6,137.25",0,"200,410.06"
9-Nov-20,Commission,201,0,"200,611.06"
9-Nov-20,NEFT,407.8,0,"201,018.86"
9-Nov-20,Cash,0,"67,006.29","134,012.57"
9-Nov-20,Interest,0,"26,802.51","107,210.06"
9-Nov-20,Miscellaneous,8,0,"107,218.06"
9-Nov-20,Cheque,0,"107,218.06",0
9-Nov-20,IMPS,"3,017.00",0,"3,017.00"
9-Nov-20,Miscellaneous,0,431,"2,586.00"
9-Nov-20,Purchase,2.7,0,"2,588.70"
9-Nov-20,Bill,0,369.81,"2,218.89"
9-Nov-20,Bill,"3,524.21",0,"5,743.10"
9-Nov-20,Miscellaneous,0,717.89,"5,025.21"
9-Nov-20,NEFT,0,"2,512.61","2,512.60"
9-Nov-20,ATM,0,418.77,"2,093.83"
9-Nov-20,Commission,"72,645.00",0,"74,738.83"
9-Nov-20,NEFT,"40,851.50",0,"115,590.33"
9-Nov-20,Miscellaneous,0,"23,118.07","92,472.26"
9-Nov-20,IMPS,0,"46,236.13","46,236.13"
9-Nov-20,RTGS,0,"5,137.35","41,098.78"
9-Nov-20,Bill,0,"6,849.80","34,248.98"
9-Nov-20,NEFT,0,"17,124.49","17,124.49"
9-Nov-20,Reversal,339,0,"17,463.49"
9-Nov-20,Purchase,"55,418.50",0,"72,881.99"
9-Nov-20,Bill,0,"24,294.00","48,587.99"
9-Nov-20,Reversal,0,"5,398.67","43,189.32"
9-Nov-20,Miscellaneous,"1,420,831.80",0,"1,464,021.12"
9-Nov-20,Cheque,0,"209,145.87","1,254,875.25"
9-Nov-20,Cheque,19.8,0,"1,254,895.05"
9-Nov-20,NEFT,394,0,"1,255,289.05"
9-Nov-20,Debit Card,0,"209,214.84","1,046,074.21"
9-Nov-20,IMPS,0.72,0,"1,046,074.93"
9-Nov-20,Miscellaneous,"3,026.45",0,"1,049,101.38"
9-Nov-20,ATM,0,"104,910.14","944,191.24"
9-Nov-20,Debit Card,"4,076.57",0,"948,267.81"
9-Nov-20,Interest,0,"948,267.81",0
9-Nov-20,Miscellaneous,"895,883.00",0,"895,883.00"
9-Nov-20,Miscellaneous,0,"895,883.00",0
9-Nov-20,IMPS,273.6,0,273.6
9-Nov-20,Cheque,421.5,0,695.1
9-Nov-20,IMPS,452.6,0,"1,147.70"
9-Nov-20,Debit Card,"108,416.00",0,"109,563.70"
9-Nov-20,Cheque,0,0,"109,563.70"
9-Nov-20,Cheque,0,0,"109,563.70"
9-Nov-20,Cheque,0,"15,651.96","93,911.74"
9-Nov-20,Cheque,0,"31,303.91","62,607.83"
10-Nov-20,ATM,726,0,"63,333.83"
10-Nov-20,Reversal,0,"7,037.09","56,296.74"
10-Nov-20,Cash,988.8,0,"57,285.54"
10-Nov-20,NEFT,1.8,0,"57,287.34"
10-Nov-20,Reversal,"4,043.35",0,"61,330.69"
10-Nov-20,Interest,0,"7,666.34","53,664.35"
10-Nov-20,RTGS,0,"26,832.18","26,832.18"
10-Nov-20,Reversal,0,"2,683.22","24,148.96"
10-Nov-20,Purchase,19.64,0,"24,168.60"
10-Nov-20,ATM,0,"2,416.86","21,751.74"
10-Nov-20,Interest,0,"2,416.86","19,334.88"
10-Nov-20,NEFT,"1,074,028.00",0,"1,093,362.88"
10-Nov-20,Cheque,"649,527.80",0,"1,742,890.68"
10-Nov-20,Commission,0,"193,654.52","1,549,236.16"
10-Nov-20,RTGS,63,0,"1,549,299.16"
10-Nov-20,Purchase,0,"154,929.92","1,394,369.24"
10-Nov-20,Bill,8,0,"1,394,377.24"
10-Nov-20,Tax,0,"348,594.31","1,045,782.93"
10-Nov-20,IMPS,0,"522,891.47","522,891.46"
10-Nov-20,Cheque,0,"74,698.78","448,192.68"
10-Nov-20,RTGS,0,"64,027.53","384,165.15"
10-Nov-20,Tax,"28,074.10",0,"412,239.25"
10-Nov-20,Interest,0,"51,529.91","360,709.34"
10-Nov-20,Commission,0,"120,236.45","240,472.89"
10-Nov-20,Bill,0,"40,078.82","200,394.08"
10-Nov-20,ATM,0,"50,098.52","150,295.56"
10-Nov-20,Cash,"3,078.00",0,"153,373.56"
10-Nov-20,Transfer,0,"30,674.71","122,698.85"
10-Nov-20,Cheque,0.83,0,"122,699.68"
10-Nov-20,Interest,0,"13,633.30","109,066.38"
10-Nov-20,Miscellaneous,140.4,0,"109,206.78"
10-Nov-20,RTGS,635.6,0,"109,842.38"
10-Nov-20,IMPS,5,0,"109,847.38"
10-Nov-20,Cheque,"15,643.00",0,"125,490.38"
10-Nov-20,IMPS,0,"62,745.19","62,745.19"
10-Nov-20,Cash,5.36,0,"62,750.55"
11-Nov-20,Cheque,0,"7,843.82","54,906.73"
11-Nov-20,Miscellaneous,0,"27,453.37","27,453.36"
11-Nov-20,NEFT,0,"5,490.67","21,962.69"
11-Nov-20,Tax,"489,721.00",0,"511,683.69"
11-Nov-20,Bill,0,"51,168.37","460,515.32"
11-Nov-20,Purchase,0,"65,787.90","394,727.42"
11-Nov-20,Reversal,0,"43,858.60","350,868.82"
11-Nov-20,ATM,"143,368.50",0,"494,237.32"
11-Nov-20,Debit Card,"19,535.80",0,"513,773.12"
11-Nov-20,ATM,0.82,0,"513,773.94"
11-Nov-20,Transfer,"2,674.04",0,"516,447.98"
11-Nov-20,Interest,"69,157.90",0,"585,605.88"
11-Nov-20,Purchase,5,0,"585,610.88"
11-Nov-20,Cash,35.13,0,"585,646.01"
11-Nov-20,Miscellaneous,0,"585,646.01",0
11-Nov-20,ATM,31.4,0,31.4
11-Nov-20,Reversal,42.1,0,73.5
11-Nov-20,Commission,0,14.7,58.8
11-Nov-20,Interest,0,14.7,44.1
11-Nov-20,NEFT,0,14.7,29.4
11-Nov-20,Bill,61.42,0,90.82
11-Nov-20,Purchase,0,9.08,81.74
11-Nov-20,Commission,"2,440.00",0,"2,521.74"
11-Nov-20,Interest,0,"1,260.87","1,260.87"
11-Nov-20,IMPS,"1,297,628.00",0,"1,298,888.87"
11-Nov-20,Cash,2,0,"1,298,890.87"
11-Nov-20,NEFT,0,"432,963.62","865,927.25"
11-Nov-20,Debit Card,308,0,"866,235.25"
11-Nov-20,IMPS,0,"144,372.54","721,862.71"
11-Nov-20,Cheque,"252,645.56",0,"974,508.27"
11-Nov-20,Commission,0,"487,254.14","487,254.14"
11-Nov-20,ATM,257.63,0,"487,511.77"
11-Nov-20,Reversal,0,"487,511.77",0
11-Nov-20,Commission,"1,499,015.50",0,"1,499,015.50"
11-Nov-20,Interest,"792,455.00",0,"2,291,470.50"
11-Nov-20,RTGS,0,"286,433.81","2,005,036.69"
11-Nov-20,Tax,"562,644.75",0,"2,567,681.44"
11-Nov-20,RTGS,0,"256,768.14","2,310,913.30"
11-Nov-20,Interest,0,"231,091.33","2,079,821.97"
11-Nov-20,RTGS,336,0,"2,080,157.97"
11-Nov-20,Reversal,0,"346,693.00","1,733,464.98"
11-Nov-20,Reversal,"70,755.70",0,"1,804,220.68"
11-Nov-20,Cash,"122,285.25",0,"1,926,505.93"
11-Nov-20,Purchase,"16,844.10",0,"1,943,350.03"
12-Nov-20,Commission,0,"971,675.02","971,675.02"
12-Nov-20,IMPS,0,"971,675.02",0
12-Nov-20,Purchase,"821,424.20",0,"821,424.20"
12-Nov-20,IMPS,0,"821,424.20",0
12-Nov-20,Debit Card,5,0,5
12-Nov-20,Cheque,"177,318.00",0,"177,323.00"
12-Nov-20,Commission,6.15,0,"177,329.15"
12-Nov-20,Cheque,0,"17,732.92","159,596.23"
12-Nov-20,Transfer,"14,592.00",0,"174,188.23"
12-Nov-20,Tax,0,"29,031.37","145,156.86"
12-Nov-20,IMPS,0,"24,192.81","120,964.05"
12-Nov-20,Debit Card,0,"30,241.01","90,723.04"
12-Nov-20,Tax,167,0,"90,890.04"
12-Nov-20,Reversal,7,0,"90,897.04"
12-Nov-20,Reversal,0,"30,299.01","60,598.03"
12-Nov-20,Commission,0,"15,149.51","45,448.52"
12-Nov-20,Transfer,"3,384.00",0,"48,832.52"
12-Nov-20,Bill,0,"48,832.52",0
12-Nov-20,Bill,"3,691.49",0,"3,691.49"
12-Nov-20,Cash,0,738.3,"2,953.19"
12-Nov-20,Commission,0,328.13,"2,625.06"
12-Nov-20,Cheque,0,875.02,"1,750.04"
12-Nov-20,Bill,5,0,"1,755.04"
12-Nov-20,Miscellaneous,15,0,"1,770.04"
12-Nov-20,Bill,0.68,0,"1,770.72"
12-Nov-20,Bill,"995,802.00",0,"997,572.72"
12-Nov-20,Debit Card,0.4,0,"997,573.12"
12-Nov-20,Interest,0,"166,262.19","831,310.93"
12-Nov-20,Transfer,0,"118,758.70","712,552.23"
12-Nov-20,Tax,0,"712,552.23",0
12-Nov-20,IMPS,61,0,61
12-Nov-20,Commission,0,12.2,48.8
12-Nov-20,Cheque,0,16.27,32.53
12-Nov-20,NEFT,0,3.25,29.28
12-Nov-20,Interest,0,3.66,25.62
12-Nov-20,ATM,0,12.81,12.81
13-Nov-20,Transfer,"1,391.00",0,"1,403.81"
13-Nov-20,Cheque,"46,033.00",0,"47,436.81"
13-Nov-20,Tax,"1,894,891.25",0,"1,942,328.06"
13-Nov-20,Miscellaneous,0,"194,232.81","1,748,095.25"
13-Nov-20,Tax,"3,193.00",0,"1,751,288.25"
13-Nov-20,RTGS,"2,881.00",0,"1,754,169.25"
13-Nov-20,Interest,0,"438,542.31","1,315,626.94"
13-Nov-20,Cheque,46.62,0,"1,315,673.56"
13-Nov-20,Reversal,0,"131,567.36","1,184,106.20"
13-Nov-20,Interest,0,"197,351.03","986,755.17"
13-Nov-20,Cash,0,"493,377.59","493,377.58"
13-Nov-20,NEFT,"33,561.38",0,"526,938.96"
13-Nov-20,Cheque,0,"263,469.48","263,469.48"
13-Nov-20,Purchase,3.7,0,"263,473.18"
13-Nov-20,Purchase,440.79,0,"263,913.97"
13-Nov-20,Tax,170.49,0,"264,084.46"
13-Nov-20,Commission,"23,468.00",0,"287,552.46"
13-Nov-20,RTGS,205,0,"287,757.46"
13-Nov-20,Tax,"218,582.91",0,"506,340.37"
13-Nov-20,Miscellaneous,"15,266.00",0,"521,606.37"
13-Nov-20,Debit Card,509.01,0,"522,115.38"
13-Nov-20,Interest,134.1,0,"522,249.48"
13-Nov-20,Interest,0,"74,607.07","447,642.41"
13-Nov-20,Reversal,0,"223,821.21","223,821.20"
13-Nov-20,IMPS,0,"223,821.20",0
13-Nov-20,IMPS,112.61,0,112.61
13-Nov-20,Tax,0,112.61,0
13-Nov-20,Debit Card,395,0,395
13-Nov-20,Cheque,0,43.89,351.11
13-Nov-20,Reversal,0,58.52,292.59
13-Nov-20,RTGS,0,29.26,263.33
13-Nov-20,Bill,0,52.67,210.66
13-Nov-20,NEFT,4.5,0,215.16
13-Nov-20,Tax,0,26.9,188.26
14-Nov-20,Cheque,237.84,0,426.1
14-Nov-20,Tax,44.71,0,470.81
14-Nov-20,NEFT,0,58.85,411.96
14-Nov-20,Tax,"1,256.00",0,"1,667.96"
14-Nov-20,Commission,0,833.98,833.98
14-Nov-20,Cheque,0,833.98,0
14-Nov-20,Purchase,3,0,3
14-Nov-20,Reversal,0,0.3,2.7
14-Nov-20,Tax,0,0.34,2.36
14-Nov-20,NEFT,0,0.3,2.06
14-Nov-20,NEFT,0,1.03,1.03
14-Nov-20,Purchase,"2,029,620.00",0,"2,029,621.03"
14-Nov-20,ATM,0,"338,270.17","1,691,350.86"
14-Nov-20,Reversal,"27,179.00",0,"1,718,529.86"
14-Nov-20,RTGS,3.8,0,"1,718,533.66"
14-Nov-20,Reversal,0,"1,718,533.66",0
14-Nov-20,Bill,"1,865,295.20",0,"1,865,295.20"
14-Nov-20,Cheque,0,"932,647.60","932,647.60"
14-Nov-20,Transfer,0,"466,323.80","466,323.80"
14-Nov-20,Tax,0,"116,580.95","349,742.85"
14-Nov-20,Cash,0,"43,717.86","306,024.99"
14-Nov-20,Purchase,0,"30,602.50","275,422.49"
14-Nov-20,Bill,0,"55,084.50","220,337.99"
14-Nov-20,Tax,0,"36,723.00","183,614.99"
14-Nov-20,Cheque,0,"61,205.00","122,409.99"
14-Nov-20,RTGS,"72,977.90",0,"195,387.89"
14-Nov-20,Tax,"20,679.54",0,"216,067.43"
14-Nov-20,Reversal,0,"30,866.78","185,200.65"
14-Nov-20,IMPS,0,"23,150.08","162,050.57"
14-Nov-20,ATM,0,"18,005.62","144,044.95"
14-Nov-20,Bill,0,"144,044.95",0
15-Nov-20,Purchase,53,0,53
15-Nov-20,Interest,0,17.67,35.33
15-Nov-20,Transfer,0,35.33,0
15-Nov-20,Purchase,"4,071.10",0,"4,071.10"
15-Nov-20,Cheque,"16,598.80",0,"20,669.90"
15-Nov-20,ATM,44.9,0,"20,714.80"
15-Nov-20,Cheque,"2,852.00",0,"23,566.80"
15-Nov-20,Purchase,"26,407.47",0,"49,974.27"
15-Nov-20,Transfer,51,0,"50,025.27"
15-Nov-20,Cash,321.14,0,"50,346.41"
15-Nov-20,Purchase,0,"5,594.05","44,752.36"
15-Nov-20,IMPS,0,"4,972.48","39,779.88"
15-Nov-20,IMPS,0,"9,944.97","29,834.91"
15-Nov-20,RTGS,7.2,0,"29,842.11"
15-Nov-20,Bill,5.71,0,"29,847.82"
15-Nov-20,Tax,0,"3,316.42","26,531.40"
15-Nov-20,Reversal,"3,378.45",0,"29,909.85"
15-Nov-20,ATM,4,0,"29,913.85"
15-Nov-20,ATM,"29,190.00",0,"59,103.85"
15-Nov-20,Miscellaneous,0,"6,567.09","52,536.76"
15-Nov-20,Debit Card,0,"17,512.25","35,024.51"
15-Nov-20,Commission,0,"35,024.51",0
15-Nov-20,Purchase,"222,479.50",0,"222,479.50"
15-Nov-20,Purchase,"3,145.89",0,"225,625.39"
15-Nov-20,NEFT,0,"32,232.20","193,393.19"
15-Nov-20,IMPS,37.25,0,"193,430.44"
15-Nov-20,Cash,"23,081.60",0,"216,512.04"
15-Nov-20,RTGS,0,"72,170.68","144,341.36"
15-Nov-20,Debit Card,0,"14,434.14","129,907.22"
15-Nov-20,ATM,7.4,0,"129,914.62"
16-Nov-20,Reversal,0,"12,991.46","116,923.16"
16-Nov-20,Reversal,0,"19,487.19","97,435.97"
16-Nov-20,Cash,0,"97,435.97",0
16-Nov-20,RTGS,"227,222.41",0,"227,222.41"
16-Nov-20,Tax,"1,366,813.00",0,"1,594,035.41"
16-Nov-20,IMPS,"784,448.80",0,"2,378,484.21"
16-Nov-20,NEFT,5.79,0,"2,378,490.00"
17-Nov-20,Commission,0,"297,311.25","2,081,178.75"
17-Nov-20,Interest,4.5,0,"2,081,183.25"
17-Nov-20,Bill,0,"2,081,183.25",0
17-Nov-20,Commission,"30,221.00",0,"30,221.00"
17-Nov-20,Cash,0,"4,317.29","25,903.71"
17-Nov-20,Reversal,0,"8,634.57","17,269.14"
17-Nov-20,Cheque,5.6,0,"17,274.74"
17-Nov-20,Tax,0,"5,758.25","11,516.49"
17-Nov-20,Cheque,0,"1,151.65","10,364.84"
17-Nov-20,Commission,"3,012.00",0,"13,376.84"
17-Nov-20,Debit Card,320.9,0,"13,697.74"
18-Nov-20,IMPS,36.08,0,"13,733.82"
18-Nov-20,ATM,25.98,0,"13,759.80"
18-Nov-20,Cheque,0,"13,759.80",0
18-Nov-20,Interest,"179,277.00",0,"179,277.00"
18-Nov-20,Commission,0,"44,819.25","134,457.75"
18-Nov-20,Interest,0,"67,228.88","67,228.88"
18-Nov-20,Bill,0,"11,204.81","56,024.07"
18-Nov-20,Miscellaneous,4.98,0,"56,029.05"
18-Nov-20,Transfer,3,0,"56,032.05"
18-Nov-20,ATM,0,"11,206.41","44,825.64"
19-Nov-20,Interest,0,"5,603.21","39,222.44"
19-Nov-20,IMPS,4.9,0,"39,227.34"
19-Nov-20,IMPS,0,"19,613.67","19,613.67"
19-Nov-20,Tax,71.6,0,"19,685.27"
19-Nov-20,ATM,272.55,0,"19,957.82"
19-Nov-20,Tax,0,"2,494.73","17,463.09"
20-Nov-20,Cheque,0,"5,821.03","11,642.06"
20-Nov-20,Transfer,0,"3,880.69","7,761.37"
20-Nov-20,Cash,"19,451.83",0,"27,213.20"
20-Nov-20,NEFT,0,"3,887.60","23,325.60"
20-Nov-20,Debit Card,2.34,0,"23,327.94"
20-Nov-20,ATM,0,"11,663.97","11,663.97"
20-Nov-20,Reversal,0,"3,887.99","7,775.98"
20-Nov-20,RTGS,"2,088,811.80",0,"2,096,587.78"
20-Nov-20,Debit Card,2.7,0,"2,096,590.48"
20-Nov-20,IMPS,0,"349,431.75","1,747,158.73"
20-Nov-20,Miscellaneous,45,0,"1,747,203.73"
21-Nov-20,NEFT,5.04,0,"1,747,208.77"
21-Nov-20,Cash,0,"291,201.46","1,456,007.31"
21-Nov-20,Tax,262.75,0,"1,456,270.06"
21-Nov-20,Cheque,0,"208,038.58","1,248,231.48"
21-Nov-20,Purchase,"2,143.72",0,"1,250,375.20"
21-Nov-20,Transfer,"4,043.80",0,"1,254,419.00"
21-Nov-20,Cash,0,"313,604.75","940,814.25"
21-Nov-20,Cash,0,"134,402.04","806,412.21"
21-Nov-20,Cheque,0,"134,402.04","672,010.18"
21-Nov-20,Purchase,4.38,0,"672,014.56"
21-Nov-20,Reversal,0,"67,201.46","604,813.10"
21-Nov-20,RTGS,0,"67,201.46","537,611.64"
21-Nov-20,RTGS,"1,663,480.00",0,"2,201,091.64"
21-Nov-20,Bill,0,"366,848.61","1,834,243.03"
22-Nov-20,Cash,0.99,0,"1,834,244.02"
22-Nov-20,NEFT,20,0,"1,834,264.02"
22-Nov-20,Miscellaneous,"90,437.30",0,"1,924,701.32"
22-Nov-20,ATM,0,"962,350.66","962,350.66"
22-Nov-20,Tax,772,0,"963,122.66"
22-Nov-20,Cheque,0,"192,624.53","770,498.13"
22-Nov-20,Reversal,0,"128,416.36","642,081.78"
22-Nov-20,IMPS,289.3,0,"642,371.08"
22-Nov-20,Transfer,499.7,0,"642,870.78"
22-Nov-20,Transfer,0,"91,838.68","551,032.10"
22-Nov-20,ATM,"902,256.80",0,"1,453,288.90"
22-Nov-20,Cash,"197,432.00",0,"1,650,720.90"
22-Nov-20,NEFT,"2,099.07",0,"1,652,819.97"
22-Nov-20,ATM,"229,747.00",0,"1,882,566.97"
22-Nov-20,Reversal,0,"268,938.14","1,613,628.83"
22-Nov-20,Interest,"3,721.00",0,"1,617,349.83"
22-Nov-20,Transfer,5.2,0,"1,617,355.03"
22-Nov-20,Purchase,0,"161,735.50","1,455,619.53"
22-Nov-20,Purchase,0,"363,904.88","1,091,714.65"
22-Nov-20,ATM,"29,862.00",0,"1,121,576.65"
22-Nov-20,Debit Card,"8,506.19",0,"1,130,082.84"
22-Nov-20,ATM,0,"565,041.42","565,041.42"
22-Nov-20,Interest,0,"188,347.14","376,694.28"
22-Nov-20,Purchase,"221,597.90",0,"598,292.18"
22-Nov-20,RTGS,8.29,0,"598,300.47"
22-Nov-20,Miscellaneous,"3,340.00",0,"601,640.47"
22-Nov-20,Interest,"1,945,724.80",0,"2,547,365.27"
22-Nov-20,Transfer,0,"509,473.05","2,037,892.22"
22-Nov-20,Transfer,"17,454.00",0,"2,055,346.22"
22-Nov-20,Reversal,0,"342,557.70","1,712,788.52"
22-Nov-20,Miscellaneous,"1,044.00",0,"1,713,832.52"
22-Nov-20,Commission,0,"190,425.84","1,523,406.68"
22-Nov-20,Interest,38.1,0,"1,523,444.78"
22-Nov-20,Tax,"32,639.73",0,"1,556,084.51"
22-Nov-20,Cheque,0,"518,694.84","1,037,389.67"
22-Nov-20,Bill,5,0,"1,037,394.67"
23-Nov-20,Commission,0,"115,266.07","922,128.60"
23-Nov-20,ATM,"659,066.00",0,"1,581,194.60"
23-Nov-20,ATM,257,0,"1,581,451.60"
23-Nov-20,Reversal,0,"225,921.66","1,355,529.94"
23-Nov-20,IMPS,0,"135,552.99","1,219,976.95"
23-Nov-20,ATM,0,"203,329.49","1,016,647.46"
23-Nov-20,Reversal,"158,929.09",0,"1,175,576.55"
23-Nov-20,Commission,"163,331.00",0,"1,338,907.55"
24-Nov-20,Interest,"2,691.00",0,"1,341,598.55"
24-Nov-20,Cash,0,"447,199.52","894,399.03"
24-Nov-20,Bill,0,"127,771.29","766,627.74"
24-Nov-20,NEFT,0,"255,542.58","511,085.16"
24-Nov-20,Debit Card,0,"56,787.24","454,297.92"
24-Nov-20,Cash,389.24,0,"454,687.16"
24-Nov-20,Tax,0,"64,955.31","389,731.85"
24-Nov-20,Commission,0,"194,865.93","194,865.92"
24-Nov-20,ATM,"3,949.00",0,"198,814.92"
24-Nov-20,Miscellaneous,0,"99,407.46","99,407.46"
24-Nov-20,Cash,"23,142.50",0,"122,549.96"
24-Nov-20,Interest,7.1,0,"122,557.06"
24-Nov-20,ATM,"14,545.11",0,"137,102.17"
24-Nov-20,RTGS,0,"68,551.09","68,551.09"
24-Nov-20,Purchase,0,"68,551.09",0
24-Nov-20,Transfer,499.1,0,499.1
24-Nov-20,Miscellaneous,0,124.78,374.33
24-Nov-20,Bill,997.9,0,"1,372.23"
24-Nov-20,Cheque,6,0,"1,378.23"
24-Nov-20,Cash,"262,075.69",0,"263,453.92"
24-Nov-20,Reversal,468.65,0,"263,922.57"
24-Nov-20,Tax,306.11,0,"264,228.68"
24-Nov-20,RTGS,0,"264,228.68",0
24-Nov-20,Debit Card,"588,056.50",0,"588,056.50"
24-Nov-20,Miscellaneous,50.2,0,"588,106.70"
24-Nov-20,IMPS,0,"58,810.67","529,296.03"
24-Nov-20,Cash,"16,548.71",0,"545,844.74"
24-Nov-20,RTGS,"1,384.00",0,"547,228.74"
24-Nov-20,Interest,6,0,"547,234.74"
24-Nov-20,Interest,0,"547,234.74",0
24-Nov-20,Miscellaneous,451.04,0,451.04
24-Nov-20,Cheque,"12,985.73",0,"13,436.77"
24-Nov-20,NEFT,"675,670.00",0,"689,106.77"
24-Nov-20,IMPS,0,"68,910.68","620,196.09"
24-Nov-20,Cash,"29,714.80",0,"649,910.89"
24-Nov-20,Purchase,0,"72,212.32","577,698.57"
24-Nov-20,Purchase,"3,427.10",0,"581,125.67"
24-Nov-20,IMPS,"3,492.80",0,"584,618.47"
24-Nov-20,Purchase,0,"292,309.24","292,309.24"
24-Nov-20,Miscellaneous,"1,946,180.50",0,"2,238,489.74"
24-Nov-20,Purchase,0,"559,622.44","1,678,867.31"
24-Nov-20,Debit Card,0,"839,433.66","839,433.66"
24-Nov-20,NEFT,3.94,0,"839,437.60"
24-Nov-20,IMPS,7,0,"839,444.60"
24-Nov-20,Cash,0,"839,444.60",0
24-Nov-20,Tax,"17,214.00",0,"17,214.00"
24-Nov-20,Debit Card,0,"2,459.14","14,754.86"
24-Nov-20,NEFT,0,"1,844.36","12,910.50"
24-Nov-20,IMPS,"19,147.00",0,"32,057.50"
24-Nov-20,Cash,0,"4,007.19","28,050.31"
24-Nov-20,Bill,0,"3,506.29","24,544.02"
24-Nov-20,Cheque,"25,076.80",0,"49,620.82"
24-Nov-20,Tax,46.3,0,"49,667.12"
24-Nov-20,Debit Card,55.6,0,"49,722.72"
24-Nov-20,Miscellaneous,260.65,0,"49,983.37"
24-Nov-20,Bill,0,"4,998.34","44,985.03"
24-Nov-20,Tax,0,"4,998.34","39,986.69"
24-Nov-20,ATM,0,"19,993.35","19,993.34"
24-Nov-20,ATM,0,"6,664.45","13,328.89"
24-Nov-20,Commission,"657,739.50",0,"671,068.39"
24-Nov-20,Reversal,2.73,0,"671,071.12"
24-Nov-20,IMPS,"242,634.60",0,"913,705.72"
24-Nov-20,NEFT,0,"913,705.72",0
24-Nov-20,Miscellaneous,421,0,421
24-Nov-20,Interest,"8,447.72",0,"8,868.72"
24-Nov-20,Tax,0,886.87,"7,981.85"
24-Nov-20,Miscellaneous,6.1,0,"7,987.95"
24-Nov-20,NEFT,0,"1,597.59","6,390.36"
24-Nov-20,Reversal,0,912.91,"5,477.45"
24-Nov-20,Transfer,0,547.75,"4,929.70"
24-Nov-20,Interest,0,616.21,"4,313.49"
24-Nov-20,RTGS,0,"4,313.49",0
24-Nov-20,Miscellaneous,15.8,0,15.8
24-Nov-20,IMPS,81.91,0,97.71
24-Nov-20,ATM,0,19.54,78.17
25-Nov-20,Debit Card,"2,158.00",0,"2,236.17"
25-Nov-20,Interest,0,279.52,"1,956.65"
25-Nov-20,Cash,0,279.52,"1,677.13"
25-Nov-20,IMPS,"16,171.07",0,"17,848.20"
25-Nov-20,Purchase,33,0,"17,881.20"
25-Nov-20,Cheque,0,"3,576.24","14,304.96"
25-Nov-20,Transfer,"233,905.50",0,"248,210.46"
25-Nov-20,Cash,0,"35,458.64","212,751.82"
25-Nov-20,Purchase,462.3,0,"213,214.12"
25-Nov-20,Interest,"202,420.00",0,"415,634.12"
25-Nov-20,Commission,0,"69,272.35","346,361.77"
25-Nov-20,Debit Card,0,"86,590.44","259,771.33"
26-Nov-20,Commission,0,"86,590.44","173,180.89"
27-Nov-20,Miscellaneous,0,"21,647.61","151,533.28"
27-Nov-20,Purchase,0,"25,255.55","126,277.73"
27-Nov-20,IMPS,0,"21,046.29","105,231.44"
27-Nov-20,Interest,0,"26,307.86","78,923.58"
28-Nov-20,Purchase,"82,760.40",0,"161,683.98"
28-Nov-20,Commission,0,"17,964.89","143,719.09"
28-Nov-20,RTGS,371.8,0,"144,090.89"
28-Nov-20,NEFT,"21,388.00",0,"165,478.89"
28-Nov-20,Reversal,0,"55,159.63","110,319.26"
28-Nov-20,ATM,459.94,0,"110,779.20"
28-Nov-20,Cheque,0,"11,077.92","99,701.28"
28-Nov-20,NEFT,54.12,0,"99,755.40"
28-Nov-20,Miscellaneous,492.71,0,"100,248.11"
28-Nov-20,NEFT,0,"10,024.81","90,223.30"
28-Nov-20,Debit Card,"2,886.00",0,"93,109.30"
28-Nov-20,Transfer,0,"23,277.33","69,831.98"
28-Nov-20,ATM,"1,332.50",0,"71,164.48"
28-Nov-20,Purchase,388,0,"71,552.48"
28-Nov-20,Commission,"53,661.22",0,"125,213.70"
28-Nov-20,Reversal,0,"17,887.67","107,326.03"
28-Nov-20,Miscellaneous,0,"53,663.02","53,663.02"
28-Nov-20,NEFT,82.44,0,"53,745.46"
28-Nov-20,Reversal,2.37,0,"53,747.83"
28-Nov-20,Purchase,40,0,"53,787.83"
28-Nov-20,Interest,"1,434,578.20",0,"1,488,366.03"
28-Nov-20,Debit Card,0,"372,091.51","1,116,274.52"
28-Nov-20,Cheque,"2,705.00",0,"1,118,979.52"
28-Nov-20,Tax,0,"559,489.76","559,489.76"
28-Nov-20,Miscellaneous,0,"62,165.53","497,324.23"
28-Nov-20,NEFT,26.68,0,"497,350.91"
28-Nov-20,Commission,0,"99,470.18","397,880.73"
28-Nov-20,RTGS,0,"397,880.73",0
28-Nov-20,IMPS,"46,375.03",0,"46,375.03"
28-Nov-20,Debit Card,0,"46,375.03",0
28-Nov-20,Bill,"88,181.80",0,"88,181.80"
28-Nov-20,Miscellaneous,"6,352.00",0,"94,533.80"
28-Nov-20,Purchase,"15,319.40",0,"109,853.20"
28-Nov-20,Commission,0,"13,731.65","96,121.55"
28-Nov-20,RTGS,0,"12,015.19","84,106.36"
28-Nov-20,Tax,40.7,0,"84,147.06"
28-Nov-20,IMPS,0,"8,414.71","75,732.35"
28-Nov-20,Tax,"2,168.00",0,"77,900.35"
28-Nov-20,RTGS,0,"25,966.78","51,933.57"
28-Nov-20,ATM,0,"7,419.08","44,514.49"
28-Nov-20,RTGS,0,"4,451.45","40,063.04"
28-Nov-20,Interest,"12,909.00",0,"52,972.04"
28-Nov-20,Cash,0,"5,297.20","47,674.84"
28-Nov-20,RTGS,0,"11,918.71","35,756.13"
28-Nov-20,Transfer,"11,854.07",0,"47,610.20"
28-Nov-20,NEFT,"3,046.14",0,"50,656.34"
28-Nov-20,Miscellaneous,322.88,0,"50,979.22"
28-Nov-20,NEFT,"237,045.00",0,"288,024.22"
28-Nov-20,Reversal,897.33,0,"288,921.55"
28-Nov-20,ATM,486.93,0,"289,408.48"
28-Nov-20,RTGS,420.93,0,"289,829.41"
28-Nov-20,Cheque,"44,404.00",0,"334,233.41"
28-Nov-20,Debit Card,"2,530.00",0,"336,763.41"
28-Nov-20,Bill,0,"37,418.16","299,345.25"
29-Nov-20,Cash,0,"59,869.05","239,476.20"
29-Nov-20,ATM,151,0,"239,627.20"
29-Nov-20,Transfer,0,"39,937.87","199,689.33"
29-Nov-20,RTGS,"50,981.00",0,"250,670.33"
30-Nov-20,Commission,0,"62,667.58","188,002.75"
30-Nov-20,IMPS,0,"188,002.75",0
30-Nov-20,Interest,8,0,8
30-Nov-20,Interest,0,2.67,5.33
30-Nov-20,Interest,0,0.89,4.44
30-Nov-20,ATM,0,0.74,3.7
30-Nov-20,Purchase,"17,893.80",0,"17,897.50"
30-Nov-20,ATM,"43,835.62",0,"61,733.12"
30-Nov-20,Reversal,0,"6,173.31","55,559.81"
30-Nov-20,Transfer,"136,953.80",0,"192,513.61"
30-Nov-20,Reversal,0,"96,256.81","96,256.80"
30-Nov-20,Commission,0,"13,750.97","82,505.83"
30-Nov-20,Miscellaneous,"213,538.50",0,"296,044.33"
30-Nov-20,Miscellaneous,"1,670,633.50",0,"1,966,677.83"
30-Nov-20,ATM,441,0,"1,967,118.83"
30-Nov-20,NEFT,1.3,0,"1,967,120.13"
30-Nov-20,NEFT,0,"983,560.07","983,560.06"
30-Nov-20,Cash,0,"983,560.06",0
30-Nov-20,Debit Card,0.85,0,0.85
30-Nov-20,Cash,"28,412.47",0,"28,413.32"
30-Nov-20,NEFT,"1,788.00",0,"30,201.32"
30-Nov-20,Cheque,0,"15,100.66","15,100.66"
30-Nov-20,Debit Card,"1,137,215.25",0,"1,152,315.91"
1-Dec-20,Interest,0,"144,039.49","1,008,276.42"
1-Dec-20,Reversal,0,"112,030.71","896,245.71"
1-Dec-20,Reversal,0,"149,374.29","746,871.42"
1-Dec-20,Debit Card,"11,988.00",0,"758,859.42"
1-Dec-20,Debit Card,0,"379,429.71","379,429.71"
1-Dec-20,ATM,0,"42,158.86","337,270.85"
1-Dec-20,Interest,0,"337,270.85",0
1-Dec-20,Tax,436.15,0,436.15
1-Dec-20,Transfer,0,62.31,373.84
1-Dec-20,Commission,0,37.38,336.46
1-Dec-20,Debit Card,0,336.46,0
1-Dec-20,Commission,"223,693.03",0,"223,693.03"
1-Dec-20,Cheque,0,"22,369.30","201,323.73"
1-Dec-20,Purchase,53.83,0,"201,377.56"
1-Dec-20,NEFT,0,"50,344.39","151,033.17"
1-Dec-20,IMPS,0,"37,758.29","113,274.88"
1-Dec-20,Tax,"251,831.00",0,"365,105.88"
1-Dec-20,Purchase,0,"36,510.59","328,595.29"
1-Dec-20,Transfer,0.5,0,"328,595.79"
1-Dec-20,Cash,0,"41,074.47","287,521.32"
1-Dec-20,Cash,57.07,0,"287,578.39"
1-Dec-20,ATM,17.44,0,"287,595.83"
1-Dec-20,Cheque,0,"31,955.09","255,640.74"
1-Dec-20,Miscellaneous,0,"36,520.11","219,120.63"
1-Dec-20,Bill,0,"21,912.06","197,208.57"
1-Dec-20,Bill,202.9,0,"197,411.47"
1-Dec-20,Interest,0,"197,411.47",0
1-Dec-20,IMPS,"80,918.53",0,"80,918.53"
1-Dec-20,Tax,0,"8,990.95","71,927.58"
1-Dec-20,Bill,"780,337.80",0,"852,265.38"
1-Dec-20,Cheque,649,0,"852,914.38"
1-Dec-20,Bill,0,"85,291.44","767,622.94"
1-Dec-20,Commission,"472,737.00",0,"1,240,359.94"
1-Dec-20,Reversal,23.2,0,"1,240,383.14"
1-Dec-20,Tax,0,"124,038.31","1,116,344.83"
1-Dec-20,IMPS,"629,146.20",0,"1,745,491.03"
1-Dec-20,RTGS,"192,748.00",0,"1,938,239.03"
1-Dec-20,Debit Card,"2,413.00",0,"1,940,652.03"
1-Dec-20,ATM,"45,629.70",0,"1,986,281.73"
1-Dec-20,Tax,"93,567.70",0,"2,079,849.43"
1-Dec-20,Interest,0,"346,641.57","1,733,207.86"
1-Dec-20,Bill,"10,986.75",0,"1,744,194.61"
1-Dec-20,Bill,0,"193,799.40","1,550,395.21"
1-Dec-20,NEFT,0,"258,399.20","1,291,996.01"
1-Dec-20,Miscellaneous,0,"129,199.60","1,162,796.41"
1-Dec-20,Bill,0,"166,113.77","996,682.64"
1-Dec-20,Reversal,1,0,"996,683.64"
1-Dec-20,Tax,0,"199,336.73","797,346.91"
1-Dec-20,Transfer,0,"88,594.10","708,752.81"
1-Dec-20,Debit Card,"1,258,801.00",0,"1,967,553.81"
1-Dec-20,IMPS,0,"1,967,553.81",0
1-Dec-20,RTGS,"510,694.00",0,"510,694.00"
1-Dec-20,ATM,0,"255,347.00","255,347.00"
1-Dec-20,Cheque,"886,595.75",0,"1,141,942.75"
1-Dec-20,RTGS,"192,915.19",0,"1,334,857.94"
1-Dec-20,Cash,0,"1,334,857.94",0
1-Dec-20,Cash,"152,216.38",0,"152,216.38"
1-Dec-20,Transfer,0,"30,443.28","121,773.10"
1-Dec-20,Cheque,0,"60,886.55","60,886.55"
1-Dec-20,IMPS,368.21,0,"61,254.76"
1-Dec-20,Interest,0,"10,209.13","51,045.63"
1-Dec-20,Tax,768.6,0,"51,814.23"
1-Dec-20,Miscellaneous,"1,452.00",0,"53,266.23"
1-Dec-20,Transfer,0,"53,266.23",0
1-Dec-20,Cheque,2,0,2
1-Dec-20,NEFT,124.1,0,126.1
2-Dec-20,NEFT,7.21,0,133.31
2-Dec-20,Purchase,"1,320,498.25",0,"1,320,631.56"
2-Dec-20,Cash,3,0,"1,320,634.56"
2-Dec-20,Transfer,0,"330,158.64","990,475.92"
2-Dec-20,NEFT,0,"198,095.18","792,380.74"
2-Dec-20,Interest,0,"88,042.30","704,338.44"
2-Dec-20,Cash,"2,215.00",0,"706,553.44"
2-Dec-20,Miscellaneous,0,"353,276.72","353,276.72"
2-Dec-20,Purchase,"255,728.00",0,"609,004.72"
2-Dec-20,Transfer,0,"67,667.19","541,337.53"
2-Dec-20,Transfer,0,"54,133.75","487,203.78"
2-Dec-20,Reversal,0,"69,600.54","417,603.24"
2-Dec-20,Interest,0,"59,657.61","357,945.63"
2-Dec-20,NEFT,0,"39,771.74","318,173.89"
2-Dec-20,Miscellaneous,0,"45,453.41","272,720.48"
2-Dec-20,Cash,0,"45,453.41","227,267.07"
2-Dec-20,Reversal,0.8,0,"227,267.87"
2-Dec-20,Miscellaneous,0,"37,877.98","189,389.89"
2-Dec-20,Reversal,0,"189,389.89",0
2-Dec-20,ATM,7.9,0,7.9
2-Dec-20,Reversal,"2,495.77",0,"2,503.67"
2-Dec-20,IMPS,0,278.19,"2,225.48"
2-Dec-20,Purchase,0,278.19,"1,947.30"
2-Dec-20,Cash,"31,096.00",0,"33,043.30"
2-Dec-20,IMPS,398.34,0,"33,441.64"
2-Dec-20,Reversal,0,"33,441.64",0
2-Dec-20,Purchase,4.5,0,4.5
2-Dec-20,NEFT,0,0.64,3.86
2-Dec-20,Purchase,447,0,450.86
2-Dec-20,Transfer,"215,584.91",0,"216,035.77"
2-Dec-20,IMPS,0,"43,207.15","172,828.62"
2-Dec-20,Tax,10.43,0,"172,839.05"
2-Dec-20,Cash,"26,772.04",0,"199,611.09"
2-Dec-20,RTGS,0,"99,805.55","99,805.54"
2-Dec-20,Bill,"168,531.50",0,"268,337.04"
2-Dec-20,Bill,0,"26,833.70","241,503.34"
2-Dec-20,Tax,0,"40,250.56","201,252.78"
2-Dec-20,Interest,5.4,0,"201,258.18"
2-Dec-20,Tax,4,0,"201,262.18"
2-Dec-20,RTGS,0,"67,087.39","134,174.79"
2-Dec-20,Tax,0,"33,543.70","100,631.09"
2-Dec-20,Bill,0,"20,126.22","80,504.87"
2-Dec-20,Debit Card,"23,312.30",0,"103,817.17"
2-Dec-20,Miscellaneous,0,"12,977.15","90,840.02"
2-Dec-20,Tax,52,0,"90,892.02"
2-Dec-20,Miscellaneous,"4,191.30",0,"95,083.32"
2-Dec-20,Debit Card,"2,054,461.00",0,"2,149,544.32"
2-Dec-20,Debit Card,0,"307,077.76","1,842,466.56"
2-Dec-20,ATM,0,"921,233.28","921,233.28"
2-Dec-20,Bill,24,0,"921,257.28"
2-Dec-20,NEFT,0,"184,251.46","737,005.82"
2-Dec-20,IMPS,"3,278.73",0,"740,284.55"
2-Dec-20,Transfer,"21,741.10",0,"762,025.65"
2-Dec-20,RTGS,0,"95,253.21","666,772.44"
2-Dec-20,Tax,0,"333,386.22","333,386.22"
2-Dec-20,IMPS,0,"41,673.28","291,712.94"
2-Dec-20,Cheque,"20,564.07",0,"312,277.01"
2-Dec-20,Commission,672,0,"312,949.01"
2-Dec-20,Bill,0,"39,118.63","273,830.38"
2-Dec-20,Cheque,"15,022.00",0,"288,852.38"
2-Dec-20,RTGS,"686,688.00",0,"975,540.38"
2-Dec-20,RTGS,0,"108,393.38","867,147.00"
2-Dec-20,NEFT,"1,306,153.00",0,"2,173,300.00"
2-Dec-20,Miscellaneous,"2,282.70",0,"2,175,582.70"
2-Dec-20,Interest,0,"271,947.84","1,903,634.86"
2-Dec-20,Miscellaneous,"15,581.50",0,"1,919,216.36"
2-Dec-20,Reversal,"1,638,260.00",0,"3,557,476.36"
2-Dec-20,Bill,7.97,0,"3,557,484.33"
2-Dec-20,ATM,0,"1,185,828.11","2,371,656.22"
2-Dec-20,NEFT,0,"263,517.36","2,108,138.86"
2-Dec-20,IMPS,0,"1,054,069.43","1,054,069.43"
2-Dec-20,Cheque,18.7,0,"1,054,088.13"
2-Dec-20,Commission,0,"131,761.02","922,327.11"
2-Dec-20,Miscellaneous,12.9,0,"922,340.01"
2-Dec-20,Miscellaneous,0,"92,234.00","830,106.01"
2-Dec-20,Tax,"130,529.00",0,"960,635.01"
2-Dec-20,Cash,16.91,0,"960,651.92"
2-Dec-20,IMPS,"189,291.25",0,"1,149,943.17"
2-Dec-20,RTGS,0,"164,277.60","985,665.57"
2-Dec-20,Debit Card,"17,741.90",0,"1,003,407.47"
2-Dec-20,ATM,0,"125,425.93","877,981.54"
2-Dec-20,Cheque,0,"175,596.31","702,385.23"
2-Dec-20,Debit Card,627.5,0,"703,012.73"
2-Dec-20,IMPS,"1,107,083.80",0,"1,810,096.53"
2-Dec-20,Bill,"8,122.50",0,"1,818,219.03"
3-Dec-20,Bill,3.7,0,"1,818,222.73"
4-Dec-20,Bill,0,"259,746.10","1,558,476.63"
4-Dec-20,Interest,0,"222,639.52","1,335,837.11"
4-Dec-20,ATM,0,"267,167.42","1,068,669.69"
5-Dec-20,Interest,0,"152,667.10","916,002.59"
5-Dec-20,Reversal,0,"114,500.32","801,502.27"
5-Dec-20,Reversal,0,"160,300.45","641,201.82"
5-Dec-20,Tax,"122,102.90",0,"763,304.72"
5-Dec-20,Cheque,478.51,0,"763,783.23"
5-Dec-20,Tax,0,"127,297.21","636,486.02"
5-Dec-20,Commission,0,"318,243.01","318,243.01"
5-Dec-20,Cheque,0,"35,360.33","282,882.68"
5-Dec-20,Tax,0,"56,576.54","226,306.14"
5-Dec-20,Miscellaneous,253,0,"226,559.14"
5-Dec-20,Interest,0,"32,365.59","194,193.55"
5-Dec-20,Purchase,0,"48,548.39","145,645.16"
5-Dec-20,Debit Card,6,0,"145,651.16"
5-Dec-20,ATM,80.8,0,"145,731.96"
5-Dec-20,RTGS,0,"48,577.32","97,154.64"
5-Dec-20,Bill,0,"12,144.33","85,010.31"
5-Dec-20,Interest,0,"10,626.29","74,384.02"
5-Dec-20,NEFT,33.45,0,"74,417.47"
5-Dec-20,Interest,0,"9,302.18","65,115.29"
5-Dec-20,Tax,0,"8,139.41","56,975.88"
5-Dec-20,IMPS,0,"11,395.18","45,580.70"
5-Dec-20,Tax,0,"7,596.78","37,983.92"
5-Dec-20,Cheque,0,"37,983.92",0
5-Dec-20,Tax,"212,667.80",0,"212,667.80"
5-Dec-20,ATM,"2,462.64",0,"215,130.44"
5-Dec-20,Debit Card,0,"35,855.07","179,275.37"
5-Dec-20,Reversal,0,"17,927.54","161,347.83"
5-Dec-20,Cash,0,"26,891.31","134,456.52"
5-Dec-20,RTGS,"1,730,089.00",0,"1,864,545.52"
5-Dec-20,Transfer,7.56,0,"1,864,553.08"
5-Dec-20,NEFT,0,"621,517.69","1,243,035.39"
5-Dec-20,Cash,29.48,0,"1,243,064.87"
5-Dec-20,Purchase,0,"248,612.97","994,451.90"
5-Dec-20,Transfer,0,"198,890.38","795,561.52"
5-Dec-20,Cash,0,"265,187.17","530,374.35"
5-Dec-20,Interest,0,"530,374.35",0
5-Dec-20,Bill,"1,716,175.25",0,"1,716,175.25"
5-Dec-20,IMPS,0,"171,617.53","1,544,557.72"
6-Dec-20,Transfer,0,"193,069.72","1,351,488.00"
6-Dec-20,ATM,0,"193,069.71","1,158,418.29"
6-Dec-20,IMPS,0,"115,841.83","1,042,576.46"
6-Dec-20,Purchase,"2,185.00",0,"1,044,761.46"
6-Dec-20,Commission,9.7,0,"1,044,771.16"
6-Dec-20,Purchase,0,"149,253.02","895,518.14"
6-Dec-20,Debit Card,0,"111,939.77","783,578.37"
6-Dec-20,Miscellaneous,"12,056.23",0,"795,634.60"
6-Dec-20,IMPS,271.21,0,"795,905.81"
6-Dec-20,Reversal,0,"198,976.45","596,929.36"
6-Dec-20,Tax,0,"66,325.48","530,603.88"
6-Dec-20,Reversal,"2,370.41",0,"532,974.29"
6-Dec-20,Miscellaneous,0,"133,243.57","399,730.72"
6-Dec-20,ATM,0,"399,730.72",0
6-Dec-20,Bill,"11,859.40",0,"11,859.40"
6-Dec-20,RTGS,0,"3,953.13","7,906.27"
6-Dec-20,Tax,"239,093.10",0,"246,999.37"
6-Dec-20,ATM,688.9,0,"247,688.27"
6-Dec-20,Interest,"1,031,646.25",0,"1,279,334.52"
6-Dec-20,Cheque,0,"159,916.82","1,119,417.70"
6-Dec-20,Interest,0,"124,379.74","995,037.96"
6-Dec-20,NEFT,0,"199,007.59","796,030.37"
6-Dec-20,Commission,4.42,0,"796,034.79"
7-Dec-20,Interest,0,"99,504.35","696,530.44"
7-Dec-20,Tax,3.9,0,"696,534.34"
7-Dec-20,Cash,16.9,0,"696,551.24"
7-Dec-20,Reversal,"4,641.07",0,"701,192.31"
7-Dec-20,Interest,0,"116,865.39","584,326.93"
7-Dec-20,Cash,0,"73,040.87","511,286.06"
7-Dec-20,RTGS,6.37,0,"511,292.43"
7-Dec-20,Commission,0,"170,430.81","340,861.62"
7-Dec-20,Miscellaneous,"158,134.10",0,"498,995.72"
7-Dec-20,NEFT,0,"498,995.72",0
7-Dec-20,Reversal,7,0,7
7-Dec-20,Reversal,"1,886.60",0,"1,893.60"
7-Dec-20,Purchase,0,270.51,"1,623.09"
7-Dec-20,Bill,"1,082,696.00",0,"1,084,319.09"
7-Dec-20,Reversal,0,"135,539.89","948,779.20"
7-Dec-20,Transfer,211,0,"948,990.20"
7-Dec-20,IMPS,3.98,0,"948,994.18"
7-Dec-20,RTGS,0,"118,624.27","830,369.91"
7-Dec-20,NEFT,0,"830,369.91",0
7-Dec-20,Bill,"10,994.30",0,"10,994.30"
7-Dec-20,Cash,0,"2,748.58","8,245.72"
7-Dec-20,Transfer,"240,329.70",0,"248,575.42"
7-Dec-20,Commission,7.83,0,"248,583.25"
7-Dec-20,Reversal,0,"41,430.54","207,152.71"
7-Dec-20,Purchase,0,"41,430.54","165,722.17"
7-Dec-20,Commission,445.61,0,"166,167.78"
7-Dec-20,Bill,0,"83,083.89","83,083.89"
7-Dec-20,IMPS,"236,751.00",0,"319,834.89"
7-Dec-20,Interest,238.96,0,"320,073.85"
7-Dec-20,Bill,"1,812,947.75",0,"2,133,021.60"
7-Dec-20,Commission,0,"426,604.32","1,706,417.28"
7-Dec-20,IMPS,25.2,0,"1,706,442.48"
7-Dec-20,Purchase,"29,183.30",0,"1,735,625.78"
7-Dec-20,Commission,"2,019,974.80",0,"3,755,600.58"
7-Dec-20,Miscellaneous,0,"536,514.37","3,219,086.21"
7-Dec-20,Purchase,0,"536,514.37","2,682,571.84"
7-Dec-20,Commission,0,"298,063.54","2,384,508.30"
8-Dec-20,Tax,0,"397,418.05","1,987,090.25"
8-Dec-20,Bill,"127,992.00",0,"2,115,082.25"
8-Dec-20,Cash,0,"211,508.23","1,903,574.02"
8-Dec-20,NEFT,"59,313.00",0,"1,962,887.02"
8-Dec-20,IMPS,6.97,0,"1,962,893.99"
8-Dec-20,Interest,0,"327,149.00","1,635,744.99"
8-Dec-20,Commission,0,"163,574.50","1,472,170.49"
8-Dec-20,Purchase,0,"245,361.75","1,226,808.74"
8-Dec-20,Commission,0,"245,361.75","981,446.99"
8-Dec-20,IMPS,30.29,0,"981,477.28"
8-Dec-20,Cash,"155,109.00",0,"1,136,586.28"
8-Dec-20,Debit Card,"77,367.90",0,"1,213,954.18"
8-Dec-20,Tax,5.34,0,"1,213,959.52"
8-Dec-20,Tax,"1,698,192.50",0,"2,912,152.02"
8-Dec-20,ATM,0,"323,572.45","2,588,579.57"
8-Dec-20,Interest,0,"862,859.86","1,725,719.71"
8-Dec-20,Tax,0,"575,239.90","1,150,479.81"
8-Dec-20,ATM,"44,333.00",0,"1,194,812.81"
8-Dec-20,Miscellaneous,"185,401.40",0,"1,380,214.21"
8-Dec-20,Commission,0,"690,107.11","690,107.10"
8-Dec-20,Cheque,"2,773.92",0,"692,881.02"
8-Dec-20,Tax,0,"69,288.10","623,592.92"
8-Dec-20,Reversal,0,"103,932.15","519,660.77"
8-Dec-20,Commission,0,"129,915.19","389,745.58"
8-Dec-20,NEFT,55.1,0,"389,800.68"
8-Dec-20,Commission,"1,166,337.50",0,"1,556,138.18"
8-Dec-20,Reversal,"208,625.00",0,"1,764,763.18"
8-Dec-20,Transfer,"114,091.00",0,"1,878,854.18"
8-Dec-20,NEFT,30.36,0,"1,878,884.54"
8-Dec-20,Reversal,0,"469,721.14","1,409,163.40"
8-Dec-20,NEFT,0,"281,832.68","1,127,330.72"
8-Dec-20,Cheque,7.4,0,"1,127,338.12"
8-Dec-20,Miscellaneous,4,0,"1,127,342.12"
8-Dec-20,Miscellaneous,"1,813,784.00",0,"2,941,126.12"
8-Dec-20,Debit Card,0,"367,640.77","2,573,485.36"
8-Dec-20,Transfer,0,"428,914.23","2,144,571.13"
8-Dec-20,Transfer,56.5,0,"2,144,627.63"
8-Dec-20,Tax,"4,524.00",0,"2,149,151.63"
8-Dec-20,Cheque,0,"2,149,151.63",0
8-Dec-20,IMPS,"210,860.00",0,"210,860.00"
8-Dec-20,Debit Card,"22,861.90",0,"233,721.90"
8-Dec-20,Bill,"1,207,470.00",0,"1,441,191.90"
8-Dec-20,ATM,"2,839.66",0,"1,444,031.56"
8-Dec-20,Cheque,0,"240,671.93","1,203,359.63"
8-Dec-20,Bill,0,"120,335.96","1,083,023.67"
8-Dec-20,Commission,0,"361,007.89","722,015.78"
8-Dec-20,NEFT,0,"240,671.93","481,343.85"
8-Dec-20,Bill,0,"160,447.95","320,895.90"
8-Dec-20,Tax,0,"320,895.90",0
8-Dec-20,Debit Card,"879,299.50",0,"879,299.50"
8-Dec-20,Bill,0,"219,824.88","659,474.62"
9-Dec-20,Commission,"1,869,901.00",0,"2,529,375.62"
9-Dec-20,IMPS,0,"2,529,375.62",0
9-Dec-20,Debit Card,4.49,0,4.49
9-Dec-20,Transfer,"602,022.00",0,"602,026.49"
9-Dec-20,Transfer,748.5,0,"602,774.99"
9-Dec-20,Purchase,"18,048.10",0,"620,823.09"
9-Dec-20,Cheque,0,"155,205.77","465,617.32"
9-Dec-20,Cheque,27,0,"465,644.32"
9-Dec-20,Cheque,0,0,"465,644.32"
9-Dec-20,Reversal,"3,161.00",0,"468,805.32"
9-Dec-20,Reversal,1.73,0,"468,807.05"
9-Dec-20,Commission,"128,769.50",0,"597,576.55"
9-Dec-20,Debit Card,"1,414,030.00",0,"2,011,606.55"
10-Dec-20,Miscellaneous,"813,578.00",0,"2,825,184.55"
10-Dec-20,ATM,346.2,0,"2,825,530.75"
10-Dec-20,Commission,0,"706,382.69","2,119,148.06"
10-Dec-20,Transfer,0,"423,829.61","1,695,318.45"
10-Dec-20,Cheque,0,"188,368.72","1,506,949.73"
10-Dec-20,IMPS,0,"251,158.29","1,255,791.44"
10-Dec-20,NEFT,"16,555.80",0,"1,272,347.24"
10-Dec-20,Tax,60.16,0,"1,272,407.40"
10-Dec-20,RTGS,0,"1,272,407.40",0
10-Dec-20,Purchase,51.22,0,51.22
10-Dec-20,Cheque,0,10.24,40.98
10-Dec-20,Miscellaneous,"3,679.00",0,"3,719.98"
10-Dec-20,Cheque,"1,842.00",0,"5,561.98"
10-Dec-20,IMPS,"4,841.00",0,"10,402.98"
10-Dec-20,RTGS,0,"3,467.66","6,935.32"
10-Dec-20,Tax,0,"1,733.83","5,201.49"
10-Dec-20,Commission,0,"2,600.75","2,600.74"
10-Dec-20,Cash,3.83,0,"2,604.57"
10-Dec-20,RTGS,"159,995.25",0,"162,599.82"
10-Dec-20,RTGS,0,"32,519.96","130,079.86"
10-Dec-20,NEFT,"27,424.10",0,"157,503.96"
10-Dec-20,Interest,0,"39,375.99","118,127.97"
10-Dec-20,Purchase,0,"14,766.00","103,361.97"
10-Dec-20,ATM,0,"12,920.25","90,441.72"
10-Dec-20,Cheque,5,0,"90,446.72"
10-Dec-20,IMPS,"1,452,721.50",0,"1,543,168.22"
10-Dec-20,Commission,0,"771,584.11","771,584.11"
10-Dec-20,Cash,0,"128,597.35","642,986.76"
10-Dec-20,IMPS,"19,835.20",0,"662,821.96"
10-Dec-20,Tax,0,"73,646.88","589,175.08"
10-Dec-20,Reversal,"2,145.30",0,"591,320.38"
10-Dec-20,Reversal,0,"65,702.26","525,618.12"
10-Dec-20,Cash,"3,573.57",0,"529,191.69"
10-Dec-20,Debit Card,0,"75,598.81","453,592.88"
10-Dec-20,Debit Card,0,"75,598.81","377,994.07"
10-Dec-20,Transfer,0,"75,598.81","302,395.26"
10-Dec-20,Debit Card,37,0,"302,432.26"
10-Dec-20,Purchase,"989,122.50",0,"1,291,554.76"
10-Dec-20,NEFT,9.25,0,"1,291,564.01"
10-Dec-20,Cash,0,"143,507.11","1,148,056.90"
10-Dec-20,RTGS,9.5,0,"1,148,066.40"
10-Dec-20,Commission,0,"127,562.93","1,020,503.47"
10-Dec-20,Reversal,0,"170,083.91","850,419.56"
10-Dec-20,RTGS,0,"283,473.19","566,946.37"
11-Dec-20,Commission,0,"62,994.04","503,952.33"
11-Dec-20,Cheque,0,"167,984.11","335,968.22"
11-Dec-20,Tax,33,0,"336,001.22"
11-Dec-20,Interest,2.09,0,"336,003.31"
11-Dec-20,Reversal,107.67,0,"336,110.98"
11-Dec-20,Tax,"206,195.50",0,"542,306.48"
11-Dec-20,Cash,"25,426.30",0,"567,732.78"
11-Dec-20,Cash,365,0,"568,097.78"
11-Dec-20,Interest,353.13,0,"568,450.91"
11-Dec-20,ATM,5,0,"568,455.91"
11-Dec-20,ATM,6.02,0,"568,461.93"
11-Dec-20,Cheque,"183,385.00",0,"751,846.93"
11-Dec-20,Tax,0,"751,846.93",0
11-Dec-20,NEFT,2,0,2
11-Dec-20,Interest,0,0.2,1.8
11-Dec-20,Commission,"1,267.60",0,"1,269.40"
11-Dec-20,Purchase,46.4,0,"1,315.80"
11-Dec-20,Transfer,0,657.9,657.9
11-Dec-20,IMPS,"69,287.50",0,"69,945.40"
11-Dec-20,Transfer,0,"69,945.40",0
11-Dec-20,Debit Card,"24,144.90",0,"24,144.90"
11-Dec-20,RTGS,0,"3,449.27","20,695.63"
11-Dec-20,Reversal,61,0,"20,756.63"
11-Dec-20,Tax,0,"3,459.44","17,297.19"
11-Dec-20,Cheque,"24,985.00",0,"42,282.19"
11-Dec-20,Transfer,"22,312.41",0,"64,594.60"
11-Dec-20,Commission,43.47,0,"64,638.07"
11-Dec-20,Debit Card,"2,435.10",0,"67,073.17"
11-Dec-20,Reversal,"222,871.97",0,"289,945.14"
11-Dec-20,Debit Card,"161,366.70",0,"451,311.84"
11-Dec-20,ATM,0,"150,437.28","300,874.56"
11-Dec-20,IMPS,725,0,"301,599.56"
11-Dec-20,Purchase,0,"33,511.06","268,088.50"
11-Dec-20,Commission,"731,888.50",0,"999,977.00"
11-Dec-20,Purchase,7.08,0,"999,984.08"
11-Dec-20,Purchase,0,"142,854.87","857,129.21"
11-Dec-20,RTGS,"12,024.70",0,"869,153.91"
11-Dec-20,Interest,111,0,"869,264.91"
11-Dec-20,Debit Card,9.8,0,"869,274.71"
11-Dec-20,RTGS,0,"289,758.24","579,516.47"
11-Dec-20,IMPS,0,"144,879.12","434,637.35"
11-Dec-20,IMPS,0,"86,927.47","347,709.88"
11-Dec-20,Interest,550,0,"348,259.88"
11-Dec-20,Cash,0,"38,695.54","309,564.34"
11-Dec-20,Cheque,17,0,"309,581.34"
11-Dec-20,Interest,0,"34,397.93","275,183.41"
11-Dec-20,Tax,0,"45,863.90","229,319.51"
11-Dec-20,Miscellaneous,0,"114,659.76","114,659.76"
11-Dec-20,Cheque,56.37,0,"114,716.13"
11-Dec-20,Interest,378,0,"115,094.13"
11-Dec-20,Commission,3.7,0,"115,097.83"
11-Dec-20,ATM,"527,382.00",0,"642,479.83"
11-Dec-20,Reversal,6,0,"642,485.83"
11-Dec-20,Miscellaneous,0,"214,161.94","428,323.89"
11-Dec-20,Commission,0,"85,664.78","342,659.11"
11-Dec-20,Commission,"656,577.00",0,"999,236.11"
11-Dec-20,Bill,87,0,"999,323.11"
11-Dec-20,RTGS,"1,926,258.00",0,"2,925,581.11"
11-Dec-20,Purchase,440,0,"2,926,021.11"
11-Dec-20,Tax,"1,907,468.00",0,"4,833,489.11"
11-Dec-20,Cash,0,"537,054.35","4,296,434.76"
11-Dec-20,Cash,0,"537,054.35","3,759,380.42"
11-Dec-20,Reversal,0,"3,759,380.42",0
11-Dec-20,Cash,"1,194,743.00",0,"1,194,743.00"
11-Dec-20,Cheque,"695,307.00",0,"1,890,050.00"
11-Dec-20,ATM,"4,861.00",0,"1,894,911.00"
12-Dec-20,Commission,"195,616.25",0,"2,090,527.25"
12-Dec-20,Commission,0,"696,842.42","1,393,684.83"
12-Dec-20,RTGS,0,"348,421.21","1,045,263.62"
12-Dec-20,IMPS,0,"1,045,263.62",0
12-Dec-20,Cash,61,0,61
12-Dec-20,Cash,"2,017,197.00",0,"2,017,258.00"
13-Dec-20,Miscellaneous,"22,649.30",0,"2,039,907.30"
13-Dec-20,Commission,6,0,"2,039,913.30"
13-Dec-20,Reversal,19,0,"2,039,932.30"
13-Dec-20,Reversal,0.1,0,"2,039,932.40"
13-Dec-20,Transfer,950.2,0,"2,040,882.60"
13-Dec-20,Cash,"263,354.00",0,"2,304,236.60"
13-Dec-20,IMPS,"1,766,121.00",0,"4,070,357.60"
13-Dec-20,Bill,"205,148.00",0,"4,275,505.60"
13-Dec-20,Interest,0,"475,056.18","3,800,449.42"
13-Dec-20,Purchase,"1,744.00",0,"3,802,193.42"
13-Dec-20,Debit Card,0,"422,465.94","3,379,727.48"
13-Dec-20,NEFT,0,"3,379,727.48",0
13-Dec-20,IMPS,"2,479.20",0,"2,479.20"
13-Dec-20,IMPS,"69,881.94",0,"72,361.14"
13-Dec-20,Bill,48,0,"72,409.14"
13-Dec-20,Debit Card,"150,675.00",0,"223,084.14"
13-Dec-20,RTGS,0,"37,180.69","185,903.45"
13-Dec-20,Interest,0,"18,590.35","167,313.11"
13-Dec-20,IMPS,0,"33,462.62","133,850.49"
13-Dec-20,Commission,35,0,"133,885.49"
13-Dec-20,Miscellaneous,0,"13,388.55","120,496.94"
13-Dec-20,ATM,"1,927,525.50",0,"2,048,022.44"
13-Dec-20,Tax,0,"204,802.24","1,843,220.20"
13-Dec-20,Cash,0,"921,610.10","921,610.10"
13-Dec-20,Debit Card,0,"92,161.01","829,449.09"
13-Dec-20,Cheque,211.7,0,"829,660.79"
13-Dec-20,IMPS,0,"92,184.53","737,476.26"
13-Dec-20,Cash,0,"73,747.63","663,728.63"
13-Dec-20,Purchase,"32,167.84",0,"695,896.47"
13-Dec-20,NEFT,52.07,0,"695,948.54"
13-Dec-20,Miscellaneous,0,"69,594.85","626,353.69"
13-Dec-20,Miscellaneous,"2,029.76",0,"628,383.45"
13-Dec-20,ATM,0,"157,095.86","471,287.59"
13-Dec-20,RTGS,0,"157,095.86","314,191.73"
13-Dec-20,Cash,"1,457.31",0,"315,649.04"
13-Dec-20,NEFT,"3,486.66",0,"319,135.70"
14-Dec-20,NEFT,"165,999.50",0,"485,135.20"
14-Dec-20,Cheque,0,"48,513.52","436,621.68"
14-Dec-20,Cash,0,"87,324.34","349,297.34"
14-Dec-20,Purchase,"2,013,371.00",0,"2,362,668.34"
14-Dec-20,IMPS,19,0,"2,362,687.34"
14-Dec-20,Debit Card,61,0,"2,362,748.34"
14-Dec-20,Transfer,119.81,0,"2,362,868.15"
14-Dec-20,Transfer,0,"787,622.72","1,575,245.43"
14-Dec-20,NEFT,"28,656.00",0,"1,603,901.43"
14-Dec-20,RTGS,0,"267,316.91","1,336,584.52"
14-Dec-20,Cheque,0,"190,940.65","1,145,643.87"
14-Dec-20,RTGS,34.8,0,"1,145,678.67"
14-Dec-20,Cash,0,"163,668.38","982,010.29"
14-Dec-20,RTGS,0,"196,402.06","785,608.23"
14-Dec-20,Commission,0,"392,804.12","392,804.12"
14-Dec-20,ATM,0,"130,934.71","261,869.41"
14-Dec-20,Cheque,0,"29,096.60","232,772.81"
14-Dec-20,Cash,131,0,"232,903.81"
14-Dec-20,NEFT,"2,253.20",0,"235,157.01"
14-Dec-20,Transfer,"2,507.33",0,"237,664.34"
14-Dec-20,RTGS,"15,568.90",0,"253,233.24"
14-Dec-20,Cheque,0,"28,137.03","225,096.21"
14-Dec-20,Commission,"2,602.00",0,"227,698.21"
14-Dec-20,Miscellaneous,0,"56,924.55","170,773.66"
14-Dec-20,Purchase,0,"28,462.28","142,311.38"
14-Dec-20,NEFT,"359,123.50",0,"501,434.88"
14-Dec-20,Purchase,0,"55,714.99","445,719.89"
14-Dec-20,Interest,"166,635.60",0,"612,355.49"
14-Dec-20,Transfer,0,"612,355.49",0
14-Dec-20,Transfer,36,0,36
14-Dec-20,Cheque,0,3.6,32.4
14-Dec-20,Cash,0,16.2,16.2
14-Dec-20,Purchase,"7,434.31",0,"7,450.51"
14-Dec-20,RTGS,0,745.05,"6,705.46"
14-Dec-20,Interest,0,"2,235.15","4,470.31"
14-Dec-20,Purchase,3.45,0,"4,473.76"
14-Dec-20,Bill,"17,001.00",0,"21,474.76"
14-Dec-20,IMPS,0,"21,474.76",0
14-Dec-20,ATM,"10,046.40",0,"10,046.40"
14-Dec-20,Cheque,0,"1,674.40","8,372.00"
14-Dec-20,RTGS,0,837.2,"7,534.80"
14-Dec-20,Miscellaneous,0,"1,076.40","6,458.40"
14-Dec-20,Miscellaneous,0,807.3,"5,651.10"
14-Dec-20,Purchase,"142,217.12",0,"147,868.22"
14-Dec-20,Debit Card,119,0,"147,987.22"
14-Dec-20,RTGS,0,"36,996.81","110,990.42"
14-Dec-20,Reversal,"1,621,634.20",0,"1,732,624.62"
14-Dec-20,Tax,0,"192,513.85","1,540,110.77"
14-Dec-20,Interest,3,0,"1,540,113.77"
14-Dec-20,Tax,364,0,"1,540,477.77"
14-Dec-20,RTGS,0,"220,068.25","1,320,409.52"
14-Dec-20,Transfer,6.09,0,"1,320,415.61"
14-Dec-20,Commission,"173,962.30",0,"1,494,377.91"
14-Dec-20,Cheque,174.8,0,"1,494,552.71"
14-Dec-20,Miscellaneous,13.94,0,"1,494,566.65"
14-Dec-20,ATM,0,"498,188.88","996,377.77"
14-Dec-20,Debit Card,0,"99,637.78","896,739.99"
14-Dec-20,Transfer,54,0,"896,793.99"
14-Dec-20,Miscellaneous,0,"179,358.80","717,435.19"
14-Dec-20,Tax,0,"358,717.60","358,717.60"
14-Dec-20,Miscellaneous,0,"51,245.37","307,472.23"
14-Dec-20,Debit Card,4.41,0,"307,476.64"
14-Dec-20,Tax,0,"38,434.58","269,042.06"
14-Dec-20,Miscellaneous,"162,528.00",0,"431,570.06"
14-Dec-20,Tax,0,"53,946.26","377,623.80"
14-Dec-20,Cash,0,"377,623.80",0
14-Dec-20,Cheque,6.9,0,6.9
14-Dec-20,IMPS,485,0,491.9
14-Dec-20,ATM,0,54.66,437.24
14-Dec-20,Commission,"1,124,732.50",0,"1,125,169.74"
14-Dec-20,RTGS,0,"125,018.86","1,000,150.88"
14-Dec-20,NEFT,0,"125,018.86","875,132.02"
14-Dec-20,Bill,"1,846.20",0,"876,978.22"
14-Dec-20,Tax,267.5,0,"877,245.72"
14-Dec-20,Transfer,0,"87,724.57","789,521.15"
14-Dec-20,Transfer,0,"98,690.14","690,831.01"
14-Dec-20,RTGS,0,"690,831.01",0
14-Dec-20,RTGS,"4,983.00",0,"4,983.00"
14-Dec-20,Debit Card,0,"4,983.00",0
14-Dec-20,Transfer,7,0,7
14-Dec-20,RTGS,8,0,15
14-Dec-20,Reversal,0,1.88,13.12
14-Dec-20,Cheque,"4,003.00",0,"4,016.12"
14-Dec-20,ATM,"1,353.17",0,"5,369.29"
14-Dec-20,Miscellaneous,0,"1,789.76","3,579.53"
14-Dec-20,Commission,0,596.59,"2,982.94"
14-Dec-20,RTGS,"67,792.00",0,"70,774.94"
14-Dec-20,Transfer,"957,410.00",0,"1,028,184.94"
14-Dec-20,Cheque,"208,935.72",0,"1,237,120.66"
14-Dec-20,NEFT,0,"206,186.78","1,030,933.88"
14-Dec-20,Commission,0,"206,186.78","824,747.10"
14-Dec-20,RTGS,"192,738.00",0,"1,017,485.10"
14-Dec-20,Reversal,"1,840,816.75",0,"2,858,301.85"
14-Dec-20,Interest,"3,881.00",0,"2,862,182.85"
14-Dec-20,Commission,"2,634.00",0,"2,864,816.85"
14-Dec-20,Tax,"114,648.00",0,"2,979,464.85"
14-Dec-20,IMPS,0,"297,946.49","2,681,518.37"
14-Dec-20,RTGS,0,"297,946.49","2,383,571.88"
14-Dec-20,Debit Card,0,"2,383,571.88",0
14-Dec-20,Bill,131.1,0,131.1
14-Dec-20,Transfer,0,26.22,104.88
14-Dec-20,Cash,0,104.88,0
14-Dec-20,Purchase,"150,937.53",0,"150,937.53"
14-Dec-20,IMPS,0,"21,562.50","129,375.03"
14-Dec-20,Purchase,0,"12,937.50","116,437.53"
14-Dec-20,NEFT,51.85,0,"116,489.38"
14-Dec-20,Transfer,0,"11,648.94","104,840.44"
14-Dec-20,Interest,"1,786.00",0,"106,626.44"
14-Dec-20,Debit Card,"212,055.60",0,"318,682.04"
14-Dec-20,NEFT,400,0,"319,082.04"
14-Dec-20,Cash,0,"45,583.15","273,498.89"
14-Dec-20,Commission,0,"68,374.72","205,124.17"
14-Dec-20,ATM,0,"20,512.42","184,611.75"
14-Dec-20,Bill,0,"18,461.18","166,150.58"
14-Dec-20,Interest,"9,820.00",0,"175,970.58"
14-Dec-20,NEFT,0,"175,970.58",0
14-Dec-20,Purchase,98.26,0,98.26
14-Dec-20,Miscellaneous,0,49.13,49.13
14-Dec-20,NEFT,56,0,105.13
14-Dec-20,Cheque,"172,631.00",0,"172,736.13"
14-Dec-20,Debit Card,0,"17,273.61","155,462.52"
14-Dec-20,Reversal,52,0,"155,514.52"
14-Dec-20,Transfer,"2,551.00",0,"158,065.52"
14-Dec-20,Commission,0,"79,032.76","79,032.76"
14-Dec-20,RTGS,0,"15,806.55","63,226.21"
14-Dec-20,Cash,31.82,0,"63,258.03"
14-Dec-20,Cash,0,"21,086.01","42,172.02"
14-Dec-20,IMPS,"397,488.00",0,"439,660.02"
14-Dec-20,NEFT,0,"62,808.57","376,851.45"
14-Dec-20,Bill,0,"188,425.73","188,425.72"
14-Dec-20,Bill,44,0,"188,469.72"
14-Dec-20,Debit Card,"229,403.00",0,"417,872.72"
14-Dec-20,Tax,4.59,0,"417,877.31"
14-Dec-20,Commission,0,"83,575.46","334,301.85"
14-Dec-20,ATM,0,"111,433.95","222,867.90"
14-Dec-20,Cheque,0,"24,763.10","198,104.80"
14-Dec-20,Miscellaneous,0,"39,620.96","158,483.84"
14-Dec-20,Purchase,2,0,"158,485.84"
14-Dec-20,Bill,0,"26,414.31","132,071.53"
14-Dec-20,RTGS,181.7,0,"132,253.23"
14-Dec-20,Miscellaneous,0,"33,063.31","99,189.92"
14-Dec-20,Purchase,0,"9,918.99","89,270.93"
14-Dec-20,Cash,"2,034.10",0,"91,305.03"
14-Dec-20,Transfer,0,"10,145.00","81,160.03"
14-Dec-20,Bill,0,"11,594.29","69,565.74"
14-Dec-20,Interest,4.11,0,"69,569.85"
14-Dec-20,NEFT,0,"17,392.46","52,177.39"
14-Dec-20,Transfer,"189,888.90",0,"242,066.29"
14-Dec-20,Cash,"2,850.30",0,"244,916.59"
14-Dec-20,IMPS,"256,043.10",0,"500,959.69"
14-Dec-20,Transfer,0,"55,662.19","445,297.50"
14-Dec-20,Debit Card,0,"63,613.93","381,683.57"
14-Dec-20,Cheque,0,"381,683.57",0
14-Dec-20,Purchase,"413,747.50",0,"413,747.50"
14-Dec-20,NEFT,377.1,0,"414,124.60"
14-Dec-20,Purchase,0,"138,041.53","276,083.07"
14-Dec-20,Bill,0,"276,083.07",0
14-Dec-20,Transfer,"1,992,366.00",0,"1,992,366.00"
14-Dec-20,Cheque,0,"398,473.20","1,593,892.80"
14-Dec-20,Tax,"3,172.77",0,"1,597,065.57"
14-Dec-20,NEFT,0,"266,177.60","1,330,887.98"
14-Dec-20,Cash,0,"190,126.85","1,140,761.13"
14-Dec-20,IMPS,0,"228,152.23","912,608.90"
14-Dec-20,Interest,"1,051.00",0,"913,659.90"
14-Dec-20,Transfer,0,"91,365.99","822,293.91"
14-Dec-20,Commission,0,"164,458.78","657,835.13"
14-Dec-20,ATM,"22,183.90",0,"680,019.03"
14-Dec-20,Debit Card,"65,791.75",0,"745,810.78"
14-Dec-20,Purchase,0,"186,452.70","559,358.08"
14-Dec-20,ATM,0,"79,908.30","479,449.78"
14-Dec-20,Bill,0,"119,862.45","359,587.34"
14-Dec-20,Reversal,"535,465.00",0,"895,052.34"
14-Dec-20,Purchase,0,"298,350.78","596,701.56"
14-Dec-20,Debit Card,24,0,"596,725.56"
14-Dec-20,Transfer,100.06,0,"596,825.62"
14-Dec-20,ATM,0,"198,941.87","397,883.75"
14-Dec-20,Cash,0,"44,209.31","353,674.44"
14-Dec-20,Miscellaneous,6.1,0,"353,680.54"
14-Dec-20,Cash,0,"35,368.05","318,312.49"
14-Dec-20,Debit Card,0,"318,312.49",0
14-Dec-20,IMPS,"60,595.00",0,"60,595.00"
14-Dec-20,Bill,402.86,0,"60,997.86"
14-Dec-20,Cash,450,0,"61,447.86"
14-Dec-20,Miscellaneous,412.2,0,"61,860.06"
14-Dec-20,Bill,0,"6,186.01","55,674.05"
14-Dec-20,Miscellaneous,"1,264,011.50",0,"1,319,685.55"
14-Dec-20,NEFT,0,"219,947.59","1,099,737.96"
14-Dec-20,IMPS,"2,797.00",0,"1,102,534.96"
14-Dec-20,Reversal,"1,160,441.00",0,"2,262,975.96"
14-Dec-20,ATM,28.8,0,"2,263,004.76"
14-Dec-20,Tax,7,0,"2,263,011.76"
15-Dec-20,RTGS,35.8,0,"2,263,047.56"
15-Dec-20,Cheque,"693,771.75",0,"2,956,819.31"
15-Dec-20,Interest,818,0,"2,957,637.31"
15-Dec-20,Cheque,62.8,0,"2,957,700.11"
15-Dec-20,Debit Card,0,"591,540.02","2,366,160.09"
15-Dec-20,Tax,"896,958.75",0,"3,263,118.84"
15-Dec-20,Cheque,0,"407,889.86","2,855,228.98"
15-Dec-20,ATM,0,"475,871.50","2,379,357.48"
16-Dec-20,IMPS,0,"396,559.58","1,982,797.90"
16-Dec-20,ATM,2.9,0,"1,982,800.80"
16-Dec-20,Cheque,0,"247,850.10","1,734,950.70"
16-Dec-20,Commission,18,0,"1,734,968.70"
16-Dec-20,Interest,"1,860,481.00",0,"3,595,449.70"
16-Dec-20,Tax,3.8,0,"3,595,453.50"
16-Dec-20,Tax,0,"399,494.83","3,195,958.67"
16-Dec-20,Interest,"2,210.74",0,"3,198,169.41"
16-Dec-20,NEFT,560.9,0,"3,198,730.31"
16-Dec-20,Cash,"14,626.37",0,"3,213,356.68"
16-Dec-20,Transfer,"216,729.70",0,"3,430,086.38"
16-Dec-20,Reversal,359.7,0,"3,430,446.08"
16-Dec-20,RTGS,"26,022.86",0,"3,456,468.94"
16-Dec-20,Cheque,"25,331.20",0,"3,481,800.14"
16-Dec-20,Bill,0,"870,450.04","2,611,350.10"
16-Dec-20,NEFT,0,"326,418.76","2,284,931.34"
16-Dec-20,ATM,"1,763,138.00",0,"4,048,069.34"
16-Dec-20,RTGS,0,"1,349,356.45","2,698,712.89"
16-Dec-20,Reversal,4.3,0,"2,698,717.19"
16-Dec-20,Commission,48,0,"2,698,765.19"
16-Dec-20,Miscellaneous,0,"899,588.40","1,799,176.79"
16-Dec-20,Debit Card,0,"257,025.26","1,542,151.53"
16-Dec-20,Commission,290,0,"1,542,441.53"
16-Dec-20,Reversal,0,"385,610.38","1,156,831.15"
16-Dec-20,Cash,2.4,0,"1,156,833.55"
16-Dec-20,RTGS,53.04,0,"1,156,886.59"
16-Dec-20,NEFT,248,0,"1,157,134.59"
16-Dec-20,RTGS,0,"578,567.30","578,567.30"
16-Dec-20,Transfer,0,"115,713.46","462,853.84"
16-Dec-20,Purchase,"2,697.90",0,"465,551.74"
16-Dec-20,RTGS,0,"155,183.91","310,367.83"
16-Dec-20,Cheque,4.88,0,"310,372.71"
16-Dec-20,Cash,3.35,0,"310,376.06"
16-Dec-20,Purchase,"71,909.22",0,"382,285.28"
16-Dec-20,Commission,"10,058.24",0,"392,343.52"
16-Dec-20,Miscellaneous,0,"39,234.35","353,109.17"
16-Dec-20,Commission,857,0,"353,966.17"
16-Dec-20,ATM,"169,315.60",0,"523,281.77"
16-Dec-20,Transfer,"21,297.00",0,"544,578.77"
16-Dec-20,Purchase,0,"181,526.26","363,052.51"
16-Dec-20,Commission,3,0,"363,055.51"
16-Dec-20,IMPS,0,"363,055.51",0
16-Dec-20,Interest,0,0,0
16-Dec-20,RTGS,246.8,0,246.8
16-Dec-20,Tax,0,30.85,215.95
16-Dec-20,NEFT,0,30.85,185.1
16-Dec-20,Cheque,0,46.28,138.82
16-Dec-20,NEFT,"54,511.00",0,"54,649.82"
16-Dec-20,Interest,0,"9,108.30","45,541.52"
16-Dec-20,RTGS,"241,238.72",0,"286,780.24"
16-Dec-20,Debit Card,0,"71,695.06","215,085.18"
16-Dec-20,Tax,"36,227.00",0,"251,312.18"
16-Dec-20,Debit Card,38,0,"251,350.18"
16-Dec-20,Cheque,41.07,0,"251,391.25"
16-Dec-20,Purchase,0,"83,797.08","167,594.17"
16-Dec-20,RTGS,"139,499.80",0,"307,093.97"
17-Dec-20,IMPS,0,"38,386.75","268,707.22"
17-Dec-20,Debit Card,0,"33,588.40","235,118.82"
17-Dec-20,Interest,"8,715.30",0,"243,834.12"
17-Dec-20,Cash,0,"30,479.27","213,354.86"
17-Dec-20,ATM,"31,518.00",0,"244,872.86"
17-Dec-20,NEFT,3,0,"244,875.86"
18-Dec-20,Tax,235,0,"245,110.86"
18-Dec-20,RTGS,"2,616.90",0,"247,727.76"
18-Dec-20,Cheque,5.67,0,"247,733.43"
18-Dec-20,Cash,0,"27,525.94","220,207.49"
18-Dec-20,NEFT,"4,604.94",0,"224,812.43"
18-Dec-20,Tax,16.7,0,"224,829.13"
18-Dec-20,Reversal,0,"56,207.28","168,621.85"
18-Dec-20,Commission,276.1,0,"168,897.95"
18-Dec-20,Reversal,0,"18,766.44","150,131.51"
18-Dec-20,Debit Card,"345,770.25",0,"495,901.76"
18-Dec-20,Interest,0,"70,843.11","425,058.65"
18-Dec-20,Miscellaneous,"16,859.12",0,"441,917.77"
18-Dec-20,Interest,0,"441,917.77",0
18-Dec-20,Reversal,0,0,0
18-Dec-20,Purchase,"1,131,879.00",0,"1,131,879.00"
19-Dec-20,Interest,"2,026.50",0,"1,133,905.50"
19-Dec-20,Interest,262,0,"1,134,167.50"
19-Dec-20,NEFT,510.4,0,"1,134,677.90"
19-Dec-20,NEFT,0,"567,338.95","567,338.95"
19-Dec-20,Cash,35.81,0,"567,374.76"
19-Dec-20,RTGS,"46,258.40",0,"613,633.16"
19-Dec-20,Purchase,29,0,"613,662.16"
19-Dec-20,Interest,"154,307.60",0,"767,969.76"
19-Dec-20,RTGS,39,0,"768,008.76"
19-Dec-20,ATM,0,"96,001.10","672,007.66"
19-Dec-20,Debit Card,0,"224,002.55","448,005.11"
19-Dec-20,Reversal,"161,693.00",0,"609,698.11"
19-Dec-20,Commission,0,"60,969.81","548,728.30"
19-Dec-20,Transfer,0,"182,909.43","365,818.87"
19-Dec-20,Purchase,0,"91,454.72","274,364.15"
19-Dec-20,Cash,"205,738.40",0,"480,102.55"
19-Dec-20,Tax,0,"96,020.51","384,082.04"
19-Dec-20,RTGS,0,"96,020.51","288,061.53"
19-Dec-20,ATM,0,"72,015.38","216,046.15"
19-Dec-20,Debit Card,0,"108,023.08","108,023.08"
19-Dec-20,Purchase,0,"13,502.89","94,520.20"
20-Dec-20,Debit Card,0,"13,502.89","81,017.31"
21-Dec-20,Reversal,0,"9,001.92","72,015.39"
21-Dec-20,Bill,0,"10,287.91","61,727.48"
21-Dec-20,ATM,0,"6,172.75","55,554.73"
21-Dec-20,Miscellaneous,0,"5,555.47","49,999.26"
21-Dec-20,ATM,0,"4,999.93","44,999.33"
21-Dec-20,Tax,0,"4,999.93","39,999.40"
21-Dec-20,Miscellaneous,0,"6,666.57","33,332.83"
21-Dec-20,Reversal,"24,939.34",0,"58,272.17"
21-Dec-20,Reversal,0,"58,272.17",0
21-Dec-20,Interest,21,0,21
21-Dec-20,NEFT,0,2.1,18.9
21-Dec-20,IMPS,"179,682.00",0,"179,700.90"
21-Dec-20,Miscellaneous,0,"19,966.77","159,734.13"
21-Dec-20,Purchase,0,"79,867.07","79,867.06"
21-Dec-20,Reversal,"2,000,101.80",0,"2,079,968.86"
21-Dec-20,Bill,0,"519,992.22","1,559,976.64"
21-Dec-20,ATM,0,"311,995.33","1,247,981.31"
21-Dec-20,Cash,0,"124,798.13","1,123,183.18"
21-Dec-20,Debit Card,1,0,"1,123,184.18"
21-Dec-20,RTGS,0,"1,123,184.18",0
21-Dec-20,Interest,"9,218.00",0,"9,218.00"
21-Dec-20,Miscellaneous,6,0,"9,224.00"
21-Dec-20,IMPS,"256,077.00",0,"265,301.00"
21-Dec-20,Interest,"84,016.20",0,"349,317.20"
21-Dec-20,Bill,"30,497.77",0,"379,814.97"
21-Dec-20,Cash,"1,366,827.00",0,"1,746,641.97"
21-Dec-20,RTGS,0,"291,107.00","1,455,534.98"
21-Dec-20,Bill,"2,022.12",0,"1,457,557.10"
21-Dec-20,Cheque,291.9,0,"1,457,849.00"
21-Dec-20,IMPS,"118,726.75",0,"1,576,575.75"
21-Dec-20,Bill,0,"197,071.97","1,379,503.78"
21-Dec-20,Debit Card,"260,178.94",0,"1,639,682.72"
21-Dec-20,ATM,0,"327,936.54","1,311,746.18"
21-Dec-20,Reversal,0,"163,968.27","1,147,777.91"
21-Dec-20,NEFT,0,"229,555.58","918,222.33"
21-Dec-20,Cheque,0,"91,822.23","826,400.10"
21-Dec-20,RTGS,"97,531.30",0,"923,931.40"
21-Dec-20,RTGS,284,0,"924,215.40"
22-Dec-20,Debit Card,"3,490.00",0,"927,705.40"
22-Dec-20,Reversal,418.1,0,"928,123.50"
22-Dec-20,NEFT,"67,144.00",0,"995,267.50"
22-Dec-20,Debit Card,"31,492.40",0,"1,026,759.90"
22-Dec-20,Purchase,0,"114,084.43","912,675.47"
22-Dec-20,Bill,0,"152,112.58","760,562.89"
22-Dec-20,Cheque,293.7,0,"760,856.59"
22-Dec-20,IMPS,27.4,0,"760,883.99"
22-Dec-20,Interest,0,"84,542.67","676,341.32"
22-Dec-20,ATM,"17,153.00",0,"693,494.32"
22-Dec-20,Cash,450.9,0,"693,945.22"
22-Dec-20,Reversal,0,"173,486.31","520,458.92"
22-Dec-20,Tax,0,"52,045.89","468,413.03"
22-Dec-20,Debit Card,0,"66,916.15","401,496.88"
22-Dec-20,Transfer,0,"100,374.22","301,122.66"
22-Dec-20,Debit Card,0,"37,640.33","263,482.33"
22-Dec-20,Cash,0,"32,935.29","230,547.04"
22-Dec-20,Tax,0,"230,547.04",0
22-Dec-20,Cash,40.38,0,40.38
22-Dec-20,Miscellaneous,"81,952.00",0,"81,992.38"
22-Dec-20,Cash,0,"16,398.48","65,593.90"
22-Dec-20,Interest,0,"8,199.24","57,394.66"
22-Dec-20,Tax,0,"5,739.47","51,655.19"
23-Dec-20,IMPS,0,"10,331.04","41,324.15"
23-Dec-20,Cash,372,0,"41,696.15"
23-Dec-20,Debit Card,0,"5,212.02","36,484.13"
23-Dec-20,Cash,0,"4,053.79","32,430.34"
23-Dec-20,IMPS,0,"10,810.11","21,620.23"
23-Dec-20,Bill,"127,868.75",0,"149,488.98"
23-Dec-20,Miscellaneous,"27,339.70",0,"176,828.68"
23-Dec-20,Commission,"50,830.28",0,"227,658.96"
23-Dec-20,Commission,0,"37,943.16","189,715.80"
23-Dec-20,NEFT,"8,096.00",0,"197,811.80"
23-Dec-20,RTGS,"32,582.00",0,"230,393.80"
23-Dec-20,Interest,0,"46,078.76","184,315.04"
23-Dec-20,RTGS,205.47,0,"184,520.51"
23-Dec-20,IMPS,0,"18,452.05","166,068.46"
23-Dec-20,Cash,"30,463.00",0,"196,531.46"
23-Dec-20,Cash,55.1,0,"196,586.56"
23-Dec-20,IMPS,"191,791.20",0,"388,377.76"
23-Dec-20,Interest,"1,762.70",0,"390,140.46"
23-Dec-20,Debit Card,"140,595.44",0,"530,735.90"
24-Dec-20,Reversal,"1,973.00",0,"532,708.90"
24-Dec-20,Transfer,0,"66,588.61","466,120.29"
24-Dec-20,Transfer,"665,992.75",0,"1,132,113.04"
24-Dec-20,Miscellaneous,"108,387.00",0,"1,240,500.04"
25-Dec-20,Bill,0,"620,250.02","620,250.02"
25-Dec-20,NEFT,"15,581.75",0,"635,831.77"
25-Dec-20,Commission,"2,001,052.00",0,"2,636,883.77"
25-Dec-20,Tax,"761,905.50",0,"3,398,789.27"
25-Dec-20,Interest,37.8,0,"3,398,827.07"
25-Dec-20,Tax,0,"566,471.18","2,832,355.89"
25-Dec-20,NEFT,0,"314,706.21","2,517,649.68"
25-Dec-20,Commission,0,"279,738.85","2,237,910.83"
25-Dec-20,Reversal,0,"559,477.71","1,678,433.12"
25-Dec-20,Cheque,0,"209,804.14","1,468,628.98"
25-Dec-20,Interest,"9,459.00",0,"1,478,087.98"
25-Dec-20,Interest,0,"184,761.00","1,293,326.98"
25-Dec-20,IMPS,"218,344.91",0,"1,511,671.89"
25-Dec-20,Interest,157.28,0,"1,511,829.17"
25-Dec-20,Transfer,0,"377,957.29","1,133,871.88"
25-Dec-20,IMPS,0,"377,957.29","755,914.59"
25-Dec-20,Reversal,10,0,"755,924.59"
25-Dec-20,Cash,5.7,0,"755,930.29"
25-Dec-20,Cheque,235.2,0,"756,165.49"
25-Dec-20,RTGS,22.6,0,"756,188.09"
25-Dec-20,Transfer,239.84,0,"756,427.93"
25-Dec-20,Cash,0,"756,427.93",0
25-Dec-20,Cash,"28,565.42",0,"28,565.42"
25-Dec-20,IMPS,0,"4,760.90","23,804.52"
25-Dec-20,Tax,"1,976.22",0,"25,780.74"
25-Dec-20,IMPS,0,"3,222.59","22,558.15"
25-Dec-20,Purchase,85,0,"22,643.15"
25-Dec-20,Debit Card,0,"11,321.58","11,321.58"
25-Dec-20,Cash,312,0,"11,633.58"
25-Dec-20,Cash,"2,538.74",0,"14,172.32"
25-Dec-20,Interest,"24,526.51",0,"38,698.83"
25-Dec-20,Bill,0,"38,698.83",0
25-Dec-20,IMPS,"1,777.17",0,"1,777.17"
25-Dec-20,Cheque,42.4,0,"1,819.57"
25-Dec-20,ATM,"1,459.85",0,"3,279.42"
25-Dec-20,IMPS,0,364.38,"2,915.04"
25-Dec-20,NEFT,1.74,0,"2,916.78"
25-Dec-20,Purchase,0,"2,916.78",0
25-Dec-20,Interest,"1,160,294.75",0,"1,160,294.75"
25-Dec-20,IMPS,"1,260,868.00",0,"2,421,162.75"
25-Dec-20,IMPS,"843,452.20",0,"3,264,614.95"
25-Dec-20,Cheque,927,0,"3,265,541.95"
25-Dec-20,NEFT,0,"1,088,513.98","2,177,027.97"
25-Dec-20,Interest,"2,413.30",0,"2,179,441.27"
25-Dec-20,Tax,"27,611.91",0,"2,207,053.18"
25-Dec-20,Reversal,0,"275,881.65","1,931,171.53"
25-Dec-20,NEFT,0,"965,585.77","965,585.76"
25-Dec-20,Transfer,0,"107,287.31","858,298.45"
25-Dec-20,RTGS,0.19,0,"858,298.64"
25-Dec-20,Debit Card,0,"122,614.09","735,684.55"
25-Dec-20,NEFT,"7,833.00",0,"743,517.55"
25-Dec-20,Purchase,0,"92,939.69","650,577.86"
25-Dec-20,Miscellaneous,0,"65,057.79","585,520.07"
25-Dec-20,Commission,0,"73,190.01","512,330.06"
25-Dec-20,RTGS,"16,181.80",0,"528,511.86"
25-Dec-20,ATM,0,"528,511.86",0
25-Dec-20,Bill,11.9,0,11.9
25-Dec-20,Debit Card,0,2.98,8.93
25-Dec-20,Transfer,0,8.93,0
25-Dec-20,Miscellaneous,507.3,0,507.3
25-Dec-20,Tax,0,169.1,338.2
25-Dec-20,Miscellaneous,0,37.58,300.62
25-Dec-20,Tax,0,300.62,0
25-Dec-20,Miscellaneous,"1,743.89",0,"1,743.89"
25-Dec-20,Miscellaneous,"53,998.00",0,"55,741.89"
25-Dec-20,IMPS,3,0,"55,744.89"
25-Dec-20,Cash,358.9,0,"56,103.79"
25-Dec-20,RTGS,3,0,"56,106.79"
25-Dec-20,Interest,0,"7,013.35","49,093.44"
25-Dec-20,Debit Card,0,"8,182.24","40,911.20"
25-Dec-20,Bill,0,"13,637.07","27,274.13"
25-Dec-20,NEFT,0,"3,896.30","23,377.83"
25-Dec-20,Miscellaneous,59.45,0,"23,437.28"
25-Dec-20,NEFT,0,"3,906.21","19,531.07"
25-Dec-20,Commission,"1,243.40",0,"20,774.47"
25-Dec-20,Transfer,"329,720.00",0,"350,494.47"
25-Dec-20,Debit Card,0,"70,098.89","280,395.58"
25-Dec-20,RTGS,"71,752.12",0,"352,147.70"
25-Dec-20,Debit Card,48.86,0,"352,196.56"
25-Dec-20,Tax,"149,822.31",0,"502,018.87"
25-Dec-20,NEFT,4.26,0,"502,023.13"
25-Dec-20,Bill,0,"251,011.57","251,011.56"
25-Dec-20,Tax,3,0,"251,014.56"
25-Dec-20,RTGS,"1,593,229.50",0,"1,844,244.06"
25-Dec-20,ATM,"2,612.00",0,"1,846,856.06"
25-Dec-20,IMPS,426,0,"1,847,282.06"
25-Dec-20,IMPS,0,"307,880.34","1,539,401.72"
25-Dec-20,Commission,2.3,0,"1,539,404.02"
25-Dec-20,Transfer,0,"192,425.50","1,346,978.52"
25-Dec-20,Cash,0,"448,992.84","897,985.68"
25-Dec-20,Commission,0,"179,597.14","718,388.54"
25-Dec-20,NEFT,0,"71,838.85","646,549.69"
25-Dec-20,Purchase,0,"71,838.85","574,710.84"
25-Dec-20,NEFT,"8,981.00",0,"583,691.84"
25-Dec-20,Bill,58,0,"583,749.84"
25-Dec-20,Bill,"42,436.00",0,"626,185.84"
25-Dec-20,ATM,"2,613.76",0,"628,799.60"
25-Dec-20,Commission,3.1,0,"628,802.70"
25-Dec-20,ATM,0,"78,600.34","550,202.36"
25-Dec-20,Reversal,0,"78,600.34","471,602.02"
25-Dec-20,Miscellaneous,0,"52,400.22","419,201.80"
25-Dec-20,NEFT,"29,345.55",0,"448,547.35"
25-Dec-20,Tax,413.29,0,"448,960.64"
26-Dec-20,NEFT,0,"56,120.08","392,840.56"
26-Dec-20,IMPS,339.7,0,"393,180.26"
27-Dec-20,NEFT,4.78,0,"393,185.04"
27-Dec-20,Cheque,0,"131,061.68","262,123.36"
27-Dec-20,Cheque,0,"131,061.68","131,061.68"
27-Dec-20,Purchase,"18,200.00",0,"149,261.68"
27-Dec-20,NEFT,0,"49,753.89","99,507.79"
27-Dec-20,NEFT,3.47,0,"99,511.26"
27-Dec-20,Debit Card,0,0,"99,511.26"
27-Dec-20,Debit Card,"915,154.00",0,"1,014,665.26"
27-Dec-20,Tax,"42,340.00",0,"1,057,005.26"
27-Dec-20,Transfer,0,"176,167.54","880,837.72"
27-Dec-20,Transfer,473.93,0,"881,311.65"
27-Dec-20,Bill,3,0,"881,314.65"
27-Dec-20,Interest,6.14,0,"881,320.79"
28-Dec-20,Tax,0,"110,165.10","771,155.69"
28-Dec-20,Reversal,0,"771,155.69",0
28-Dec-20,Purchase,"3,454.00",0,"3,454.00"
28-Dec-20,Reversal,0,"3,454.00",0
28-Dec-20,Interest,701.7,0,701.7
28-Dec-20,Reversal,5.47,0,707.17
29-Dec-20,Tax,0,101.02,606.15
29-Dec-20,NEFT,"1,071,365.00",0,"1,071,971.15"
29-Dec-20,NEFT,0,"535,985.58","535,985.57"
29-Dec-20,RTGS,0,"535,985.57",0
30-Dec-20,Commission,688.47,0,688.47
30-Dec-20,Debit Card,"110,938.00",0,"111,626.47"
31-Dec-20,NEFT,0,"37,208.82","74,417.65"
31-Dec-20,ATM,26.48,0,"74,444.13"
31-Dec-20,Tax,"74,304.16",0,"148,748.29"
31-Dec-20,Tax,0,"18,593.54","130,154.75"
31-Dec-20,Purchase,0,"14,461.64","115,693.11"
31-Dec-20,Cheque,"3,179.10",0,"118,872.21"
31-Dec-20,NEFT,0,"29,718.05","89,154.16"
31-Dec-20,Miscellaneous,"32,413.09",0,"121,567.25"
31-Dec-20,Reversal,0,"13,507.47","108,059.78"
31-Dec-20,Reversal,0,"27,014.95","81,044.83"
31-Dec-20,Bill,"61,109.00",0,"142,153.83"
31-Dec-20,Cheque,"113,982.00",0,"256,135.83"
1-Jan-21,Purchase,"193,086.60",0,"449,222.43"
1-Jan-21,Cheque,0,"449,222.43",0
1-Jan-21,Interest,"1,989.71",0,"1,989.71"
1-Jan-21,Cheque,0,198.97,"1,790.74"
1-Jan-21,Cheque,"126,449.00",0,"128,239.74"
1-Jan-21,Reversal,0,"12,823.97","115,415.77"
1-Jan-21,Commission,0,"14,426.97","100,988.80"
1-Jan-21,Commission,143,0,"101,131.80"
1-Jan-21,IMPS,0,"11,236.87","89,894.93"
1-Jan-21,Debit Card,60.29,0,"89,955.22"
1-Jan-21,Cheque,"9,707.00",0,"99,662.22"
1-Jan-21,Cash,"22,607.00",0,"122,269.22"
1-Jan-21,Purchase,0,"13,585.47","108,683.75"
1-Jan-21,Purchase,"260,618.44",0,"369,302.19"
1-Jan-21,Commission,0,"92,325.55","276,976.64"
1-Jan-21,Purchase,0,"69,244.16","207,732.48"
1-Jan-21,IMPS,0,"41,546.50","166,185.98"
1-Jan-21,ATM,"1,770,190.00",0,"1,936,375.98"
1-Jan-21,Purchase,473,0,"1,936,848.98"
1-Jan-21,ATM,7,0,"1,936,855.98"
1-Jan-21,Cash,"29,136.30",0,"1,965,992.28"
1-Jan-21,IMPS,"109,853.00",0,"2,075,845.28"
1-Jan-21,Purchase,"1,818,521.00",0,"3,894,366.28"
1-Jan-21,Cheque,"3,894.00",0,"3,898,260.28"
1-Jan-21,Debit Card,0,"1,299,420.09","2,598,840.19"
1-Jan-21,RTGS,22.36,0,"2,598,862.55"
1-Jan-21,Purchase,"3,100.60",0,"2,601,963.15"
1-Jan-21,Transfer,0,"433,660.53","2,168,302.62"
1-Jan-21,Reversal,0,"240,922.51","1,927,380.11"
1-Jan-21,Debit Card,0,"385,476.02","1,541,904.09"
1-Jan-21,Cheque,0,"513,968.03","1,027,936.06"
1-Jan-21,Purchase,0,"146,848.01","881,088.05"
1-Jan-21,Tax,0,"97,898.67","783,189.38"
2-Jan-21,NEFT,"10,275.91",0,"793,465.29"
2-Jan-21,Commission,220.5,0,"793,685.79"
2-Jan-21,RTGS,"178,914.00",0,"972,599.79"
2-Jan-21,RTGS,129,0,"972,728.79"
2-Jan-21,Reversal,0,"138,961.26","833,767.53"
2-Jan-21,Bill,351.34,0,"834,118.87"
2-Jan-21,NEFT,"34,751.88",0,"868,870.75"
2-Jan-21,Transfer,0,"144,811.79","724,058.96"
2-Jan-21,IMPS,431.1,0,"724,490.06"
2-Jan-21,NEFT,7,0,"724,497.06"
2-Jan-21,Tax,"1,718,922.00",0,"2,443,419.06"
2-Jan-21,Miscellaneous,144.9,0,"2,443,563.96"
2-Jan-21,Transfer,5,0,"2,443,568.96"
2-Jan-21,Commission,"209,665.00",0,"2,653,233.96"
2-Jan-21,Miscellaneous,0,"442,205.66","2,211,028.30"
2-Jan-21,Bill,"20,728.39",0,"2,231,756.69"
2-Jan-21,Bill,0,"743,918.90","1,487,837.79"
2-Jan-21,ATM,0,"1,487,837.79",0
2-Jan-21,Interest,"2,450.00",0,"2,450.00"
2-Jan-21,IMPS,"2,061.60",0,"4,511.60"
2-Jan-21,Miscellaneous,0,902.32,"3,609.28"
2-Jan-21,RTGS,"660,785.25",0,"664,394.53"
2-Jan-21,NEFT,692.96,0,"665,087.49"
2-Jan-21,Cheque,"1,224,926.80",0,"1,890,014.29"
3-Jan-21,Debit Card,16.87,0,"1,890,031.16"
3-Jan-21,Miscellaneous,4.93,0,"1,890,036.09"
3-Jan-21,Debit Card,0,"189,003.61","1,701,032.48"
3-Jan-21,Reversal,0,"189,003.61","1,512,028.87"
3-Jan-21,RTGS,17.6,0,"1,512,046.47"
3-Jan-21,Tax,0,"504,015.49","1,008,030.98"
3-Jan-21,Purchase,0,"168,005.16","840,025.82"
3-Jan-21,IMPS,17,0,"840,042.82"
3-Jan-21,RTGS,0,"120,006.12","720,036.70"
3-Jan-21,ATM,0,"720,036.70",0
3-Jan-21,Interest,6,0,6
4-Jan-21,Cheque,0,0.67,5.33
5-Jan-21,Interest,0,0.76,4.57
5-Jan-21,Interest,"3,471.00",0,"3,475.57"
5-Jan-21,Miscellaneous,0,695.11,"2,780.46"
5-Jan-21,RTGS,"25,272.00",0,"28,052.46"
5-Jan-21,NEFT,"1,875.00",0,"29,927.46"
5-Jan-21,Miscellaneous,824,0,"30,751.46"
5-Jan-21,Cash,0,"10,250.49","20,500.97"
5-Jan-21,Interest,0,"6,833.66","13,667.31"
5-Jan-21,Transfer,"9,644.05",0,"23,311.36"
5-Jan-21,NEFT,"167,284.41",0,"190,595.77"
5-Jan-21,Debit Card,0,"21,177.31","169,418.46"
5-Jan-21,Reversal,0,"33,883.69","135,534.77"
5-Jan-21,IMPS,8.93,0,"135,543.70"
5-Jan-21,RTGS,0,"45,181.23","90,362.47"
5-Jan-21,Cash,0,"30,120.82","60,241.65"
5-Jan-21,Commission,0,"6,693.52","53,548.13"
5-Jan-21,Interest,0,"26,774.07","26,774.06"
5-Jan-21,Cheque,24,0,"26,798.06"
5-Jan-21,Transfer,0,"13,399.03","13,399.03"
5-Jan-21,ATM,"1,570,038.80",0,"1,583,437.83"
5-Jan-21,Miscellaneous,0,"527,812.61","1,055,625.22"
5-Jan-21,Cheque,349,0,"1,055,974.22"
5-Jan-21,ATM,0,"105,597.42","950,376.80"
5-Jan-21,Bill,0,"105,597.42","844,779.38"
5-Jan-21,Commission,4.1,0,"844,783.48"
5-Jan-21,ATM,"160,879.20",0,"1,005,662.68"
5-Jan-21,Tax,7.3,0,"1,005,669.98"
5-Jan-21,IMPS,"2,562.12",0,"1,008,232.10"
5-Jan-21,RTGS,"1,467,818.00",0,"2,476,050.10"
5-Jan-21,Purchase,0.06,0,"2,476,050.16"
5-Jan-21,Purchase,41,0,"2,476,091.16"
5-Jan-21,Bill,53.26,0,"2,476,144.42"
5-Jan-21,ATM,"1,698,885.50",0,"4,175,029.92"
5-Jan-21,Transfer,0,"417,502.99","3,757,526.93"
5-Jan-21,RTGS,"27,686.70",0,"3,785,213.63"
5-Jan-21,Cash,0.9,0,"3,785,214.53"
5-Jan-21,Bill,0,"630,869.09","3,154,345.44"
5-Jan-21,Commission,0,"1,577,172.72","1,577,172.72"
5-Jan-21,Cash,0,"225,310.39","1,351,862.33"
5-Jan-21,Bill,0,"270,372.47","1,081,489.86"
5-Jan-21,NEFT,0,"135,186.23","946,303.63"
5-Jan-21,Cheque,0,"135,186.23","811,117.40"
5-Jan-21,Miscellaneous,0,"811,117.40",0
5-Jan-21,Commission,33.7,0,33.7
5-Jan-21,NEFT,72.86,0,106.56
5-Jan-21,Cheque,"540,286.25",0,"540,392.81"
5-Jan-21,Transfer,293.9,0,"540,686.71"
5-Jan-21,Bill,36,0,"540,722.71"
5-Jan-21,Purchase,0,"108,144.54","432,578.17"
5-Jan-21,Debit Card,0,"48,064.24","384,513.93"
5-Jan-21,Cheque,"3,023.00",0,"387,536.93"
5-Jan-21,ATM,0,"77,507.39","310,029.54"
5-Jan-21,Purchase,0,"155,014.77","155,014.77"
5-Jan-21,Commission,"2,896.45",0,"157,911.22"
5-Jan-21,Reversal,"1,777.00",0,"159,688.22"
5-Jan-21,Reversal,3.72,0,"159,691.94"
5-Jan-21,Interest,"1,974,280.00",0,"2,133,971.94"
5-Jan-21,Cash,0,"426,794.39","1,707,177.55"
5-Jan-21,Commission,0,"284,529.59","1,422,647.96"
5-Jan-21,Cash,0,"177,831.00","1,244,816.96"
5-Jan-21,Transfer,0,"311,204.24","933,612.72"
5-Jan-21,Tax,0,"466,806.36","466,806.36"
5-Jan-21,Tax,0,"116,701.59","350,104.77"
6-Jan-21,Reversal,"152,957.00",0,"503,061.77"
6-Jan-21,Transfer,0,"55,895.75","447,166.02"
6-Jan-21,Debit Card,0,"49,685.11","397,480.91"
6-Jan-21,Tax,0,"132,493.64","264,987.27"
7-Jan-21,Bill,0,"66,246.82","198,740.45"
7-Jan-21,Debit Card,0,"22,082.27","176,658.18"
7-Jan-21,Bill,"1,794.59",0,"178,452.77"
7-Jan-21,Cash,0,"22,306.60","156,146.17"
7-Jan-21,Cash,"160,413.72",0,"316,559.89"
7-Jan-21,Bill,0,"35,173.32","281,386.57"
7-Jan-21,Reversal,0,"46,897.76","234,488.81"
7-Jan-21,Debit Card,0,"29,311.10","205,177.71"
7-Jan-21,ATM,47.78,0,"205,225.49"
7-Jan-21,Transfer,0,"205,225.49",0
7-Jan-21,Reversal,6,0,6
7-Jan-21,NEFT,2.9,0,8.9
7-Jan-21,RTGS,"2,048.20",0,"2,057.10"
7-Jan-21,Cheque,0,205.71,"1,851.39"
7-Jan-21,RTGS,176,0,"2,027.39"
7-Jan-21,Cheque,"1,233,779.00",0,"1,235,806.39"
7-Jan-21,Commission,0,"247,161.28","988,645.11"
7-Jan-21,Interest,"1,155,076.50",0,"2,143,721.61"
7-Jan-21,Reversal,0,"428,744.32","1,714,977.29"
7-Jan-21,Reversal,0,"1,714,977.29",0
7-Jan-21,IMPS,29,0,29
7-Jan-21,Debit Card,0,7.25,21.75
7-Jan-21,Transfer,0,10.88,10.88
7-Jan-21,Tax,1.1,0,11.98
8-Jan-21,IMPS,0,3.99,7.99
8-Jan-21,Interest,"52,299.00",0,"52,306.99"
8-Jan-21,NEFT,84.6,0,"52,391.59"
8-Jan-21,Commission,0,"5,239.16","47,152.43"
8-Jan-21,RTGS,0,"4,715.24","42,437.19"
8-Jan-21,Miscellaneous,"15,884.00",0,"58,321.19"
8-Jan-21,Commission,0,"19,440.40","38,880.79"
8-Jan-21,ATM,1.86,0,"38,882.65"
8-Jan-21,Reversal,"568,882.75",0,"607,765.40"
8-Jan-21,Tax,0,"607,765.40",0
8-Jan-21,Cheque,"26,415.10",0,"26,415.10"
8-Jan-21,Debit Card,30,0,"26,445.10"
9-Jan-21,Interest,0,"4,407.52","22,037.58"
9-Jan-21,Interest,"50,145.44",0,"72,183.02"
9-Jan-21,RTGS,875,0,"73,058.02"
9-Jan-21,IMPS,0,"7,305.80","65,752.22"
9-Jan-21,Reversal,"3,339.24",0,"69,091.46"
9-Jan-21,RTGS,"19,914.10",0,"89,005.56"
9-Jan-21,Purchase,0,"17,801.11","71,204.45"
9-Jan-21,Transfer,22.4,0,"71,226.85"
9-Jan-21,Cheque,24.56,0,"71,251.41"
9-Jan-21,Cheque,"13,159.00",0,"84,410.41"
9-Jan-21,Interest,"24,558.30",0,"108,968.71"
9-Jan-21,Miscellaneous,247,0,"109,215.71"
9-Jan-21,Reversal,0,"21,843.14","87,372.57"
9-Jan-21,NEFT,0,"21,843.14","65,529.43"
9-Jan-21,Miscellaneous,0,"9,361.35","56,168.08"
9-Jan-21,Transfer,3.9,0,"56,171.98"
10-Jan-21,Interest,0,"9,362.00","46,809.98"
10-Jan-21,Interest,0,"11,702.50","35,107.48"
10-Jan-21,Commission,453.7,0,"35,561.18"
10-Jan-21,Transfer,"123,936.10",0,"159,497.28"
10-Jan-21,Reversal,0,"159,497.28",0
10-Jan-21,Purchase,"244,914.00",0,"244,914.00"
10-Jan-21,Debit Card,428.94,0,"245,342.94"
10-Jan-21,Commission,0.23,0,"245,343.17"
10-Jan-21,IMPS,0,"40,890.53","204,452.64"
10-Jan-21,Interest,0,"34,075.44","170,377.20"
10-Jan-21,Reversal,0,"18,930.80","151,446.40"
10-Jan-21,Transfer,44,0,"151,490.40"
10-Jan-21,Reversal,0,"25,248.40","126,242.00"
10-Jan-21,Reversal,323.77,0,"126,565.77"
10-Jan-21,Transfer,"14,944.25",0,"141,510.02"
10-Jan-21,IMPS,"857,282.00",0,"998,792.02"
10-Jan-21,RTGS,0,"998,792.02",0
10-Jan-21,Cash,39,0,39
10-Jan-21,Bill,2.07,0,41.07
10-Jan-21,RTGS,0,20.54,20.54
10-Jan-21,Cash,0,4.11,16.43
10-Jan-21,NEFT,0,2.74,13.69
10-Jan-21,Commission,"577,606.25",0,"577,619.94"
10-Jan-21,Miscellaneous,19,0,"577,638.94"
10-Jan-21,NEFT,0,"57,763.89","519,875.05"
10-Jan-21,NEFT,0,"74,267.86","445,607.19"
10-Jan-21,Interest,0,"55,700.90","389,906.29"
10-Jan-21,NEFT,0,"194,953.15","194,953.14"
10-Jan-21,Cheque,0,"64,984.38","129,968.76"
10-Jan-21,Reversal,"6,434.82",0,"136,403.58"
10-Jan-21,Reversal,1.88,0,"136,405.46"
10-Jan-21,Transfer,0,"22,734.24","113,671.22"
10-Jan-21,Miscellaneous,4.4,0,"113,675.62"
10-Jan-21,ATM,0,"12,630.62","101,045.00"
11-Jan-21,RTGS,"13,963.00",0,"115,008.00"
11-Jan-21,Purchase,0,"38,336.00","76,672.00"
11-Jan-21,Tax,6.2,0,"76,678.20"
11-Jan-21,Cheque,0,"8,519.80","68,158.40"
11-Jan-21,Transfer,7.2,0,"68,165.60"
11-Jan-21,IMPS,"124,292.50",0,"192,458.10"
11-Jan-21,Cheque,0,"64,152.70","128,305.40"
11-Jan-21,Debit Card,"21,222.59",0,"149,527.99"
11-Jan-21,Transfer,252.4,0,"149,780.39"
11-Jan-21,Bill,0,"49,926.80","99,853.59"
11-Jan-21,RTGS,39.4,0,"99,892.99"
11-Jan-21,Purchase,268.2,0,"100,161.19"
11-Jan-21,Debit Card,0,"12,520.15","87,641.04"
11-Jan-21,Reversal,0,"21,910.26","65,730.78"
11-Jan-21,IMPS,"192,646.72",0,"258,377.50"
11-Jan-21,Cash,0,"28,708.61","229,668.89"
11-Jan-21,Transfer,0,"45,933.78","183,735.11"
11-Jan-21,Debit Card,"62,200.60",0,"245,935.71"
11-Jan-21,Interest,31.9,0,"245,967.61"
11-Jan-21,ATM,0,"35,138.23","210,829.38"
11-Jan-21,RTGS,7,0,"210,836.38"
11-Jan-21,Commission,7,0,"210,843.38"
11-Jan-21,Interest,"256,439.00",0,"467,282.38"
11-Jan-21,Purchase,0,"116,820.60","350,461.78"
11-Jan-21,ATM,9.7,0,"350,471.48"
11-Jan-21,Reversal,0,"70,094.30","280,377.18"
11-Jan-21,Debit Card,314.09,0,"280,691.27"
11-Jan-21,NEFT,"29,668.00",0,"310,359.27"
11-Jan-21,Cash,0,"77,589.82","232,769.45"
11-Jan-21,Tax,42,0,"232,811.45"
11-Jan-21,Tax,10.95,0,"232,822.40"
11-Jan-21,IMPS,0,"46,564.48","186,257.92"
11-Jan-21,Commission,4.1,0,"186,262.02"
11-Jan-21,Cheque,"1,380.00",0,"187,642.02"
11-Jan-21,Bill,"64,598.60",0,"252,240.62"
11-Jan-21,Cheque,0,"252,240.62",0
11-Jan-21,Tax,488.1,0,488.1
11-Jan-21,ATM,64,0,552.1
11-Jan-21,RTGS,0,69.01,483.09
11-Jan-21,Reversal,339.06,0,822.15
11-Jan-21,Transfer,0,91.35,730.8
11-Jan-21,Miscellaneous,0,81.2,649.6
11-Jan-21,NEFT,0,129.92,519.68
11-Jan-21,Cash,"387,128.50",0,"387,648.18"
11-Jan-21,ATM,0,"38,764.82","348,883.36"
11-Jan-21,IMPS,"174,706.00",0,"523,589.36"
11-Jan-21,Transfer,0,"104,717.87","418,871.49"
11-Jan-21,Cash,"163,682.40",0,"582,553.89"
11-Jan-21,RTGS,0,"83,221.98","499,331.91"
11-Jan-21,Debit Card,0,"49,933.19","449,398.72"
11-Jan-21,RTGS,4.9,0,"449,403.62"
11-Jan-21,Cheque,0,"56,175.45","393,228.17"
11-Jan-21,NEFT,0,"43,692.02","349,536.15"
11-Jan-21,IMPS,0,"349,536.15",0
11-Jan-21,NEFT,1.51,0,1.51
11-Jan-21,RTGS,182.2,0,183.71
11-Jan-21,Miscellaneous,0,26.24,157.47
11-Jan-21,Purchase,0,15.75,141.72
11-Jan-21,Reversal,"1,003.00",0,"1,144.72"
11-Jan-21,NEFT,13.14,0,"1,157.86"
11-Jan-21,ATM,0,231.57,926.29
11-Jan-21,Tax,0,115.79,810.5
11-Jan-21,Purchase,0,405.25,405.25
11-Jan-21,Reversal,0,405.25,0
11-Jan-21,Purchase,466.6,0,466.6
11-Jan-21,NEFT,2.9,0,469.5
11-Jan-21,IMPS,0,234.75,234.75
11-Jan-21,Cash,"2,206.00",0,"2,440.75"
11-Jan-21,Commission,116.8,0,"2,557.55"
12-Jan-21,Cheque,"712,148.00",0,"714,705.55"
12-Jan-21,IMPS,0,"79,411.73","635,293.82"
12-Jan-21,Tax,19,0,"635,312.82"
12-Jan-21,Bill,5.4,0,"635,318.22"
12-Jan-21,Bill,2.35,0,"635,320.57"
12-Jan-21,Cheque,"17,274.00",0,"652,594.57"
12-Jan-21,ATM,"1,701,008.50",0,"2,353,603.07"
12-Jan-21,Miscellaneous,6.9,0,"2,353,609.97"
12-Jan-21,Purchase,"82,473.25",0,"2,436,083.22"
12-Jan-21,IMPS,473.4,0,"2,436,556.62"
12-Jan-21,ATM,0,"304,569.58","2,131,987.04"
12-Jan-21,Tax,"1,866.40",0,"2,133,853.44"
12-Jan-21,NEFT,0,"213,385.34","1,920,468.10"
12-Jan-21,Cash,0,"320,078.02","1,600,390.08"
12-Jan-21,Purchase,"1,549.95",0,"1,601,940.03"
12-Jan-21,Miscellaneous,0,"533,980.01","1,067,960.02"
12-Jan-21,IMPS,0,"266,990.01","800,970.02"
12-Jan-21,Tax,"11,215.70",0,"812,185.72"
13-Jan-21,Reversal,"702,209.50",0,"1,514,395.22"
13-Jan-21,Bill,391.77,0,"1,514,786.99"
13-Jan-21,Transfer,0,"302,957.40","1,211,829.59"
13-Jan-21,Transfer,0,"121,182.96","1,090,646.63"
13-Jan-21,Purchase,"1,774,012.50",0,"2,864,659.13"
13-Jan-21,Cheque,62.32,0,"2,864,721.45"
13-Jan-21,Commission,"7,599.00",0,"2,872,320.45"
13-Jan-21,RTGS,2.4,0,"2,872,322.85"
13-Jan-21,Bill,"97,027.00",0,"2,969,349.85"
13-Jan-21,RTGS,183,0,"2,969,532.85"
13-Jan-21,Miscellaneous,"266,337.00",0,"3,235,869.85"
13-Jan-21,Tax,184,0,"3,236,053.85"
13-Jan-21,Interest,0,"3,236,053.85",0
13-Jan-21,ATM,62.9,0,62.9
13-Jan-21,Commission,0,20.97,41.93
13-Jan-21,IMPS,"8,410.00",0,"8,451.93"
13-Jan-21,Cash,2.46,0,"8,454.39"
13-Jan-21,Purchase,"1,575,869.25",0,"1,584,323.64"
13-Jan-21,RTGS,0,"226,331.95","1,357,991.69"
13-Jan-21,Tax,0,"135,799.17","1,222,192.52"
13-Jan-21,Tax,"321,768.00",0,"1,543,960.52"
13-Jan-21,Debit Card,9,0,"1,543,969.52"
13-Jan-21,NEFT,414,0,"1,544,383.52"
13-Jan-21,Cheque,0,"154,438.35","1,389,945.17"
13-Jan-21,Purchase,0,"154,438.35","1,235,506.82"
13-Jan-21,RTGS,"185,612.41",0,"1,421,119.23"
13-Jan-21,ATM,577.65,0,"1,421,696.88"
13-Jan-21,IMPS,"289,009.00",0,"1,710,705.88"
13-Jan-21,Cash,0,"342,141.18","1,368,564.70"
13-Jan-21,ATM,"2,401.32",0,"1,370,966.02"
13-Jan-21,RTGS,"17,872.00",0,"1,388,838.02"
13-Jan-21,Purchase,0,"694,419.01","694,419.01"
13-Jan-21,Purchase,0,"694,419.01",0
13-Jan-21,Transfer,"32,382.00",0,"32,382.00"
13-Jan-21,Miscellaneous,0,"3,598.00","28,784.00"
13-Jan-21,NEFT,"1,498.90",0,"30,282.90"
13-Jan-21,Miscellaneous,"18,920.30",0,"49,203.20"
13-Jan-21,Commission,0,"6,150.40","43,052.80"
14-Jan-21,Commission,0,"10,763.20","32,289.60"
14-Jan-21,Debit Card,20.1,0,"32,309.70"
14-Jan-21,NEFT,5.6,0,"32,315.30"
14-Jan-21,NEFT,0,"4,616.47","27,698.83"
14-Jan-21,Reversal,0,"6,924.71","20,774.12"
14-Jan-21,Cash,"131,743.60",0,"152,517.72"
14-Jan-21,Commission,0,"38,129.43","114,388.29"
14-Jan-21,Bill,0,"57,194.15","57,194.14"
14-Jan-21,Cheque,"16,574.00",0,"73,768.14"
14-Jan-21,IMPS,0,"9,221.02","64,547.12"
14-Jan-21,Interest,224,0,"64,771.12"
14-Jan-21,Bill,6.53,0,"64,777.65"
14-Jan-21,NEFT,0,"12,955.53","51,822.12"
14-Jan-21,Commission,"163,032.34",0,"214,854.46"
14-Jan-21,Tax,0,"21,485.45","193,369.01"
15-Jan-21,Purchase,0,"24,171.13","169,197.88"
15-Jan-21,NEFT,2.52,0,"169,200.40"
15-Jan-21,Reversal,548.3,0,"169,748.70"
15-Jan-21,ATM,"1,769,243.50",0,"1,938,992.20"
15-Jan-21,Purchase,0,"969,496.10","969,496.10"
15-Jan-21,Interest,"40,676.62",0,"1,010,172.72"
15-Jan-21,Miscellaneous,0,"1,010,172.72",0
15-Jan-21,Cash,44,0,44
15-Jan-21,Reversal,5.7,0,49.7
15-Jan-21,Purchase,3.9,0,53.6
15-Jan-21,Interest,0,10.72,42.88
15-Jan-21,ATM,2.3,0,45.18
15-Jan-21,Reversal,"689,441.25",0,"689,486.43"
15-Jan-21,ATM,0,"86,185.80","603,300.63"
15-Jan-21,Cash,"745,934.75",0,"1,349,235.38"
15-Jan-21,Debit Card,0,"674,617.69","674,617.69"
15-Jan-21,Cheque,"1,610.80",0,"676,228.49"
15-Jan-21,RTGS,"30,565.60",0,"706,794.09"
15-Jan-21,NEFT,0,"70,679.41","636,114.68"
15-Jan-21,Bill,0,"63,611.47","572,503.21"
16-Jan-21,Interest,25.8,0,"572,529.01"
16-Jan-21,Interest,0,"63,614.33","508,914.68"
16-Jan-21,Debit Card,0,"127,228.67","381,686.01"
16-Jan-21,Cash,1.72,0,"381,687.73"
16-Jan-21,Interest,"1,753.30",0,"383,441.03"
16-Jan-21,Tax,6.61,0,"383,447.64"
16-Jan-21,Miscellaneous,"5,268.97",0,"388,716.61"
16-Jan-21,Cash,3.53,0,"388,720.14"
16-Jan-21,RTGS,0,"55,531.45","333,188.69"
16-Jan-21,Tax,0,"166,594.35","166,594.34"
16-Jan-21,ATM,659,0,"167,253.34"
16-Jan-21,Commission,0,"16,725.33","150,528.01"
16-Jan-21,Reversal,0,"18,816.00","131,712.01"
16-Jan-21,ATM,0,"21,952.00","109,760.01"
16-Jan-21,Purchase,0,"27,440.00","82,320.01"
16-Jan-21,Reversal,"774,259.50",0,"856,579.51"
16-Jan-21,Bill,0,"171,315.90","685,263.61"
16-Jan-21,Bill,"1,626,877.00",0,"2,312,140.61"
16-Jan-21,Transfer,0,"2,312,140.61",0
16-Jan-21,NEFT,"26,748.00",0,"26,748.00"
16-Jan-21,Tax,0,"6,687.00","20,061.00"
16-Jan-21,IMPS,0,"2,229.00","17,832.00"
16-Jan-21,Transfer,0,"1,783.20","16,048.80"
16-Jan-21,Bill,48.3,0,"16,097.10"
16-Jan-21,Transfer,50.1,0,"16,147.20"
16-Jan-21,RTGS,0,"1,614.72","14,532.48"
16-Jan-21,ATM,"1,324,519.00",0,"1,339,051.48"
16-Jan-21,Miscellaneous,"656,068.00",0,"1,995,119.48"
16-Jan-21,Tax,0,"249,389.94","1,745,729.54"
16-Jan-21,RTGS,0,"249,389.93","1,496,339.61"
16-Jan-21,Tax,0,"149,633.96","1,346,705.65"
16-Jan-21,IMPS,"27,072.50",0,"1,373,778.15"
16-Jan-21,Tax,"16,481.49",0,"1,390,259.64"
16-Jan-21,IMPS,"78,077.00",0,"1,468,336.64"
16-Jan-21,Interest,0,"183,542.08","1,284,794.56"
16-Jan-21,NEFT,0,"321,198.64","963,595.92"
16-Jan-21,Cash,0,"137,656.56","825,939.36"
16-Jan-21,IMPS,0,"82,593.94","743,345.42"
16-Jan-21,Transfer,"230,135.97",0,"973,481.39"
16-Jan-21,Debit Card,0,"973,481.39",0
16-Jan-21,Transfer,"3,740.00",0,"3,740.00"
16-Jan-21,RTGS,4,0,"3,744.00"
17-Jan-21,Bill,0,936,"2,808.00"
17-Jan-21,Miscellaneous,"2,045,424.50",0,"2,048,232.50"
17-Jan-21,Miscellaneous,0,"256,029.06","1,792,203.44"
17-Jan-21,Miscellaneous,0,"448,050.86","1,344,152.58"
17-Jan-21,Commission,23,0,"1,344,175.58"
17-Jan-21,IMPS,0,"448,058.53","896,117.05"
17-Jan-21,RTGS,0,"149,352.84","746,764.21"
17-Jan-21,Bill,0,"93,345.53","653,418.68"
17-Jan-21,IMPS,"29,980.90",0,"683,399.58"
17-Jan-21,Commission,0,"97,628.51","585,771.07"
17-Jan-21,Cash,0,"195,257.02","390,514.05"
18-Jan-21,Purchase,29.74,0,"390,543.79"
18-Jan-21,Cheque,0,"97,635.95","292,907.84"
18-Jan-21,RTGS,14.16,0,"292,922.00"
18-Jan-21,Cheque,0,"146,461.00","146,461.00"
18-Jan-21,Purchase,896,0,"147,357.00"
18-Jan-21,Cash,60.39,0,"147,417.39"
18-Jan-21,Cheque,0,"16,379.71","131,037.68"
18-Jan-21,NEFT,"21,131.32",0,"152,169.00"
18-Jan-21,Bill,0,"76,084.50","76,084.50"
18-Jan-21,Transfer,0,"38,042.25","38,042.25"
18-Jan-21,NEFT,2.8,0,"38,045.05"
18-Jan-21,Interest,"171,774.90",0,"209,819.95"
18-Jan-21,IMPS,0,"41,963.99","167,855.96"
18-Jan-21,Reversal,0,"55,951.99","111,903.97"
18-Jan-21,Debit Card,"995,186.50",0,"1,107,090.47"
18-Jan-21,NEFT,0,"221,418.09","885,672.38"
18-Jan-21,Commission,"1,455,628.00",0,"2,341,300.38"
18-Jan-21,ATM,0,"2,341,300.38",0
18-Jan-21,Commission,"2,068.00",0,"2,068.00"
18-Jan-21,Commission,3.6,0,"2,071.60"
18-Jan-21,RTGS,0,517.9,"1,553.70"
18-Jan-21,Commission,7.8,0,"1,561.50"
18-Jan-21,Interest,"178,505.10",0,"180,066.60"
18-Jan-21,Cash,0,"25,723.80","154,342.80"
18-Jan-21,Debit Card,0,"30,868.56","123,474.24"
18-Jan-21,Cash,7,0,"123,481.24"
18-Jan-21,Cash,6.3,0,"123,487.54"
18-Jan-21,Miscellaneous,0,"12,348.75","111,138.79"
18-Jan-21,Cash,0,"12,348.75","98,790.04"
18-Jan-21,Purchase,0,"24,697.51","74,092.53"
18-Jan-21,Tax,0,"9,261.57","64,830.96"
18-Jan-21,Interest,0,"21,610.32","43,220.64"
18-Jan-21,Miscellaneous,2.47,0,"43,223.11"
18-Jan-21,Tax,0,"8,644.62","34,578.49"
18-Jan-21,Purchase,3,0,"34,581.49"
18-Jan-21,Reversal,146.96,0,"34,728.45"
18-Jan-21,Debit Card,"8,471.50",0,"43,199.95"
18-Jan-21,Commission,0,"43,199.95",0
18-Jan-21,NEFT,3,0,3
18-Jan-21,Interest,"23,190.00",0,"23,193.00"
18-Jan-21,Bill,25,0,"23,218.00"
18-Jan-21,Debit Card,0,"11,609.00","11,609.00"
18-Jan-21,Cheque,"79,450.00",0,"91,059.00"
18-Jan-21,Tax,39,0,"91,098.00"
18-Jan-21,Bill,10,0,"91,108.00"
18-Jan-21,Cash,"3,310.70",0,"94,418.70"
18-Jan-21,Commission,0,"23,604.68","70,814.02"
18-Jan-21,ATM,"1,441,874.20",0,"1,512,688.22"
18-Jan-21,Commission,0,"189,086.03","1,323,602.19"
18-Jan-21,Cash,0,"441,200.73","882,401.46"
18-Jan-21,Transfer,0,"441,200.73","441,200.73"
18-Jan-21,Interest,0,"44,120.07","397,080.66"
18-Jan-21,IMPS,"10,175.23",0,"407,255.89"
18-Jan-21,RTGS,381.4,0,"407,637.29"
18-Jan-21,Transfer,"3,491.30",0,"411,128.59"
18-Jan-21,Transfer,0,"411,128.59",0
18-Jan-21,Bill,"15,369.40",0,"15,369.40"
18-Jan-21,ATM,0,"2,195.63","13,173.77"
18-Jan-21,Tax,51.4,0,"13,225.17"
18-Jan-21,Bill,"1,303,131.25",0,"1,316,356.42"
18-Jan-21,Commission,0,"164,544.55","1,151,811.87"
18-Jan-21,RTGS,721.7,0,"1,152,533.57"
18-Jan-21,Interest,"35,134.80",0,"1,187,668.37"
18-Jan-21,Cash,0,"118,766.84","1,068,901.53"
18-Jan-21,NEFT,126,0,"1,069,027.53"
18-Jan-21,Purchase,0,"1,069,027.53",0
18-Jan-21,Bill,75,0,75
18-Jan-21,Debit Card,3,0,78
18-Jan-21,Miscellaneous,53.9,0,131.9
18-Jan-21,Transfer,0,18.84,113.06
19-Jan-21,NEFT,"1,776,588.00",0,"1,776,701.06"
19-Jan-21,Commission,"2,984.00",0,"1,779,685.06"
19-Jan-21,ATM,0,"177,968.51","1,601,716.55"
19-Jan-21,Interest,"3,345.25",0,"1,605,061.80"
19-Jan-21,Bill,0,"321,012.36","1,284,049.44"
19-Jan-21,IMPS,"30,180.90",0,"1,314,230.34"
19-Jan-21,Reversal,26.5,0,"1,314,256.84"
19-Jan-21,Transfer,4,0,"1,314,260.84"
19-Jan-21,Miscellaneous,0,"146,028.98","1,168,231.86"
19-Jan-21,Reversal,0,"1,168,231.86",0
19-Jan-21,Debit Card,441.5,0,441.5
20-Jan-21,ATM,0,110.38,331.12
20-Jan-21,Bill,"45,431.69",0,"45,762.81"
20-Jan-21,Purchase,0,"15,254.27","30,508.54"
20-Jan-21,Reversal,0,"15,254.27","15,254.27"
20-Jan-21,RTGS,219.5,0,"15,473.77"
20-Jan-21,Cash,"502,520.50",0,"517,994.27"
20-Jan-21,Tax,0,"57,554.92","460,439.35"
20-Jan-21,Cheque,0,"153,479.78","306,959.57"
20-Jan-21,Commission,3,0,"306,962.57"
20-Jan-21,Cheque,"140,755.50",0,"447,718.07"
20-Jan-21,IMPS,"386,547.25",0,"834,265.32"
20-Jan-21,Bill,"1,321.18",0,"835,586.50"
20-Jan-21,Miscellaneous,327,0,"835,913.50"
20-Jan-21,Tax,"796,750.00",0,"1,632,663.50"
20-Jan-21,NEFT,"5,496.80",0,"1,638,160.30"
20-Jan-21,NEFT,0,"163,816.03","1,474,344.27"
20-Jan-21,Purchase,0,"163,816.03","1,310,528.24"
20-Jan-21,Cash,0,"655,264.12","655,264.12"
20-Jan-21,Bill,"24,420.40",0,"679,684.52"
20-Jan-21,Reversal,5.8,0,"679,690.32"
20-Jan-21,Miscellaneous,"2,443.00",0,"682,133.32"
20-Jan-21,Reversal,0,"75,792.59","606,340.73"
20-Jan-21,Debit Card,0,"121,268.15","485,072.58"
20-Jan-21,ATM,0,"60,634.07","424,438.51"
21-Jan-21,Purchase,0,"47,159.83","377,278.68"
21-Jan-21,RTGS,"16,981.99",0,"394,260.67"
21-Jan-21,IMPS,472,0,"394,732.67"
21-Jan-21,Commission,0,"39,473.27","355,259.40"
21-Jan-21,Cash,0,"39,473.27","315,786.13"
21-Jan-21,IMPS,0,"52,631.02","263,155.11"
21-Jan-21,Cheque,0,"65,788.78","197,366.33"
21-Jan-21,Purchase,0,"21,929.59","175,436.74"
21-Jan-21,RTGS,8,0,"175,444.74"
21-Jan-21,IMPS,0,"21,930.59","153,514.15"
21-Jan-21,Miscellaneous,0,"15,351.42","138,162.73"
22-Jan-21,Commission,"24,686.00",0,"162,848.73"
22-Jan-21,RTGS,"202,730.00",0,"365,578.73"
22-Jan-21,Reversal,0,"60,929.79","304,648.94"
23-Jan-21,Miscellaneous,0,"43,521.28","261,127.66"
23-Jan-21,NEFT,"163,073.00",0,"424,200.66"
23-Jan-21,Cheque,"230,372.70",0,"654,573.36"
23-Jan-21,ATM,41,0,"654,614.36"
23-Jan-21,Reversal,"889,227.00",0,"1,543,841.36"
23-Jan-21,Cash,"472,629.00",0,"2,016,470.36"
23-Jan-21,Purchase,"1,744,793.00",0,"3,761,263.36"
23-Jan-21,NEFT,"73,172.80",0,"3,834,436.16"
23-Jan-21,Miscellaneous,342.9,0,"3,834,779.06"
23-Jan-21,Interest,"27,080.00",0,"3,861,859.06"
23-Jan-21,NEFT,0,"772,371.81","3,089,487.25"
23-Jan-21,Tax,"1,991.02",0,"3,091,478.27"
23-Jan-21,Cheque,0,"3,091,478.27",0
23-Jan-21,Purchase,"168,173.38",0,"168,173.38"
23-Jan-21,ATM,"18,121.50",0,"186,294.88"
23-Jan-21,Interest,0,"62,098.29","124,196.59"
23-Jan-21,Bill,0,"17,742.37","106,454.22"
24-Jan-21,NEFT,0,"26,613.56","79,840.67"
24-Jan-21,Cash,0,0,"79,840.67"
25-Jan-21,Bill,0,"26,613.56","53,227.11"
25-Jan-21,Purchase,"3,203.20",0,"56,430.31"
25-Jan-21,ATM,"2,231.56",0,"58,661.87"
25-Jan-21,Cash,6.09,0,"58,667.96"
25-Jan-21,Interest,0,"14,666.99","44,000.97"
25-Jan-21,RTGS,"67,267.28",0,"111,268.25"
25-Jan-21,Interest,0,"27,817.06","83,451.19"
25-Jan-21,Miscellaneous,"30,396.87",0,"113,848.06"
25-Jan-21,Reversal,395,0,"114,243.06"
25-Jan-21,Tax,0,"11,424.31","102,818.75"
25-Jan-21,Reversal,"23,861.36",0,"126,680.11"
25-Jan-21,ATM,271,0,"126,951.11"
25-Jan-21,Miscellaneous,0,"18,135.87","108,815.24"
25-Jan-21,Tax,202,0,"109,017.24"
25-Jan-21,Transfer,0,"36,339.08","72,678.16"
25-Jan-21,Tax,"234,631.72",0,"307,309.88"
25-Jan-21,Miscellaneous,"71,696.00",0,"379,005.88"
25-Jan-21,Miscellaneous,0,"379,005.88",0
25-Jan-21,Cheque,961,0,961
25-Jan-21,Debit Card,93.61,0,"1,054.61"
25-Jan-21,ATM,37.2,0,"1,091.81"
25-Jan-21,NEFT,12.31,0,"1,104.12"
25-Jan-21,IMPS,0,157.73,946.39
25-Jan-21,Bill,7,0,953.39
25-Jan-21,ATM,"1,600,794.00",0,"1,601,747.39"
25-Jan-21,NEFT,0,"160,174.74","1,441,572.65"
25-Jan-21,Interest,183,0,"1,441,755.65"
25-Jan-21,Tax,"77,518.80",0,"1,519,274.45"
25-Jan-21,Interest,5.59,0,"1,519,280.04"
25-Jan-21,Commission,2.5,0,"1,519,282.54"
25-Jan-21,NEFT,"156,842.00",0,"1,676,124.54"
25-Jan-21,Miscellaneous,0,"1,676,124.54",0
25-Jan-21,Bill,241.5,0,241.5
25-Jan-21,Tax,3.54,0,245.04
25-Jan-21,Reversal,5.11,0,250.15
25-Jan-21,Interest,"2,835.00",0,"3,085.15"
25-Jan-21,Miscellaneous,"28,460.70",0,"31,545.85"
25-Jan-21,Miscellaneous,"2,337.00",0,"33,882.85"
25-Jan-21,RTGS,11.4,0,"33,894.25"
25-Jan-21,NEFT,0,"3,389.43","30,504.82"
25-Jan-21,Cheque,0,"3,389.42","27,115.40"
25-Jan-21,RTGS,"31,016.30",0,"58,131.70"
25-Jan-21,Reversal,0,"6,459.08","51,672.62"
25-Jan-21,Purchase,3.6,0,"51,676.22"
25-Jan-21,Purchase,0,"25,838.11","25,838.11"
25-Jan-21,Bill,"2,760.05",0,"28,598.16"
25-Jan-21,Miscellaneous,0,"3,177.57","25,420.59"
25-Jan-21,Cash,0,"12,710.30","12,710.30"
25-Jan-21,Miscellaneous,"2,933.00",0,"15,643.30"
26-Jan-21,IMPS,0,"1,564.33","14,078.97"
27-Jan-21,IMPS,6,0,"14,084.97"
27-Jan-21,Cash,"231,289.10",0,"245,374.07"
27-Jan-21,IMPS,0,"245,374.07",0
27-Jan-21,Transfer,"127,232.00",0,"127,232.00"
27-Jan-21,Miscellaneous,0,"42,410.67","84,821.33"
27-Jan-21,ATM,0,"10,602.67","74,218.66"
27-Jan-21,Interest,0,"7,421.87","66,796.79"
27-Jan-21,Miscellaneous,"5,447.50",0,"72,244.29"
27-Jan-21,ATM,0,"10,320.61","61,923.68"
28-Jan-21,Miscellaneous,0,"10,320.61","51,603.07"
28-Jan-21,Purchase,0,"5,160.31","46,442.76"
28-Jan-21,Bill,25,0,"46,467.76"
28-Jan-21,Reversal,0,"15,489.25","30,978.51"
28-Jan-21,Transfer,0,"3,872.31","27,106.20"
28-Jan-21,NEFT,54.4,0,"27,160.60"
28-Jan-21,RTGS,0,"3,880.09","23,280.51"
28-Jan-21,RTGS,0,"2,328.05","20,952.46"
28-Jan-21,Debit Card,0,"5,238.12","15,714.34"
28-Jan-21,Tax,0,"1,571.43","14,142.91"
28-Jan-21,Debit Card,"63,306.20",0,"77,449.11"
28-Jan-21,Purchase,"26,467.50",0,"103,916.61"
28-Jan-21,IMPS,0,"12,989.58","90,927.03"
28-Jan-21,Purchase,0,"10,103.00","80,824.03"
28-Jan-21,ATM,"21,774.70",0,"102,598.73"
28-Jan-21,Purchase,0,"10,259.87","92,338.86"
28-Jan-21,Cheque,0,"30,779.62","61,559.24"
28-Jan-21,NEFT,0,"6,155.92","55,403.32"
28-Jan-21,RTGS,0,"18,467.77","36,935.55"
28-Jan-21,Reversal,0,"18,467.78","18,467.78"
28-Jan-21,Miscellaneous,4,0,"18,471.78"
28-Jan-21,Miscellaneous,"1,506,099.50",0,"1,524,571.28"
28-Jan-21,Tax,"23,057.00",0,"1,547,628.28"
28-Jan-21,Miscellaneous,0,"257,938.05","1,289,690.23"
28-Jan-21,Debit Card,"178,364.09",0,"1,468,054.32"
28-Jan-21,IMPS,0,"367,013.58","1,101,040.74"
28-Jan-21,Reversal,0,"367,013.58","734,027.16"
28-Jan-21,ATM,"418,952.00",0,"1,152,979.16"
28-Jan-21,Reversal,"2,968.98",0,"1,155,948.14"
28-Jan-21,Miscellaneous,0,"231,189.63","924,758.51"
28-Jan-21,Commission,0,"154,126.42","770,632.09"
28-Jan-21,Tax,0,"385,316.05","385,316.04"
28-Jan-21,Miscellaneous,9,0,"385,325.04"
28-Jan-21,Miscellaneous,0,"42,813.89","342,511.15"
28-Jan-21,Interest,"14,835.90",0,"357,347.05"
28-Jan-21,Reversal,2,0,"357,349.05"
28-Jan-21,NEFT,418,0,"357,767.05"
28-Jan-21,IMPS,0,"178,883.53","178,883.52"
28-Jan-21,Bill,699,0,"179,582.52"
28-Jan-21,Interest,0,"59,860.84","119,721.68"
28-Jan-21,Cash,0,"23,944.34","95,777.34"
28-Jan-21,Bill,"8,991.41",0,"104,768.75"
28-Jan-21,Commission,0,"26,192.19","78,576.56"
28-Jan-21,Tax,0,"8,730.73","69,845.83"
28-Jan-21,Commission,0,"34,922.92","34,922.92"
28-Jan-21,ATM,235.5,0,"35,158.42"
28-Jan-21,RTGS,0,"3,906.49","31,251.93"
28-Jan-21,Purchase,5.3,0,"31,257.23"
28-Jan-21,Tax,0,"3,907.15","27,350.08"
28-Jan-21,Miscellaneous,"21,730.76",0,"49,080.84"
28-Jan-21,Cheque,0,"4,908.08","44,172.76"
28-Jan-21,Bill,0,"44,172.76",0
28-Jan-21,Debit Card,3.78,0,3.78
28-Jan-21,Commission,0,0,3.78
28-Jan-21,Reversal,1,0,4.78
28-Jan-21,Tax,"105,139.00",0,"105,143.78"
28-Jan-21,Cheque,0,"26,285.95","78,857.83"
28-Jan-21,Miscellaneous,0,"15,771.57","63,086.26"
29-Jan-21,Bill,0,"15,771.57","47,314.70"
29-Jan-21,Reversal,200.34,0,"47,515.04"
29-Jan-21,IMPS,0,"6,787.86","40,727.18"
29-Jan-21,Tax,0,"4,525.24","36,201.94"
29-Jan-21,Tax,0,"4,525.24","31,676.70"
29-Jan-21,Miscellaneous,0,"3,959.59","27,717.11"
29-Jan-21,IMPS,0,"3,464.64","24,252.47"
29-Jan-21,Tax,"30,908.00",0,"55,160.47"
29-Jan-21,Miscellaneous,0,"5,516.05","49,644.42"
29-Jan-21,Miscellaneous,5.59,0,"49,650.01"
29-Jan-21,Bill,24.53,0,"49,674.54"
29-Jan-21,Bill,"5,280.87",0,"54,955.41"
29-Jan-21,Transfer,0,"6,869.43","48,085.98"
29-Jan-21,Purchase,2,0,"48,087.98"
29-Jan-21,NEFT,0,"5,343.11","42,744.87"
29-Jan-21,Bill,41.27,0,"42,786.14"
29-Jan-21,Commission,0,"10,696.54","32,089.60"
29-Jan-21,Bill,0,"16,044.80","16,044.80"
29-Jan-21,RTGS,7,0,"16,051.80"
29-Jan-21,Tax,28,0,"16,079.80"
29-Jan-21,Cheque,"83,420.00",0,"99,499.80"
29-Jan-21,Interest,0,"11,055.53","88,444.27"
29-Jan-21,Transfer,0,"12,634.90","75,809.37"
29-Jan-21,Cash,0,"75,809.37",0
29-Jan-21,Cheque,262.24,0,262.24
29-Jan-21,Commission,0,87.41,174.83
29-Jan-21,Interest,0,0,174.83
29-Jan-21,Debit Card,205.4,0,380.23
29-Jan-21,Bill,0,380.23,0
29-Jan-21,ATM,22,0,22
29-Jan-21,Transfer,"150,082.10",0,"150,104.10"
29-Jan-21,Miscellaneous,52.8,0,"150,156.90"
30-Jan-21,Miscellaneous,0,"30,031.38","120,125.52"
30-Jan-21,Interest,0,"20,020.92","100,104.60"
30-Jan-21,IMPS,0,"25,026.15","75,078.45"
30-Jan-21,Bill,0,"75,078.45",0
30-Jan-21,NEFT,315,0,315
30-Jan-21,Interest,"41,620.00",0,"41,935.00"
30-Jan-21,Commission,0,"20,967.50","20,967.50"
30-Jan-21,RTGS,"14,393.00",0,"35,360.50"
30-Jan-21,Miscellaneous,"22,889.00",0,"58,249.50"
30-Jan-21,Miscellaneous,0,"58,249.50",0
30-Jan-21,Bill,309,0,309
30-Jan-21,Commission,0,51.5,257.5
30-Jan-21,NEFT,54,0,311.5
30-Jan-21,Purchase,"27,129.00",0,"27,440.50"
30-Jan-21,Cash,"5,048.00",0,"32,488.50"
30-Jan-21,IMPS,50.79,0,"32,539.29"
30-Jan-21,Interest,50,0,"32,589.29"
30-Jan-21,Cheque,0,"3,621.03","28,968.26"
30-Jan-21,Transfer,0,"4,138.32","24,829.94"
30-Jan-21,Interest,"2,167.60",0,"26,997.54"
30-Jan-21,Commission,"3,088.20",0,"30,085.74"
30-Jan-21,Reversal,0,"15,042.87","15,042.87"
30-Jan-21,Reversal,"190,204.30",0,"205,247.17"
30-Jan-21,ATM,0,"20,524.72","184,722.45"
30-Jan-21,NEFT,0,"26,388.92","158,333.53"
30-Jan-21,ATM,197.57,0,"158,531.10"
30-Jan-21,Cash,6.4,0,"158,537.50"
30-Jan-21,Commission,"152,551.40",0,"311,088.90"
30-Jan-21,Bill,0,"311,088.90",0
30-Jan-21,IMPS,"4,181.10",0,"4,181.10"
30-Jan-21,Bill,0,"2,090.55","2,090.55"
30-Jan-21,Cheque,0,522.64,"1,567.91"
30-Jan-21,Tax,0,391.98,"1,175.93"
30-Jan-21,Purchase,"98,274.00",0,"99,449.93"
30-Jan-21,Tax,0,"19,889.99","79,559.94"
30-Jan-21,Purchase,6,0,"79,565.94"
30-Jan-21,IMPS,"27,105.00",0,"106,670.94"
30-Jan-21,Reversal,0,"106,670.94",0
30-Jan-21,ATM,"13,405.80",0,"13,405.80"
30-Jan-21,Cheque,38.5,0,"13,444.30"
30-Jan-21,Purchase,0,"3,361.08","10,083.22"
30-Jan-21,Purchase,5.6,0,"10,088.82"
30-Jan-21,Debit Card,396.7,0,"10,485.52"
30-Jan-21,Bill,0,"3,495.17","6,990.35"
30-Jan-21,Debit Card,1.6,0,"6,991.95"
30-Jan-21,RTGS,37,0,"7,028.95"
30-Jan-21,Tax,104.26,0,"7,133.21"
30-Jan-21,Bill,241,0,"7,374.21"
30-Jan-21,RTGS,0,"1,843.55","5,530.66"
30-Jan-21,Reversal,0,921.78,"4,608.88"
30-Jan-21,NEFT,0,"1,536.29","3,072.59"
30-Jan-21,ATM,0,614.52,"2,458.07"
30-Jan-21,Cash,0,245.81,"2,212.26"
30-Jan-21,Bill,0,553.07,"1,659.20"
30-Jan-21,Transfer,0,237.03,"1,422.17"
30-Jan-21,NEFT,0,711.09,711.08
30-Jan-21,Cash,"2,276.00",0,"2,987.08"
30-Jan-21,Tax,0,746.77,"2,240.31"
30-Jan-21,Miscellaneous,"155,993.70",0,"158,234.01"
30-Jan-21,Purchase,2.58,0,"158,236.59"
30-Jan-21,Bill,"1,674.80",0,"159,911.39"
30-Jan-21,Commission,"137,763.62",0,"297,675.01"
30-Jan-21,Tax,0,"33,075.00","264,600.01"
30-Jan-21,Debit Card,"1,817,358.00",0,"2,081,958.01"
30-Jan-21,Purchase,6.07,0,"2,081,964.08"
30-Jan-21,Transfer,341.5,0,"2,082,305.58"
30-Jan-21,Transfer,"2,975.00",0,"2,085,280.58"
30-Jan-21,ATM,0,"297,897.23","1,787,383.35"
30-Jan-21,Bill,0,"893,691.68","893,691.68"
30-Jan-21,Miscellaneous,"677,971.00",0,"1,571,662.68"
30-Jan-21,NEFT,2.08,0,"1,571,664.76"
30-Jan-21,NEFT,0,"392,916.19","1,178,748.57"
30-Jan-21,Cash,"3,179.70",0,"1,181,928.27"
30-Jan-21,RTGS,0,"196,988.05","984,940.22"
30-Jan-21,Reversal,0,"109,437.80","875,502.42"
30-Jan-21,Miscellaneous,0,"109,437.80","766,064.62"
30-Jan-21,RTGS,"516,991.25",0,"1,283,055.87"
30-Jan-21,Debit Card,"1,275.00",0,"1,284,330.87"
30-Jan-21,Interest,0,"160,541.36","1,123,789.51"
30-Jan-21,Cheque,0,"224,757.90","899,031.61"
30-Jan-21,Tax,0,"112,378.95","786,652.66"
30-Jan-21,Interest,0,"786,652.66",0
30-Jan-21,Miscellaneous,"112,027.97",0,"112,027.97"
30-Jan-21,Interest,0,"112,027.97",0
30-Jan-21,Purchase,5,0,5
30-Jan-21,Interest,18,0,23
30-Jan-21,Debit Card,170,0,193
30-Jan-21,IMPS,0,96.5,96.5
30-Jan-21,ATM,306,0,402.5
30-Jan-21,Reversal,"194,521.00",0,"194,923.50"
30-Jan-21,Cheque,"305,125.75",0,"500,049.25"
30-Jan-21,Cheque,0,"125,012.31","375,036.94"
30-Jan-21,Cash,"184,777.00",0,"559,813.94"
31-Jan-21,Cash,"9,171.83",0,"568,985.77"
31-Jan-21,Miscellaneous,"104,971.10",0,"673,956.87"
1-Feb-21,Commission,7.9,0,"673,964.77"
1-Feb-21,IMPS,0,"134,792.95","539,171.82"
1-Feb-21,Miscellaneous,10,0,"539,181.82"
1-Feb-21,ATM,0,"53,918.18","485,263.64"
1-Feb-21,IMPS,0,"80,877.27","404,386.37"
1-Feb-21,Reversal,0,"101,096.59","303,289.78"
1-Feb-21,Reversal,"2,443.08",0,"305,732.86"
1-Feb-21,Interest,0,"50,955.48","254,777.38"
2-Feb-21,Commission,"1,836.00",0,"256,613.38"
2-Feb-21,Cash,0,"36,659.05","219,954.33"
2-Feb-21,Bill,0,"73,318.11","146,636.22"
2-Feb-21,Bill,0,"146,636.22",0
2-Feb-21,IMPS,8,0,8
2-Feb-21,Transfer,0,1.33,6.67
2-Feb-21,NEFT,0,0.83,5.84
2-Feb-21,Cash,30.3,0,36.14
2-Feb-21,Bill,3,0,39.14
2-Feb-21,Debit Card,0,4.35,34.79
2-Feb-21,Cash,"7,040.69",0,"7,075.48"
2-Feb-21,Commission,0,707.55,"6,367.93"
2-Feb-21,ATM,0,"6,367.93",0
2-Feb-21,Cheque,31.8,0,31.8
2-Feb-21,Cheque,0,4.54,27.26
2-Feb-21,Cheque,0,6.82,20.44
3-Feb-21,Transfer,0,2.04,18.4
3-Feb-21,RTGS,61,0,79.4
3-Feb-21,Purchase,"1,799.00",0,"1,878.40"
3-Feb-21,Bill,1.61,0,"1,880.01"
4-Feb-21,Debit Card,0,376,"1,504.01"
4-Feb-21,Commission,0,188,"1,316.01"
4-Feb-21,Commission,"4,611.20",0,"5,927.21"
4-Feb-21,ATM,0,987.87,"4,939.34"
4-Feb-21,Reversal,0,823.22,"4,116.12"
4-Feb-21,Tax,0,"2,058.06","2,058.06"
4-Feb-21,Cheque,38.5,0,"2,096.56"
4-Feb-21,Miscellaneous,0,232.95,"1,863.61"
4-Feb-21,Tax,0,621.2,"1,242.41"
4-Feb-21,Reversal,0,621.21,621.21
4-Feb-21,NEFT,0,88.74,532.47
4-Feb-21,IMPS,"2,204.00",0,"2,736.47"
4-Feb-21,IMPS,0,390.92,"2,345.55"
4-Feb-21,Debit Card,0,335.08,"2,010.47"
4-Feb-21,Purchase,"2,542.00",0,"4,552.47"
4-Feb-21,Cheque,0,"2,276.24","2,276.24"
4-Feb-21,Tax,0,325.18,"1,951.06"
4-Feb-21,Cash,0,325.18,"1,625.88"
4-Feb-21,Tax,0,203.24,"1,422.64"
4-Feb-21,Cash,"50,895.59",0,"52,318.23"
4-Feb-21,Miscellaneous,0,"26,159.12","26,159.12"
4-Feb-21,Bill,"10,525.79",0,"36,684.91"
4-Feb-21,Tax,"173,984.50",0,"210,669.41"
4-Feb-21,Bill,0,"42,133.88","168,535.53"
4-Feb-21,ATM,0,"84,267.77","84,267.76"
4-Feb-21,Interest,"102,106.66",0,"186,374.42"
4-Feb-21,NEFT,426.97,0,"186,801.39"
4-Feb-21,Purchase,"152,840.00",0,"339,641.39"
4-Feb-21,ATM,0,"113,213.80","226,427.59"
4-Feb-21,Miscellaneous,0,"22,642.76","203,784.83"
4-Feb-21,RTGS,"4,882.00",0,"208,666.83"
4-Feb-21,ATM,261.6,0,"208,928.43"
4-Feb-21,RTGS,26,0,"208,954.43"
4-Feb-21,Cash,2.73,0,"208,957.16"
4-Feb-21,Commission,0,"23,217.46","185,739.70"
4-Feb-21,Debit Card,"60,552.75",0,"246,292.45"
4-Feb-21,Cheque,0,"82,097.48","164,194.97"
5-Feb-21,RTGS,0,"27,365.83","136,829.14"
5-Feb-21,Debit Card,"195,150.00",0,"331,979.14"
5-Feb-21,Miscellaneous,126.7,0,"332,105.84"
5-Feb-21,Transfer,"1,861.60",0,"333,967.44"
5-Feb-21,NEFT,"663,201.00",0,"997,168.44"
5-Feb-21,Transfer,"71,995.00",0,"1,069,163.44"
5-Feb-21,Commission,0.8,0,"1,069,164.24"
5-Feb-21,Commission,"21,567.70",0,"1,090,731.94"
5-Feb-21,Purchase,"2,879.60",0,"1,093,611.54"
5-Feb-21,Debit Card,0,"273,402.89","820,208.66"
5-Feb-21,Cheque,0,"91,134.30","729,074.36"
5-Feb-21,Interest,"137,224.94",0,"866,299.30"
5-Feb-21,RTGS,"465,479.20",0,"1,331,778.50"
5-Feb-21,Transfer,0,"147,975.39","1,183,803.11"
5-Feb-21,RTGS,0,"169,114.73","1,014,688.38"
5-Feb-21,Interest,0,"202,937.68","811,750.70"
5-Feb-21,Commission,0,"81,175.07","730,575.63"
5-Feb-21,ATM,768.9,0,"731,344.53"
5-Feb-21,Cheque,0,"81,260.50","650,084.03"
5-Feb-21,Purchase,1,0,"650,085.03"
5-Feb-21,ATM,88.21,0,"650,173.24"
5-Feb-21,Debit Card,0,"108,362.21","541,811.03"
5-Feb-21,NEFT,"22,945.42",0,"564,756.45"
5-Feb-21,Purchase,6,0,"564,762.45"
5-Feb-21,Cash,0,"282,381.23","282,381.22"
5-Feb-21,Cash,"162,922.20",0,"445,303.42"
5-Feb-21,Interest,7,0,"445,310.42"
5-Feb-21,Reversal,56.3,0,"445,366.72"
5-Feb-21,Cheque,0,"148,455.57","296,911.15"
5-Feb-21,Debit Card,"5,953.95",0,"302,865.10"
5-Feb-21,Purchase,4.93,0,"302,870.03"
5-Feb-21,Debit Card,"206,989.80",0,"509,859.83"
5-Feb-21,IMPS,4.36,0,"509,864.19"
5-Feb-21,Commission,3,0,"509,867.19"
6-Feb-21,Transfer,51.58,0,"509,918.77"
6-Feb-21,Debit Card,0,"56,657.64","453,261.13"
6-Feb-21,Transfer,0,"75,543.52","377,717.61"
6-Feb-21,Tax,0,"188,858.81","188,858.80"
6-Feb-21,Miscellaneous,7.7,0,"188,866.50"
7-Feb-21,Commission,2.2,0,"188,868.70"
7-Feb-21,Debit Card,27.4,0,"188,896.10"
7-Feb-21,Cheque,16.2,0,"188,912.30"
7-Feb-21,NEFT,"254,231.00",0,"443,143.30"
8-Feb-21,Debit Card,"656,799.50",0,"1,099,942.80"
8-Feb-21,Miscellaneous,0,"549,971.40","549,971.40"
8-Feb-21,Transfer,0,"549,971.40",0
8-Feb-21,Cash,"1,165,996.75",0,"1,165,996.75"
8-Feb-21,Commission,0,"1,165,996.75",0
8-Feb-21,Purchase,"15,202.50",0,"15,202.50"
8-Feb-21,Commission,"17,594.80",0,"32,797.30"
8-Feb-21,Miscellaneous,0,"4,099.66","28,697.64"
8-Feb-21,Cheque,0,"4,099.66","24,597.98"
8-Feb-21,NEFT,1.1,0,"24,599.08"
8-Feb-21,Cash,38.5,0,"24,637.58"
8-Feb-21,Transfer,0,"4,927.52","19,710.06"
8-Feb-21,Reversal,83.71,0,"19,793.77"
8-Feb-21,RTGS,277,0,"20,070.77"
8-Feb-21,Cheque,"159,045.20",0,"179,115.97"
8-Feb-21,Commission,0,"19,901.77","159,214.20"
8-Feb-21,Transfer,0,"22,744.89","136,469.31"
8-Feb-21,Purchase,0,"136,469.31",0
8-Feb-21,Purchase,6.89,0,6.89
8-Feb-21,Debit Card,0,6.89,0
8-Feb-21,Reversal,117,0,117
9-Feb-21,Debit Card,0,14.63,102.38
9-Feb-21,Transfer,0,51.19,51.19
9-Feb-21,Miscellaneous,"1,256.90",0,"1,308.09"
9-Feb-21,Tax,"9,767.50",0,"11,075.59"
9-Feb-21,Bill,"1,565,137.25",0,"1,576,212.84"
9-Feb-21,ATM,0,"788,106.42","788,106.42"
9-Feb-21,RTGS,"3,481.70",0,"791,588.12"
9-Feb-21,Cheque,"7,586.00",0,"799,174.12"
9-Feb-21,Reversal,0,"114,167.73","685,006.39"
9-Feb-21,Debit Card,0,"685,006.39",0
9-Feb-21,RTGS,13,0,13
9-Feb-21,Commission,403,0,416
9-Feb-21,Purchase,0,208,208
9-Feb-21,Purchase,60,0,268
9-Feb-21,Miscellaneous,5.6,0,273.6
9-Feb-21,Reversal,0,39.09,234.51
9-Feb-21,Purchase,0,33.5,201.01
9-Feb-21,ATM,"120,945.50",0,"121,146.51"
9-Feb-21,Transfer,0,"121,146.51",0
9-Feb-21,Cash,"20,202.20",0,"20,202.20"
9-Feb-21,Tax,4.03,0,"20,206.23"
9-Feb-21,Reversal,"217,975.00",0,"238,181.23"
9-Feb-21,Purchase,"2,736.27",0,"240,917.50"
9-Feb-21,Reversal,0,"60,229.38","180,688.12"
9-Feb-21,Transfer,"1,538,208.00",0,"1,718,896.12"
9-Feb-21,ATM,437.56,0,"1,719,333.68"
9-Feb-21,NEFT,0,"343,866.74","1,375,466.94"
9-Feb-21,Interest,0,"229,244.49","1,146,222.45"
9-Feb-21,Purchase,"786,499.25",0,"1,932,721.70"
9-Feb-21,Commission,"169,989.60",0,"2,102,711.30"
10-Feb-21,Interest,5.5,0,"2,102,716.80"
10-Feb-21,Transfer,0,"300,388.11","1,802,328.69"
10-Feb-21,Purchase,0,"1,802,328.69",0
10-Feb-21,IMPS,"1,832,184.00",0,"1,832,184.00"
10-Feb-21,IMPS,0,"305,364.00","1,526,820.00"
10-Feb-21,RTGS,"1,907.00",0,"1,528,727.00"
10-Feb-21,Transfer,"16,638.00",0,"1,545,365.00"
10-Feb-21,ATM,0,"171,707.22","1,373,657.78"
10-Feb-21,ATM,0,"228,942.96","1,144,714.82"
10-Feb-21,RTGS,18,0,"1,144,732.82"
10-Feb-21,RTGS,0,0,"1,144,732.82"
10-Feb-21,Cheque,"114,413.75",0,"1,259,146.57"
10-Feb-21,Cash,"10,059.65",0,"1,269,206.22"
10-Feb-21,IMPS,5.57,0,"1,269,211.79"
10-Feb-21,Debit Card,7,0,"1,269,218.79"
10-Feb-21,NEFT,20.2,0,"1,269,238.99"
10-Feb-21,Interest,52,0,"1,269,290.99"
10-Feb-21,Tax,0,"1,269,290.99",0
10-Feb-21,Purchase,1.5,0,1.5
10-Feb-21,ATM,"1,491,044.00",0,"1,491,045.50"
10-Feb-21,Transfer,"11,166.00",0,"1,502,211.50"
10-Feb-21,IMPS,0,"214,601.64","1,287,609.86"
10-Feb-21,ATM,0,"143,067.76","1,144,542.10"
10-Feb-21,ATM,49.6,0,"1,144,591.70"
10-Feb-21,Purchase,"39,075.00",0,"1,183,666.70"
10-Feb-21,IMPS,0,"118,366.67","1,065,300.03"
10-Feb-21,Interest,0,"177,550.01","887,750.02"
10-Feb-21,Bill,7.4,0,"887,757.42"
10-Feb-21,Reversal,0,"221,939.36","665,818.07"
10-Feb-21,Commission,0,"332,909.04","332,909.03"
10-Feb-21,Commission,0,"36,989.89","295,919.14"
10-Feb-21,Tax,"9,552.00",0,"305,471.14"
11-Feb-21,Transfer,0,"61,094.23","244,376.91"
12-Feb-21,NEFT,0,"48,875.38","195,501.53"
12-Feb-21,NEFT,"3,324.00",0,"198,825.53"
12-Feb-21,Bill,20.3,0,"198,845.83"
12-Feb-21,Cheque,0,"99,422.92","99,422.92"
12-Feb-21,NEFT,"272,529.50",0,"371,952.42"
12-Feb-21,Reversal,"20,756.00",0,"392,708.42"
12-Feb-21,Purchase,10.13,0,"392,718.55"
12-Feb-21,Interest,0,"49,089.82","343,628.73"
13-Feb-21,Tax,0,"171,814.37","171,814.36"
13-Feb-21,Purchase,"735,620.00",0,"907,434.36"
13-Feb-21,Tax,0,"302,478.12","604,956.24"
13-Feb-21,Commission,"11,904.22",0,"616,860.46"
14-Feb-21,Purchase,"25,878.62",0,"642,739.08"
14-Feb-21,IMPS,2,0,"642,741.08"
14-Feb-21,Miscellaneous,0,"64,274.11","578,466.97"
14-Feb-21,Tax,5,0,"578,471.97"
14-Feb-21,Cheque,0,"57,847.20","520,624.77"
14-Feb-21,NEFT,0,"57,847.20","462,777.57"
14-Feb-21,RTGS,0,"462,777.57",0
14-Feb-21,Tax,3.83,0,3.83
15-Feb-21,Bill,0,0.55,3.28
15-Feb-21,Purchase,0,0.33,2.95
15-Feb-21,Debit Card,0,0.74,2.21
15-Feb-21,Reversal,2.24,0,4.45
16-Feb-21,Transfer,"206,351.00",0,"206,355.45"
16-Feb-21,RTGS,0,"29,479.35","176,876.10"
16-Feb-21,Cheque,0,"88,438.05","88,438.05"
16-Feb-21,IMPS,0,"44,219.03","44,219.02"
16-Feb-21,Reversal,0,"11,054.76","33,164.26"
16-Feb-21,Debit Card,"483,187.25",0,"516,351.51"
16-Feb-21,Reversal,0,"86,058.59","430,292.92"
16-Feb-21,Interest,0,"43,029.29","387,263.63"
16-Feb-21,Cash,0,"193,631.82","193,631.82"
16-Feb-21,ATM,0,"27,661.69","165,970.13"
16-Feb-21,Bill,"442,024.00",0,"607,994.13"
16-Feb-21,Reversal,"31,580.00",0,"639,574.13"
16-Feb-21,Interest,169.96,0,"639,744.09"
16-Feb-21,Miscellaneous,0,"71,082.68","568,661.41"
16-Feb-21,Reversal,"193,762.40",0,"762,423.81"
16-Feb-21,Transfer,15.2,0,"762,439.01"
16-Feb-21,RTGS,331.6,0,"762,770.61"
16-Feb-21,Transfer,"855,068.00",0,"1,617,838.61"
16-Feb-21,Bill,1,0,"1,617,839.61"
16-Feb-21,RTGS,670.55,0,"1,618,510.16"
16-Feb-21,Debit Card,6.5,0,"1,618,516.66"
16-Feb-21,Miscellaneous,0,"179,835.18","1,438,681.48"
16-Feb-21,IMPS,0,"239,780.25","1,198,901.23"
16-Feb-21,Cash,0,"119,890.12","1,079,011.11"
16-Feb-21,Tax,45,0,"1,079,056.11"
16-Feb-21,Purchase,0,"215,811.22","863,244.89"
16-Feb-21,Commission,0,"431,622.45","431,622.44"
16-Feb-21,Interest,0,"215,811.22","215,811.22"
16-Feb-21,Transfer,0,"107,905.61","107,905.61"
16-Feb-21,Purchase,267,0,"108,172.61"
16-Feb-21,Purchase,0,"15,453.23","92,719.38"
16-Feb-21,ATM,"6,659.30",0,"99,378.68"
16-Feb-21,Bill,5,0,"99,383.68"
16-Feb-21,Commission,415.3,0,"99,798.98"
16-Feb-21,ATM,"1,414,538.00",0,"1,514,336.98"
16-Feb-21,Cash,"2,968.30",0,"1,517,305.28"
16-Feb-21,Interest,"30,035.00",0,"1,547,340.28"
16-Feb-21,NEFT,19,0,"1,547,359.28"
16-Feb-21,Debit Card,0,"773,679.64","773,679.64"
16-Feb-21,Tax,144.1,0,"773,823.74"
16-Feb-21,ATM,"2,122.10",0,"775,945.84"
16-Feb-21,Transfer,0,"155,189.17","620,756.67"
16-Feb-21,Transfer,"638,848.00",0,"1,259,604.67"
16-Feb-21,RTGS,"24,057.00",0,"1,283,661.67"
16-Feb-21,Interest,0,"128,366.17","1,155,295.50"
16-Feb-21,Miscellaneous,501,0,"1,155,796.50"
16-Feb-21,Transfer,186,0,"1,155,982.50"
16-Feb-21,Bill,"3,161.94",0,"1,159,144.44"
16-Feb-21,Bill,239.6,0,"1,159,384.04"
16-Feb-21,RTGS,59.05,0,"1,159,443.09"
16-Feb-21,Tax,"2,084,854.00",0,"3,244,297.09"
16-Feb-21,Debit Card,"1,687.10",0,"3,245,984.19"
16-Feb-21,Miscellaneous,0,"540,997.37","2,704,986.82"
16-Feb-21,Interest,"18,687.40",0,"2,723,674.22"
16-Feb-21,ATM,"1,715,361.00",0,"4,439,035.22"
16-Feb-21,Interest,0,"887,807.04","3,551,228.18"
16-Feb-21,NEFT,0,"1,183,742.73","2,367,485.45"
16-Feb-21,Cheque,0,"295,935.68","2,071,549.77"
16-Feb-21,Miscellaneous,0,"207,154.98","1,864,394.79"
16-Feb-21,Transfer,13.3,0,"1,864,408.09"
16-Feb-21,NEFT,0,"932,204.05","932,204.04"
16-Feb-21,Commission,173.1,0,"932,377.14"
16-Feb-21,Cheque,"1,237.40",0,"933,614.54"
16-Feb-21,NEFT,275,0,"933,889.54"
16-Feb-21,Reversal,0,"466,944.77","466,944.77"
16-Feb-21,Bill,0,"51,882.75","415,062.02"
16-Feb-21,Reversal,0,"83,012.40","332,049.62"
16-Feb-21,Commission,0,"36,894.40","295,155.22"
16-Feb-21,Debit Card,32.17,0,"295,187.39"
16-Feb-21,Reversal,0,"36,898.42","258,288.97"
16-Feb-21,NEFT,0,"28,698.77","229,590.20"
16-Feb-21,Bill,0,"76,530.07","153,060.13"
16-Feb-21,IMPS,0,"51,020.04","102,040.09"
16-Feb-21,Cash,"1,400.45",0,"103,440.54"
16-Feb-21,Bill,0,"25,860.14","77,580.40"
16-Feb-21,Bill,0,"38,790.20","38,790.20"
16-Feb-21,Miscellaneous,"2,481.30",0,"41,271.50"
16-Feb-21,Interest,0,"5,895.93","35,375.57"
16-Feb-21,Tax,"25,643.00",0,"61,018.57"
16-Feb-21,IMPS,"24,318.80",0,"85,337.37"
16-Feb-21,Commission,0,"21,334.34","64,003.03"
16-Feb-21,Commission,330.58,0,"64,333.61"
16-Feb-21,Bill,29.15,0,"64,362.76"
16-Feb-21,Purchase,"17,693.15",0,"82,055.91"
16-Feb-21,Bill,"22,198.74",0,"104,254.65"
16-Feb-21,Cash,244,0,"104,498.65"
16-Feb-21,NEFT,0,"14,928.38","89,570.27"
16-Feb-21,Cash,285,0,"89,855.27"
16-Feb-21,Tax,0,"29,951.76","59,903.51"
16-Feb-21,Bill,0,"14,975.88","44,927.63"
16-Feb-21,Tax,492,0,"45,419.63"
16-Feb-21,ATM,152.24,0,"45,571.87"
16-Feb-21,Debit Card,"51,944.69",0,"97,516.56"
16-Feb-21,NEFT,"4,750.00",0,"102,266.56"
16-Feb-21,Purchase,"312,495.00",0,"414,761.56"
16-Feb-21,Reversal,0.26,0,"414,761.82"
16-Feb-21,Tax,0,"207,380.91","207,380.91"
16-Feb-21,Tax,"14,566.38",0,"221,947.29"
16-Feb-21,Interest,"596,794.00",0,"818,741.29"
16-Feb-21,Cash,0,"409,370.65","409,370.64"
16-Feb-21,Commission,"1,883,996.00",0,"2,293,366.64"
16-Feb-21,Commission,0,"458,673.33","1,834,693.31"
16-Feb-21,Transfer,219.21,0,"1,834,912.52"
16-Feb-21,ATM,"15,989.14",0,"1,850,901.66"
16-Feb-21,Tax,0,"925,450.83","925,450.83"
16-Feb-21,ATM,"2,019,710.20",0,"2,945,161.03"
16-Feb-21,Cheque,"24,358.00",0,"2,969,519.03"
16-Feb-21,Transfer,"214,107.75",0,"3,183,626.78"
16-Feb-21,Debit Card,388.37,0,"3,184,015.15"
16-Feb-21,Transfer,0,"398,001.89","2,786,013.26"
16-Feb-21,Bill,381.5,0,"2,786,394.76"
16-Feb-21,Transfer,0,"278,639.48","2,507,755.28"
16-Feb-21,Commission,0,"1,253,877.64","1,253,877.64"
16-Feb-21,Tax,20.91,0,"1,253,898.55"
16-Feb-21,Debit Card,0,"313,474.64","940,423.91"
16-Feb-21,Cash,0,"313,474.64","626,949.27"
16-Feb-21,Transfer,0,"626,949.27",0
16-Feb-21,Interest,"3,292.10",0,"3,292.10"
16-Feb-21,IMPS,0,470.3,"2,821.80"
16-Feb-21,Debit Card,0,940.6,"1,881.20"
16-Feb-21,Bill,0,209.02,"1,672.18"
16-Feb-21,Reversal,0,836.09,836.09
17-Feb-21,Tax,0,836.09,0
17-Feb-21,Cheque,13.1,0,13.1
17-Feb-21,IMPS,"4,282.00",0,"4,295.10"
17-Feb-21,Purchase,0,613.59,"3,681.51"
17-Feb-21,Bill,"3,747.30",0,"7,428.81"
17-Feb-21,Commission,0,"1,485.76","5,943.05"
17-Feb-21,Bill,0,"1,485.76","4,457.29"
17-Feb-21,Bill,24.7,0,"4,481.99"
17-Feb-21,Tax,"225,090.25",0,"229,572.24"
17-Feb-21,Commission,"136,957.70",0,"366,529.94"
17-Feb-21,Purchase,437.04,0,"366,966.98"
17-Feb-21,Commission,3.98,0,"366,970.96"
17-Feb-21,Cheque,"19,773.00",0,"386,743.96"
17-Feb-21,NEFT,"226,540.00",0,"613,283.96"
17-Feb-21,Commission,0,"61,328.40","551,955.56"
17-Feb-21,Debit Card,"219,670.20",0,"771,625.76"
17-Feb-21,NEFT,0,"257,208.59","514,417.17"
17-Feb-21,Purchase,0,"257,208.59","257,208.58"
17-Feb-21,Cheque,0,"128,604.29","128,604.29"
17-Feb-21,Cash,0,"12,860.43","115,743.86"
17-Feb-21,Purchase,0.9,0,"115,744.76"
17-Feb-21,IMPS,"3,041.00",0,"118,785.76"
17-Feb-21,Cash,0,"23,757.15","95,028.61"
17-Feb-21,Reversal,0,"11,878.58","83,150.03"
17-Feb-21,Cheque,19,0,"83,169.03"
17-Feb-21,Purchase,0,"16,633.81","66,535.22"
17-Feb-21,Commission,0,"22,178.41","44,356.81"
17-Feb-21,Purchase,0,"8,871.36","35,485.45"
17-Feb-21,Cheque,41.78,0,"35,527.23"
17-Feb-21,Interest,0,"3,552.72","31,974.51"
17-Feb-21,Interest,"19,637.41",0,"51,611.92"
17-Feb-21,Bill,0,"5,734.66","45,877.26"
17-Feb-21,Commission,154.73,0,"46,031.99"
17-Feb-21,Cash,"22,280.00",0,"68,311.99"
18-Feb-21,Tax,"2,806.98",0,"71,118.97"
18-Feb-21,IMPS,46.49,0,"71,165.46"
18-Feb-21,Debit Card,179,0,"71,344.46"
18-Feb-21,Tax,0,"11,890.74","59,453.72"
18-Feb-21,Purchase,30.49,0,"59,484.21"
18-Feb-21,ATM,3.3,0,"59,487.51"
18-Feb-21,IMPS,484.06,0,"59,971.57"
18-Feb-21,Commission,0,"8,567.37","51,404.20"
18-Feb-21,Cheque,0,"25,702.10","25,702.10"
18-Feb-21,Purchase,2.7,0,"25,704.80"
18-Feb-21,ATM,69,0,"25,773.80"
18-Feb-21,Purchase,0,"25,773.80",0
18-Feb-21,Tax,"966,022.00",0,"966,022.00"
18-Feb-21,Miscellaneous,0,"161,003.67","805,018.33"
18-Feb-21,Miscellaneous,0,"115,002.62","690,015.71"
18-Feb-21,Commission,0,"230,005.24","460,010.47"
18-Feb-21,Purchase,"2,274.00",0,"462,284.47"
18-Feb-21,Reversal,0.3,0,"462,284.77"
19-Feb-21,NEFT,0,"115,571.19","346,713.58"
19-Feb-21,Transfer,0,"115,571.19","231,142.39"
19-Feb-21,IMPS,"5,165.00",0,"236,307.39"
19-Feb-21,ATM,"1,179,924.00",0,"1,416,231.39"
19-Feb-21,Debit Card,84.7,0,"1,416,316.09"
19-Feb-21,Tax,"2,881.00",0,"1,419,197.09"
19-Feb-21,Interest,0,"473,065.70","946,131.39"
19-Feb-21,RTGS,0,"105,125.71","841,005.68"
19-Feb-21,IMPS,0,"210,251.42","630,754.26"
20-Feb-21,Reversal,56.26,0,"630,810.52"
20-Feb-21,Miscellaneous,"110,838.31",0,"741,648.83"
20-Feb-21,Tax,"48,191.00",0,"789,839.83"
20-Feb-21,Tax,"1,182,284.00",0,"1,972,123.83"
20-Feb-21,Reversal,30.23,0,"1,972,154.06"
20-Feb-21,Reversal,0,"281,736.29","1,690,417.77"
20-Feb-21,Purchase,0,"1,690,417.77",0
20-Feb-21,Commission,"426,551.00",0,"426,551.00"
20-Feb-21,IMPS,0,"42,655.10","383,895.90"
20-Feb-21,Debit Card,185,0,"384,080.90"
20-Feb-21,IMPS,0,"128,026.97","256,053.93"
20-Feb-21,RTGS,0,"85,351.31","170,702.62"
20-Feb-21,ATM,2,0,"170,704.62"
20-Feb-21,Debit Card,0,"34,140.92","136,563.70"
20-Feb-21,Commission,0,"136,563.70",0
21-Feb-21,ATM,"3,167.00",0,"3,167.00"
21-Feb-21,Commission,7.3,0,"3,174.30"
21-Feb-21,Reversal,"1,350.00",0,"4,524.30"
21-Feb-21,IMPS,0,452.43,"4,071.87"
21-Feb-21,Interest,2,0,"4,073.87"
21-Feb-21,Tax,0,407.39,"3,666.48"
22-Feb-21,Debit Card,0,523.78,"3,142.70"
22-Feb-21,Cheque,"23,344.64",0,"26,487.34"
22-Feb-21,Purchase,0,"6,621.84","19,865.50"
22-Feb-21,Reversal,0,"6,621.83","13,243.67"
22-Feb-21,IMPS,"1,954,740.50",0,"1,967,984.17"
22-Feb-21,NEFT,316.23,0,"1,968,300.40"
22-Feb-21,Cheque,5.4,0,"1,968,305.80"
22-Feb-21,Purchase,0,"218,700.64","1,749,605.16"
22-Feb-21,Tax,0,"249,943.59","1,499,661.57"
23-Feb-21,NEFT,17,0,"1,499,678.57"
23-Feb-21,Interest,"1,293,273.00",0,"2,792,951.57"
23-Feb-21,Cash,400.98,0,"2,793,352.55"
23-Feb-21,Reversal,0,"2,793,352.55",0
23-Feb-21,Tax,"3,719.00",0,"3,719.00"
23-Feb-21,Debit Card,3.32,0,"3,722.32"
23-Feb-21,NEFT,"87,046.00",0,"90,768.32"
23-Feb-21,Tax,"21,650.60",0,"112,418.92"
23-Feb-21,Reversal,2,0,"112,420.92"
23-Feb-21,IMPS,0,"37,473.64","74,947.28"
23-Feb-21,Purchase,"2,556.70",0,"77,503.98"
23-Feb-21,ATM,365,0,"77,868.98"
23-Feb-21,Bill,0,"9,733.62","68,135.36"
23-Feb-21,Reversal,5,0,"68,140.36"
23-Feb-21,Tax,"3,741.00",0,"71,881.36"
23-Feb-21,Purchase,0,"11,980.23","59,901.13"
23-Feb-21,Cash,0,"5,990.11","53,911.02"
23-Feb-21,Commission,0,"17,970.34","35,940.68"
23-Feb-21,Interest,0,"35,940.68",0
23-Feb-21,ATM,180.1,0,180.1
23-Feb-21,ATM,9.8,0,189.9
23-Feb-21,Purchase,"2,354.20",0,"2,544.10"
23-Feb-21,Commission,"4,802.90",0,"7,347.00"
23-Feb-21,Commission,"89,194.20",0,"96,541.20"
23-Feb-21,Tax,48.1,0,"96,589.30"
23-Feb-21,Cheque,0,"96,589.30",0
23-Feb-21,Bill,"3,026.20",0,"3,026.20"
23-Feb-21,Debit Card,0,504.37,"2,521.83"
23-Feb-21,Miscellaneous,0,360.26,"2,161.57"
23-Feb-21,Bill,0,360.26,"1,801.31"
23-Feb-21,Reversal,"164,760.20",0,"166,561.51"
23-Feb-21,ATM,0,"83,280.76","83,280.76"
23-Feb-21,Commission,0,"10,410.10","72,870.66"
23-Feb-21,ATM,5,0,"72,875.66"
23-Feb-21,Miscellaneous,210.4,0,"73,086.06"
23-Feb-21,IMPS,0,"36,543.03","36,543.03"
23-Feb-21,RTGS,0,"4,567.88","31,975.15"
23-Feb-21,Reversal,0,"7,993.79","23,981.36"
23-Feb-21,IMPS,0,"23,981.36",0
24-Feb-21,Commission,297.7,0,297.7
24-Feb-21,Transfer,0,99.23,198.47
24-Feb-21,Purchase,"43,965.00",0,"44,163.47"
24-Feb-21,Transfer,11.2,0,"44,174.67"
24-Feb-21,RTGS,"586,552.50",0,"630,727.17"
24-Feb-21,Commission,30.77,0,"630,757.94"
24-Feb-21,ATM,0,"78,844.74","551,913.20"
24-Feb-21,Cheque,0,"55,191.32","496,721.88"
24-Feb-21,Miscellaneous,0,"165,573.96","331,147.92"
24-Feb-21,Transfer,"189,318.00",0,"520,465.92"
24-Feb-21,Interest,"12,090.45",0,"532,556.37"
25-Feb-21,Debit Card,0,"133,139.09","399,417.28"
25-Feb-21,RTGS,142,0,"399,559.28"
25-Feb-21,Debit Card,0,"44,395.48","355,163.80"
25-Feb-21,Miscellaneous,0,"59,193.97","295,969.83"
25-Feb-21,Transfer,0,"49,328.31","246,641.53"
25-Feb-21,Debit Card,117,0,"246,758.53"
25-Feb-21,Purchase,"1,900,377.25",0,"2,147,135.78"
25-Feb-21,Bill,0,"214,713.58","1,932,422.20"
25-Feb-21,Miscellaneous,0,"322,070.37","1,610,351.83"
25-Feb-21,Purchase,0,"201,293.98","1,409,057.85"
25-Feb-21,Reversal,"737,500.25",0,"2,146,558.10"
25-Feb-21,Purchase,"20,143.50",0,"2,166,701.60"
25-Feb-21,Cash,"206,011.22",0,"2,372,712.82"
25-Feb-21,Debit Card,0,"338,958.97","2,033,753.85"
26-Feb-21,Tax,0,"225,972.65","1,807,781.20"
26-Feb-21,NEFT,0,"301,296.87","1,506,484.33"
26-Feb-21,Cash,0,"251,080.72","1,255,403.61"
26-Feb-21,Transfer,0,"209,233.94","1,046,169.68"
26-Feb-21,Interest,0,"174,361.61","871,808.07"
26-Feb-21,Tax,0,"871,808.07",0
26-Feb-21,Reversal,"66,507.97",0,"66,507.97"
26-Feb-21,Cheque,0,"33,253.99","33,253.98"
26-Feb-21,Commission,0,"4,156.75","29,097.23"
26-Feb-21,Debit Card,0,"3,637.15","25,460.08"
27-Feb-21,Purchase,0,"6,365.02","19,095.06"
27-Feb-21,Tax,"212,978.00",0,"232,073.06"
27-Feb-21,Interest,"88,357.00",0,"320,430.06"
27-Feb-21,Cash,3.36,0,"320,433.42"
27-Feb-21,Cheque,0,"45,776.20","274,657.22"
27-Feb-21,Debit Card,140,0,"274,797.22"
27-Feb-21,Cash,0,"91,599.07","183,198.15"
27-Feb-21,Interest,0,"20,355.35","162,842.80"
27-Feb-21,Interest,"1,944.90",0,"164,787.70"
27-Feb-21,IMPS,"1,795,814.00",0,"1,960,601.70"
27-Feb-21,Miscellaneous,445.82,0,"1,961,047.52"
27-Feb-21,Reversal,"8,601.00",0,"1,969,648.52"
27-Feb-21,Transfer,0,"218,849.84","1,750,798.68"
27-Feb-21,Transfer,"238,082.00",0,"1,988,880.68"
27-Feb-21,IMPS,0,"198,888.07","1,789,992.61"
27-Feb-21,Miscellaneous,60.4,0,"1,790,053.01"
27-Feb-21,Interest,0,"447,513.25","1,342,539.76"
27-Feb-21,NEFT,0,"335,634.94","1,006,904.82"
27-Feb-21,Miscellaneous,"17,390.00",0,"1,024,294.82"
27-Feb-21,Bill,0,"170,715.80","853,579.02"
27-Feb-21,Transfer,0,"853,579.02",0
27-Feb-21,IMPS,"3,585.55",0,"3,585.55"
27-Feb-21,Interest,0,358.56,"3,227.00"
27-Feb-21,Reversal,0,461,"2,766.00"
27-Feb-21,IMPS,0,307.33,"2,458.67"
27-Feb-21,Interest,0,"2,458.67",0
27-Feb-21,IMPS,"1,999,962.20",0,"1,999,962.20"
27-Feb-21,IMPS,0,"399,992.44","1,599,969.76"
27-Feb-21,Purchase,0,"177,774.42","1,422,195.34"
27-Feb-21,ATM,0.3,0,"1,422,195.64"
27-Feb-21,Reversal,0,"284,439.13","1,137,756.51"
27-Feb-21,Miscellaneous,0,"126,417.39","1,011,339.12"
27-Feb-21,Interest,0,"1,011,339.12",0
27-Feb-21,Bill,"127,976.00",0,"127,976.00"
27-Feb-21,Cheque,0,"127,976.00",0
27-Feb-21,Transfer,3,0,3
27-Feb-21,Cash,"24,569.96",0,"24,572.96"
27-Feb-21,Miscellaneous,"1,376.00",0,"25,948.96"
27-Feb-21,IMPS,7.2,0,"25,956.16"
27-Feb-21,Bill,0,"6,489.04","19,467.12"
27-Feb-21,IMPS,0,"9,733.56","9,733.56"
28-Feb-21,Bill,53.67,0,"9,787.23"
28-Feb-21,Cash,0,"1,087.47","8,699.76"
28-Feb-21,Miscellaneous,"238,051.00",0,"246,750.76"
28-Feb-21,Purchase,0,"27,416.75","219,334.01"
28-Feb-21,Cheque,0,"27,416.75","191,917.26"
28-Feb-21,Miscellaneous,0,"31,986.21","159,931.05"
28-Feb-21,Commission,0,"19,991.38","139,939.67"
28-Feb-21,Tax,"31,458.86",0,"171,398.53"
28-Feb-21,Cheque,8,0,"171,406.53"
28-Feb-21,Commission,58.73,0,"171,465.26"
28-Feb-21,RTGS,0.82,0,"171,466.08"
28-Feb-21,IMPS,984.02,0,"172,450.10"
28-Feb-21,IMPS,4,0,"172,454.10"
28-Feb-21,Interest,0,"19,161.57","153,292.53"
28-Feb-21,Interest,165,0,"153,457.53"
28-Feb-21,Tax,0,"76,728.77","76,728.76"
28-Feb-21,NEFT,0,"25,576.25","51,152.51"
28-Feb-21,Reversal,"3,112.47",0,"54,264.98"
28-Feb-21,RTGS,0,"54,264.98",0
28-Feb-21,Debit Card,"116,625.97",0,"116,625.97"
28-Feb-21,Miscellaneous,313,0,"116,938.97"
28-Feb-21,Cheque,"446,549.00",0,"563,487.97"
28-Feb-21,Bill,3.2,0,"563,491.17"
28-Feb-21,Purchase,6,0,"563,497.17"
28-Feb-21,Miscellaneous,"203,272.00",0,"766,769.17"
28-Feb-21,Bill,"626,264.00",0,"1,393,033.17"
28-Feb-21,Reversal,0,"464,344.39","928,688.78"
28-Feb-21,Reversal,71,0,"928,759.78"
28-Feb-21,Transfer,"54,595.40",0,"983,355.18"
28-Feb-21,Purchase,811.49,0,"984,166.67"
28-Feb-21,Cheque,0,"109,351.85","874,814.82"
28-Feb-21,Bill,"68,033.09",0,"942,847.91"
1-Mar-21,Transfer,0,"94,284.79","848,563.12"
1-Mar-21,NEFT,343.4,0,"848,906.52"
1-Mar-21,Miscellaneous,0,"282,968.84","565,937.68"
1-Mar-21,Cash,2.2,0,"565,939.88"
1-Mar-21,Cheque,0,"62,882.21","503,057.67"
2-Mar-21,Miscellaneous,35,0,"503,092.67"
2-Mar-21,Transfer,0,"503,092.67",0
2-Mar-21,RTGS,54,0,54
2-Mar-21,Tax,"1,706.70",0,"1,760.70"
2-Mar-21,ATM,"1,076.32",0,"2,837.02"
2-Mar-21,Transfer,0,"2,837.02",0
2-Mar-21,Cheque,"1,221.00",0,"1,221.00"
2-Mar-21,Cheque,0,305.25,915.75
2-Mar-21,Cash,0,305.25,610.5
2-Mar-21,RTGS,"422,673.00",0,"423,283.50"
2-Mar-21,Debit Card,"5,176.30",0,"428,459.80"
2-Mar-21,NEFT,0,"42,845.98","385,613.82"
2-Mar-21,ATM,"23,318.00",0,"408,931.82"
2-Mar-21,Transfer,0,"51,116.48","357,815.34"
2-Mar-21,Cash,0,"39,757.26","318,058.08"
2-Mar-21,Transfer,0,"31,805.81","286,252.27"
2-Mar-21,Debit Card,"1,411,565.20",0,"1,697,817.47"
2-Mar-21,Reversal,"259,399.00",0,"1,957,216.47"
2-Mar-21,Bill,3.9,0,"1,957,220.37"
2-Mar-21,Purchase,45.16,0,"1,957,265.53"
2-Mar-21,Debit Card,7.23,0,"1,957,272.76"
2-Mar-21,Interest,0,"195,727.28","1,761,545.48"
2-Mar-21,Debit Card,"1,114,286.00",0,"2,875,831.48"
2-Mar-21,Cheque,"167,790.40",0,"3,043,621.88"
2-Mar-21,Commission,0,"1,014,540.63","2,029,081.25"
2-Mar-21,Reversal,0,"225,453.47","1,803,627.78"
2-Mar-21,IMPS,3.4,0,"1,803,631.18"
2-Mar-21,IMPS,0,"1,803,631.18",0
2-Mar-21,ATM,62.49,0,62.49
2-Mar-21,Bill,0,62.49,0
2-Mar-21,IMPS,"3,710.10",0,"3,710.10"
2-Mar-21,Reversal,0,"1,236.70","2,473.40"
2-Mar-21,ATM,43,0,"2,516.40"
2-Mar-21,Debit Card,"1,334,579.00",0,"1,337,095.40"
2-Mar-21,Miscellaneous,0,"222,849.23","1,114,246.17"
2-Mar-21,Reversal,0,"222,849.23","891,396.94"
2-Mar-21,Miscellaneous,161.7,0,"891,558.64"
2-Mar-21,Miscellaneous,0,"445,779.32","445,779.32"
2-Mar-21,Debit Card,0,"148,593.11","297,186.21"
2-Mar-21,NEFT,0,"297,186.21",0
2-Mar-21,Cash,0.4,0,0.4
2-Mar-21,Transfer,0,0.4,0
2-Mar-21,IMPS,"21,425.00",0,"21,425.00"
2-Mar-21,Purchase,"257,027.31",0,"278,452.31"
2-Mar-21,Transfer,36,0,"278,488.31"
2-Mar-21,Purchase,0,"69,622.08","208,866.23"
2-Mar-21,Debit Card,"29,675.00",0,"238,541.23"
2-Mar-21,Debit Card,4.13,0,"238,545.36"
2-Mar-21,Commission,0,"34,077.91","204,467.45"
2-Mar-21,Bill,"3,728.00",0,"208,195.45"
2-Mar-21,Tax,"3,465.00",0,"211,660.45"
2-Mar-21,Transfer,5,0,"211,665.45"
2-Mar-21,NEFT,0,"35,277.58","176,387.88"
2-Mar-21,Cash,0,"176,387.88",0
2-Mar-21,Debit Card,"178,104.72",0,"178,104.72"
2-Mar-21,Miscellaneous,0,"44,526.18","133,578.54"
2-Mar-21,Reversal,"235,717.00",0,"369,295.54"
2-Mar-21,Interest,0,"123,098.51","246,197.03"
2-Mar-21,NEFT,0,"49,239.41","196,957.62"
2-Mar-21,NEFT,0,"24,619.70","172,337.92"
2-Mar-21,Cheque,282.96,0,"172,620.88"
2-Mar-21,Tax,"96,672.00",0,"269,292.88"
2-Mar-21,Transfer,248.2,0,"269,541.08"
2-Mar-21,Debit Card,0,"38,505.87","231,035.21"
2-Mar-21,RTGS,"1,342,289.00",0,"1,573,324.21"
2-Mar-21,Debit Card,0,"524,441.40","1,048,882.81"
2-Mar-21,Commission,0,"1,048,882.81",0
2-Mar-21,IMPS,"29,368.40",0,"29,368.40"
2-Mar-21,Interest,52.92,0,"29,421.32"
2-Mar-21,Miscellaneous,0,"14,710.66","14,710.66"
2-Mar-21,Debit Card,0,"2,451.78","12,258.88"
2-Mar-21,Purchase,0,"2,451.78","9,807.10"
2-Mar-21,Tax,0,"1,089.68","8,717.42"
2-Mar-21,Miscellaneous,0,"1,245.35","7,472.07"
2-Mar-21,ATM,"97,864.59",0,"105,336.66"
2-Mar-21,Commission,0,"105,336.66",0
2-Mar-21,Cheque,"108,218.20",0,"108,218.20"
2-Mar-21,Miscellaneous,"1,003,788.00",0,"1,112,006.20"
2-Mar-21,Cheque,0,"370,668.73","741,337.47"
2-Mar-21,ATM,0,"148,267.49","593,069.98"
2-Mar-21,Commission,0,"65,896.66","527,173.32"
2-Mar-21,RTGS,0,"263,586.66","263,586.66"
2-Mar-21,RTGS,0,"37,655.24","225,931.42"
2-Mar-21,ATM,"447,816.50",0,"673,747.92"
2-Mar-21,Miscellaneous,0,"336,873.96","336,873.96"
2-Mar-21,Purchase,"1,148,546.00",0,"1,485,419.96"
2-Mar-21,Cash,0,"371,354.99","1,114,064.97"
2-Mar-21,Cash,12,0,"1,114,076.97"
2-Mar-21,Cash,0,"1,114,076.97",0
2-Mar-21,RTGS,364,0,364
2-Mar-21,Debit Card,210,0,574
2-Mar-21,Purchase,0,63.78,510.22
2-Mar-21,Purchase,0,255.11,255.11
2-Mar-21,Transfer,0,25.51,229.6
2-Mar-21,NEFT,387.1,0,616.7
2-Mar-21,Tax,47.71,0,664.41
2-Mar-21,Cash,1.8,0,666.21
2-Mar-21,Bill,"3,008.40",0,"3,674.61"
2-Mar-21,Commission,"68,387.00",0,"72,061.61"
2-Mar-21,Miscellaneous,0,"18,015.40","54,046.21"
2-Mar-21,Cash,0,"9,007.70","45,038.51"
2-Mar-21,Reversal,"2,994.50",0,"48,033.01"
2-Mar-21,Miscellaneous,0,"6,004.13","42,028.88"
2-Mar-21,Commission,0,"10,507.22","31,521.66"
2-Mar-21,Interest,30,0,"31,551.66"
2-Mar-21,Cheque,"23,914.00",0,"55,465.66"
2-Mar-21,IMPS,0,"55,465.66",0
2-Mar-21,Reversal,"1,801,418.00",0,"1,801,418.00"
2-Mar-21,Debit Card,0,"180,141.80","1,621,276.20"
2-Mar-21,Commission,0,"162,127.62","1,459,148.58"
2-Mar-21,Reversal,0,"208,449.80","1,250,698.78"
2-Mar-21,Reversal,0,"250,139.76","1,000,559.02"
2-Mar-21,Reversal,0,"100,055.90","900,503.12"
2-Mar-21,NEFT,0,"180,100.62","720,402.50"
2-Mar-21,Reversal,0,"120,067.08","600,335.42"
2-Mar-21,Reversal,0,"200,111.81","400,223.61"
2-Mar-21,Interest,"456,888.20",0,"857,111.81"
2-Mar-21,Reversal,0.1,0,"857,111.91"
2-Mar-21,Commission,"62,974.72",0,"920,086.63"
2-Mar-21,Debit Card,50.75,0,"920,137.38"
2-Mar-21,NEFT,0,"230,034.35","690,103.04"
2-Mar-21,Interest,0,"690,103.04",0
2-Mar-21,Commission,0,0,0
2-Mar-21,Transfer,202.5,0,202.5
2-Mar-21,Cash,265,0,467.5
2-Mar-21,NEFT,0,66.79,400.71
2-Mar-21,Reversal,4,0,404.71
2-Mar-21,Debit Card,"11,896.30",0,"12,301.01"
2-Mar-21,Commission,751,0,"13,052.01"
2-Mar-21,IMPS,0,"1,631.50","11,420.51"
2-Mar-21,Interest,0,"11,420.51",0
2-Mar-21,Cash,"3,027.00",0,"3,027.00"
2-Mar-21,Bill,"7,308.00",0,"10,335.00"
2-Mar-21,Cash,"1,535,942.00",0,"1,546,277.00"
2-Mar-21,ATM,33.54,0,"1,546,310.54"
2-Mar-21,Tax,0,"386,577.64","1,159,732.90"
2-Mar-21,Purchase,0,"165,676.13","994,056.77"
2-Mar-21,NEFT,0,"994,056.77",0
2-Mar-21,Bill,3.9,0,3.9
2-Mar-21,Cash,0,1.3,2.6
2-Mar-21,Miscellaneous,"3,988.00",0,"3,990.60"
2-Mar-21,Cheque,0,798.12,"3,192.48"
2-Mar-21,IMPS,0,354.72,"2,837.76"
2-Mar-21,Reversal,0,709.44,"2,128.32"
2-Mar-21,Commission,7.25,0,"2,135.57"
2-Mar-21,Interest,0,266.95,"1,868.62"
2-Mar-21,RTGS,0,467.16,"1,401.46"
2-Mar-21,Interest,0,233.58,"1,167.88"
2-Mar-21,RTGS,0,166.84,"1,001.04"
2-Mar-21,NEFT,0,333.68,667.36
2-Mar-21,Cheque,0,333.68,333.68
2-Mar-21,Reversal,"2,019,539.50",0,"2,019,873.18"
2-Mar-21,ATM,34,0,"2,019,907.18"
2-Mar-21,Cash,0.6,0,"2,019,907.78"
2-Mar-21,Reversal,0,"2,019,907.78",0
2-Mar-21,IMPS,"6,605.23",0,"6,605.23"
2-Mar-21,Cash,"106,022.80",0,"112,628.03"
2-Mar-21,Debit Card,47.1,0,"112,675.13"
2-Mar-21,RTGS,"1,540.30",0,"114,215.43"
2-Mar-21,IMPS,14.57,0,"114,230.00"
2-Mar-21,RTGS,"65,923.16",0,"180,153.16"
2-Mar-21,Debit Card,0,"180,153.16",0
2-Mar-21,NEFT,65.58,0,65.58
2-Mar-21,Cash,"1,408,804.50",0,"1,408,870.08"
2-Mar-21,Cheque,"2,490.81",0,"1,411,360.89"
2-Mar-21,NEFT,0,"156,817.88","1,254,543.01"
2-Mar-21,Tax,0,"156,817.88","1,097,725.13"
2-Mar-21,Transfer,"12,034.00",0,"1,109,759.13"
2-Mar-21,Interest,"195,007.20",0,"1,304,766.33"
2-Mar-21,Cheque,"84,553.10",0,"1,389,319.43"
2-Mar-21,Tax,"12,242.20",0,"1,401,561.63"
2-Mar-21,ATM,"27,878.00",0,"1,429,439.63"
2-Mar-21,NEFT,0,"142,943.96","1,286,495.67"
2-Mar-21,IMPS,0,"142,943.96","1,143,551.71"
2-Mar-21,NEFT,40.68,0,"1,143,592.39"
2-Mar-21,Miscellaneous,"1,807,893.50",0,"2,951,485.89"
2-Mar-21,IMPS,0,"737,871.47","2,213,614.42"
2-Mar-21,Purchase,0,"276,701.80","1,936,912.62"
2-Mar-21,Debit Card,0,"215,212.51","1,721,700.11"
2-Mar-21,Bill,0,"191,300.01","1,530,400.10"
2-Mar-21,Miscellaneous,"46,013.00",0,"1,576,413.10"
2-Mar-21,IMPS,500.2,0,"1,576,913.30"
2-Mar-21,Transfer,0,"175,212.59","1,401,700.71"
2-Mar-21,RTGS,0,"280,340.14","1,121,360.57"
3-Mar-21,Reversal,0,"224,272.11","897,088.46"
3-Mar-21,Debit Card,2.55,0,"897,091.01"
3-Mar-21,Debit Card,8,0,"897,099.01"
3-Mar-21,IMPS,0,"897,099.01",0
3-Mar-21,NEFT,288.11,0,288.11
3-Mar-21,Purchase,134.5,0,422.61
3-Mar-21,Reversal,14.37,0,436.98
3-Mar-21,Transfer,0,436.98,0
3-Mar-21,Cheque,"385,457.00",0,"385,457.00"
3-Mar-21,Interest,0,"96,364.25","289,092.75"
3-Mar-21,ATM,"7,893.50",0,"296,986.25"
3-Mar-21,Tax,0,"29,698.63","267,287.62"
3-Mar-21,Tax,0,"53,457.52","213,830.10"
3-Mar-21,NEFT,"3,679.00",0,"217,509.10"
3-Mar-21,Debit Card,23.98,0,"217,533.08"
3-Mar-21,Purchase,0,"217,533.08",0
3-Mar-21,Debit Card,"1,276,247.00",0,"1,276,247.00"
3-Mar-21,Cash,"11,176.50",0,"1,287,423.50"
3-Mar-21,IMPS,249.67,0,"1,287,673.17"
3-Mar-21,Cheque,4.11,0,"1,287,677.28"
3-Mar-21,Reversal,"125,219.28",0,"1,412,896.56"
3-Mar-21,RTGS,0,"176,612.07","1,236,284.49"
3-Mar-21,IMPS,"1,544,759.80",0,"2,781,044.29"
3-Mar-21,Miscellaneous,"197,550.00",0,"2,978,594.29"
3-Mar-21,NEFT,8,0,"2,978,602.29"
3-Mar-21,Purchase,0,"1,489,301.15","1,489,301.14"
3-Mar-21,Purchase,"26,057.67",0,"1,515,358.81"
3-Mar-21,Cheque,0,"168,373.20","1,346,985.61"
3-Mar-21,Reversal,"1,109,120.20",0,"2,456,105.81"
3-Mar-21,Miscellaneous,"2,052,578.00",0,"4,508,683.81"
3-Mar-21,NEFT,0,"450,868.38","4,057,815.43"
3-Mar-21,Purchase,0,"405,781.54","3,652,033.89"
3-Mar-21,Cheque,0,"456,504.24","3,195,529.65"
3-Mar-21,Interest,376,0,"3,195,905.65"
3-Mar-21,IMPS,0,"639,181.13","2,556,724.52"
3-Mar-21,Interest,"452,606.50",0,"3,009,331.02"
3-Mar-21,Interest,5.93,0,"3,009,336.95"
3-Mar-21,Cheque,0,"1,003,112.32","2,006,224.63"
3-Mar-21,Reversal,6,0,"2,006,230.63"
3-Mar-21,Miscellaneous,44.7,0,"2,006,275.33"
3-Mar-21,Cash,0,"250,784.42","1,755,490.91"
3-Mar-21,Commission,29,0,"1,755,519.91"
3-Mar-21,NEFT,0,"877,759.96","877,759.96"
3-Mar-21,Cheque,"649,172.50",0,"1,526,932.46"
3-Mar-21,Cheque,0,"254,488.74","1,272,443.72"
3-Mar-21,ATM,0,"212,073.95","1,060,369.77"
3-Mar-21,Cash,0,"353,456.59","706,913.18"
3-Mar-21,Miscellaneous,0,"353,456.59","353,456.59"
3-Mar-21,Cash,59.26,0,"353,515.85"
3-Mar-21,Miscellaneous,0,"39,279.54","314,236.31"
3-Mar-21,IMPS,0,"52,372.72","261,863.59"
3-Mar-21,Tax,0,"26,186.36","235,677.23"
3-Mar-21,RTGS,28.67,0,"235,705.90"
3-Mar-21,Debit Card,0,"23,570.59","212,135.31"
3-Mar-21,Cash,0,"21,213.53","190,921.78"
3-Mar-21,RTGS,0,"23,865.22","167,056.56"
3-Mar-21,NEFT,"155,554.66",0,"322,611.22"
3-Mar-21,RTGS,"177,222.00",0,"499,833.22"
4-Mar-21,Purchase,0,"55,537.02","444,296.20"
4-Mar-21,Cheque,16.65,0,"444,312.85"
4-Mar-21,Miscellaneous,0,"88,862.57","355,450.28"
4-Mar-21,Commission,0,"35,545.03","319,905.25"
4-Mar-21,Bill,"110,218.70",0,"430,123.95"
4-Mar-21,Miscellaneous,0,"107,530.99","322,592.96"
4-Mar-21,Bill,0,"107,530.99","215,061.97"
4-Mar-21,Miscellaneous,0,"215,061.97",0
4-Mar-21,NEFT,"11,259.10",0,"11,259.10"
4-Mar-21,ATM,0,"1,876.52","9,382.58"
4-Mar-21,Bill,0,"1,340.37","8,042.21"
4-Mar-21,Purchase,"476,848.00",0,"484,890.21"
4-Mar-21,Debit Card,"196,283.50",0,"681,173.71"
4-Mar-21,Reversal,0,"75,685.97","605,487.74"
4-Mar-21,NEFT,0,"86,498.25","518,989.49"
4-Mar-21,ATM,0,"259,494.75","259,494.74"
4-Mar-21,NEFT,294.35,0,"259,789.09"
4-Mar-21,IMPS,0,"43,298.18","216,490.91"
4-Mar-21,Transfer,"2,094.70",0,"218,585.61"
4-Mar-21,Tax,0,"31,226.52","187,359.09"
4-Mar-21,Cheque,0,"187,359.09",0
4-Mar-21,Transfer,27,0,27
4-Mar-21,IMPS,"208,400.90",0,"208,427.90"
4-Mar-21,RTGS,0,"34,737.98","173,689.92"
4-Mar-21,Cash,"12,667.30",0,"186,357.22"
4-Mar-21,Interest,0,"18,635.72","167,721.50"
4-Mar-21,Commission,0,"27,953.58","139,767.92"
5-Mar-21,Cheque,"677,404.00",0,"817,171.92"
5-Mar-21,Cheque,456,0,"817,627.92"
5-Mar-21,Cash,0,"116,803.99","700,823.93"
5-Mar-21,Cheque,"3,963.00",0,"704,786.93"
5-Mar-21,Transfer,0,"352,393.47","352,393.46"
5-Mar-21,Interest,7,0,"352,400.46"
5-Mar-21,ATM,469,0,"352,869.46"
5-Mar-21,Miscellaneous,0,"44,108.68","308,760.78"
5-Mar-21,Tax,0,"38,595.10","270,165.68"
5-Mar-21,Reversal,"27,941.71",0,"298,107.39"
5-Mar-21,Cash,1.9,0,"298,109.29"
5-Mar-21,Debit Card,"1,406,803.25",0,"1,704,912.54"
5-Mar-21,Cash,0,"189,434.73","1,515,477.81"
5-Mar-21,Tax,"624,864.80",0,"2,140,342.61"
5-Mar-21,Bill,"3,454.00",0,"2,143,796.61"
5-Mar-21,Bill,0,"1,071,898.31","1,071,898.30"
5-Mar-21,Tax,"2,559.80",0,"1,074,458.10"
5-Mar-21,Cash,7.4,0,"1,074,465.50"
5-Mar-21,RTGS,10,0,"1,074,475.50"
5-Mar-21,NEFT,"174,671.20",0,"1,249,146.70"
5-Mar-21,Bill,0,"1,249,146.70",0
5-Mar-21,Miscellaneous,19,0,19
5-Mar-21,Debit Card,"81,425.00",0,"81,444.00"
5-Mar-21,IMPS,0,"27,148.00","54,296.00"
5-Mar-21,Bill,"3,295.00",0,"57,591.00"
5-Mar-21,Cheque,"1,249.50",0,"58,840.50"
5-Mar-21,RTGS,0,"8,405.79","50,434.71"
5-Mar-21,Tax,7.73,0,"50,442.44"
5-Mar-21,Tax,2,0,"50,444.44"
5-Mar-21,NEFT,"176,029.59",0,"226,474.03"
5-Mar-21,Debit Card,0,"113,237.02","113,237.02"
5-Mar-21,Tax,0,"18,872.84","94,364.18"
5-Mar-21,Debit Card,0,"18,872.84","75,491.34"
5-Mar-21,ATM,227,0,"75,718.34"
5-Mar-21,RTGS,0,"37,859.17","37,859.17"
5-Mar-21,Purchase,7,0,"37,866.17"
5-Mar-21,Miscellaneous,"74,171.88",0,"112,038.05"
5-Mar-21,Miscellaneous,4,0,"112,042.05"
5-Mar-21,IMPS,0,"18,673.68","93,368.38"
5-Mar-21,Tax,6,0,"93,374.38"
5-Mar-21,NEFT,0,"93,374.38",0
5-Mar-21,Interest,"10,448.72",0,"10,448.72"
6-Mar-21,Bill,0,"2,089.74","8,358.98"
6-Mar-21,RTGS,0,"1,044.87","7,314.11"
6-Mar-21,Transfer,0,"3,657.06","3,657.06"
6-Mar-21,NEFT,0,"1,828.53","1,828.53"
6-Mar-21,Tax,0,228.57,"1,599.96"
6-Mar-21,Purchase,461.3,0,"2,061.26"
6-Mar-21,NEFT,114,0,"2,175.26"
6-Mar-21,Purchase,0,"2,175.26",0
6-Mar-21,Bill,259.63,0,259.63
6-Mar-21,IMPS,35.6,0,295.23
6-Mar-21,Commission,0,295.23,0
6-Mar-21,Miscellaneous,27.4,0,27.4
6-Mar-21,ATM,"14,659.00",0,"14,686.40"
6-Mar-21,Tax,3,0,"14,689.40"
6-Mar-21,Bill,0,"1,632.16","13,057.24"
6-Mar-21,Transfer,0,"1,865.32","11,191.92"
6-Mar-21,Debit Card,"1,135,415.50",0,"1,146,607.42"
6-Mar-21,Debit Card,0,"573,303.71","573,303.71"
6-Mar-21,IMPS,46.7,0,"573,350.41"
6-Mar-21,Commission,0,"286,675.21","286,675.20"
6-Mar-21,Purchase,"1,846.60",0,"288,521.80"
6-Mar-21,Commission,950,0,"289,471.80"
7-Mar-21,Miscellaneous,0,"96,490.60","192,981.20"
7-Mar-21,Purchase,0,"48,245.30","144,735.90"
7-Mar-21,IMPS,0,"144,735.90",0
7-Mar-21,NEFT,59.76,0,59.76
7-Mar-21,Cheque,53.7,0,113.46
7-Mar-21,Miscellaneous,36,0,149.46
7-Mar-21,Debit Card,0,16.61,132.85
7-Mar-21,Reversal,0,44.28,88.57
7-Mar-21,Cash,0,12.65,75.92
7-Mar-21,Miscellaneous,46.84,0,122.76
7-Mar-21,Cash,0,15.35,107.42
7-Mar-21,IMPS,0,26.86,80.56
7-Mar-21,RTGS,0,16.11,64.45
7-Mar-21,Reversal,"2,058.53",0,"2,122.98"
7-Mar-21,Cheque,0.67,0,"2,123.65"
7-Mar-21,Transfer,0,303.38,"1,820.27"
7-Mar-21,Cheque,49.3,0,"1,869.57"
7-Mar-21,ATM,436.7,0,"2,306.27"
7-Mar-21,Miscellaneous,0,329.47,"1,976.80"
7-Mar-21,Cheque,0,"1,976.80",0
7-Mar-21,Purchase,"231,924.38",0,"231,924.38"
7-Mar-21,Debit Card,"2,445.00",0,"234,369.38"
7-Mar-21,Cash,0,"33,481.34","200,888.04"
7-Mar-21,Commission,0,"25,111.01","175,777.04"
7-Mar-21,RTGS,0,"29,296.17","146,480.87"
7-Mar-21,Tax,0,"16,275.65","130,205.22"
7-Mar-21,Interest,7.04,0,"130,212.26"
7-Mar-21,Purchase,0,"43,404.09","86,808.17"
7-Mar-21,NEFT,0,"12,401.17","74,407.00"
7-Mar-21,Bill,0,"10,629.57","63,777.43"
7-Mar-21,Tax,0,"10,629.57","53,147.86"
7-Mar-21,Reversal,"595,986.25",0,"649,134.11"
7-Mar-21,IMPS,"8,530.56",0,"657,664.67"
7-Mar-21,Interest,"66,102.00",0,"723,766.67"
7-Mar-21,Commission,"88,613.50",0,"812,380.17"
7-Mar-21,ATM,"6,766.66",0,"819,146.83"
7-Mar-21,Cheque,36,0,"819,182.83"
8-Mar-21,RTGS,0,"102,397.85","716,784.98"
8-Mar-21,Cash,5,0,"716,789.98"
9-Mar-21,ATM,"1,334.00",0,"718,123.98"
10-Mar-21,Interest,1.43,0,"718,125.41"
10-Mar-21,NEFT,0,"102,589.34","615,536.07"
10-Mar-21,RTGS,0,"68,392.90","547,143.17"
10-Mar-21,RTGS,0,"547,143.17",0
10-Mar-21,Purchase,5.27,0,5.27
10-Mar-21,Debit Card,0,1.76,3.51
10-Mar-21,Bill,0,0.59,2.92
10-Mar-21,Miscellaneous,12,0,14.92
10-Mar-21,Interest,"4,930.00",0,"4,944.92"
10-Mar-21,ATM,0.85,0,"4,945.77"
10-Mar-21,NEFT,"6,499.27",0,"11,445.04"
10-Mar-21,NEFT,0,"1,144.50","10,300.54"
10-Mar-21,RTGS,"59,311.00",0,"69,611.54"
10-Mar-21,ATM,0,"9,944.51","59,667.03"
10-Mar-21,RTGS,0,"7,458.38","52,208.65"
10-Mar-21,Purchase,8.2,0,"52,216.85"
10-Mar-21,Transfer,"1,468,038.00",0,"1,520,254.85"
11-Mar-21,Commission,375,0,"1,520,629.85"
11-Mar-21,Transfer,26,0,"1,520,655.85"
11-Mar-21,Tax,50.49,0,"1,520,706.34"
11-Mar-21,Debit Card,0,"168,967.37","1,351,738.97"
11-Mar-21,Purchase,0,"150,193.22","1,201,545.75"
11-Mar-21,IMPS,"23,356.30",0,"1,224,902.05"
11-Mar-21,Interest,4,0,"1,224,906.05"
11-Mar-21,Cheque,0,"306,226.51","918,679.54"
11-Mar-21,Tax,0,"918,679.54",0
11-Mar-21,Tax,"240,175.69",0,"240,175.69"
11-Mar-21,Miscellaneous,439,0,"240,614.69"
11-Mar-21,Interest,0,"80,204.90","160,409.79"
11-Mar-21,NEFT,461.69,0,"160,871.48"
11-Mar-21,Reversal,0,"20,108.94","140,762.55"
11-Mar-21,RTGS,"298,000.25",0,"438,762.80"
11-Mar-21,Cheque,"1,061,618.00",0,"1,500,380.80"
11-Mar-21,RTGS,0,"214,340.11","1,286,040.69"
11-Mar-21,Bill,240,0,"1,286,280.69"
11-Mar-21,Tax,0,"183,754.38","1,102,526.31"
11-Mar-21,Reversal,"121,220.00",0,"1,223,746.31"
11-Mar-21,Reversal,0,"611,873.16","611,873.16"
11-Mar-21,Cheque,0,"61,187.32","550,685.84"
11-Mar-21,Miscellaneous,"1,003.00",0,"551,688.84"
11-Mar-21,Debit Card,"1,503,976.00",0,"2,055,664.84"
11-Mar-21,ATM,35.26,0,"2,055,700.10"
11-Mar-21,IMPS,0,"2,055,700.10",0
11-Mar-21,Interest,58.2,0,58.2
11-Mar-21,Purchase,0,6.47,51.73
11-Mar-21,Reversal,0,51.73,0
11-Mar-21,Cheque,25.76,0,25.76
11-Mar-21,Bill,"5,801.00",0,"5,826.76"
11-Mar-21,Reversal,8,0,"5,834.76"
11-Mar-21,ATM,7.74,0,"5,842.50"
11-Mar-21,Tax,0,649.17,"5,193.33"
11-Mar-21,Debit Card,0,741.9,"4,451.43"
11-Mar-21,Tax,60.88,0,"4,512.31"
11-Mar-21,NEFT,0,752.05,"3,760.26"
11-Mar-21,ATM,0,376.03,"3,384.23"
11-Mar-21,Debit Card,0,564.04,"2,820.19"
11-Mar-21,Reversal,0,705.05,"2,115.14"
11-Mar-21,Transfer,2.64,0,"2,117.78"
11-Mar-21,Tax,0,423.56,"1,694.22"
11-Mar-21,NEFT,0,847.11,847.11
11-Mar-21,Commission,0,141.19,705.92
11-Mar-21,Cheque,0,100.85,605.07
11-Mar-21,NEFT,0,86.44,518.63
11-Mar-21,RTGS,"1,337.33",0,"1,855.96"
11-Mar-21,Debit Card,0,463.99,"1,391.97"
11-Mar-21,NEFT,"88,412.70",0,"89,804.67"
11-Mar-21,Purchase,0,"17,960.93","71,843.74"
11-Mar-21,Tax,"1,999,179.25",0,"2,071,022.99"
11-Mar-21,IMPS,0,"295,860.43","1,775,162.56"
11-Mar-21,Commission,409.2,0,"1,775,571.76"
11-Mar-21,Debit Card,0,"177,557.18","1,598,014.58"
11-Mar-21,Reversal,0,"266,335.76","1,331,678.82"
11-Mar-21,Transfer,0,"190,239.83","1,141,438.99"
11-Mar-21,Cheque,0,"114,143.90","1,027,295.09"
11-Mar-21,Reversal,"230,128.20",0,"1,257,423.29"
11-Mar-21,Debit Card,0,"157,177.91","1,100,245.38"
11-Mar-21,IMPS,34.63,0,"1,100,280.01"
11-Mar-21,Transfer,3.55,0,"1,100,283.56"
11-Mar-21,Miscellaneous,"1,649.12",0,"1,101,932.68"
11-Mar-21,Interest,44,0,"1,101,976.68"
11-Mar-21,Commission,"18,054.75",0,"1,120,031.43"
11-Mar-21,Bill,2.7,0,"1,120,034.13"
11-Mar-21,Purchase,0,"1,120,034.13",0
11-Mar-21,Commission,"1,250,839.20",0,"1,250,839.20"
11-Mar-21,Interest,0,"138,982.13","1,111,857.07"
11-Mar-21,Bill,"944,996.80",0,"2,056,853.87"
11-Mar-21,Debit Card,"3,443.29",0,"2,060,297.16"
11-Mar-21,Interest,3,0,"2,060,300.16"
11-Mar-21,Cash,0,"228,922.24","1,831,377.92"
11-Mar-21,Purchase,"254,303.00",0,"2,085,680.92"
11-Mar-21,RTGS,"1,148.09",0,"2,086,829.01"
11-Mar-21,Miscellaneous,0,"260,853.63","1,825,975.38"
11-Mar-21,Transfer,"1,051.50",0,"1,827,026.88"
11-Mar-21,Tax,7,0,"1,827,033.88"
11-Mar-21,Cash,25,0,"1,827,058.88"
11-Mar-21,Miscellaneous,0,"456,764.72","1,370,294.16"
11-Mar-21,Interest,0,"274,058.83","1,096,235.33"
11-Mar-21,RTGS,281,0,"1,096,516.33"
11-Mar-21,Transfer,0,"219,303.27","877,213.06"
11-Mar-21,Debit Card,0,"125,316.15","751,896.91"
11-Mar-21,Tax,"29,167.20",0,"781,064.11"
11-Mar-21,Tax,0,"781,064.11",0
11-Mar-21,Bill,"106,327.81",0,"106,327.81"
11-Mar-21,Cash,"29,821.00",0,"136,148.81"
11-Mar-21,Transfer,0,"27,229.76","108,919.05"
11-Mar-21,RTGS,76,0,"108,995.05"
11-Mar-21,Tax,29.65,0,"109,024.70"
11-Mar-21,NEFT,0,"36,341.57","72,683.13"
11-Mar-21,Tax,0,"72,683.13",0
11-Mar-21,NEFT,5,0,5
11-Mar-21,Miscellaneous,"129,362.60",0,"129,367.60"
11-Mar-21,Tax,0,"32,341.90","97,025.70"
11-Mar-21,Tax,6.7,0,"97,032.40"
11-Mar-21,Interest,0,"16,172.07","80,860.33"
11-Mar-21,NEFT,"151,997.90",0,"232,858.23"
11-Mar-21,IMPS,167.86,0,"233,026.09"
11-Mar-21,Transfer,"362,681.00",0,"595,707.09"
11-Mar-21,ATM,"85,807.59",0,"681,514.68"
11-Mar-21,Reversal,"16,676.00",0,"698,190.68"
11-Mar-21,Cash,"1,837.20",0,"700,027.88"
11-Mar-21,Purchase,"23,904.00",0,"723,931.88"
11-Mar-21,Miscellaneous,346.88,0,"724,278.76"
11-Mar-21,Reversal,0,"241,426.25","482,852.51"
11-Mar-21,Interest,0,"160,950.84","321,901.67"
11-Mar-21,Debit Card,81,0,"321,982.67"
11-Mar-21,Commission,0,"107,327.56","214,655.11"
11-Mar-21,Transfer,0,"35,775.85","178,879.26"
11-Mar-21,Purchase,0,"17,887.93","160,991.33"
11-Mar-21,Bill,"2,320.00",0,"163,311.33"
11-Mar-21,Interest,0,"163,311.33",0
11-Mar-21,Interest,"1,087.80",0,"1,087.80"
11-Mar-21,Miscellaneous,5,0,"1,092.80"
11-Mar-21,Bill,0,"1,092.80",0
11-Mar-21,NEFT,"1,552,265.00",0,"1,552,265.00"
11-Mar-21,ATM,0,"155,226.50","1,397,038.50"
12-Mar-21,IMPS,"49,086.25",0,"1,446,124.75"
12-Mar-21,Miscellaneous,0.1,0,"1,446,124.85"
12-Mar-21,Debit Card,"1,134,235.75",0,"2,580,360.60"
12-Mar-21,Cash,0,"430,060.10","2,150,300.50"
12-Mar-21,Reversal,0,"2,150,300.50",0
13-Mar-21,NEFT,130.4,0,130.4
13-Mar-21,Cash,0,32.6,97.8
13-Mar-21,Commission,0,19.56,78.24
13-Mar-21,Debit Card,"152,100.00",0,"152,178.24"
13-Mar-21,ATM,506.12,0,"152,684.36"
13-Mar-21,Cash,"950,945.75",0,"1,103,630.11"
13-Mar-21,Interest,0,"275,907.53","827,722.58"
13-Mar-21,Purchase,5,0,"827,727.58"
13-Mar-21,ATM,48.38,0,"827,775.96"
13-Mar-21,Transfer,0,"82,777.60","744,998.36"
13-Mar-21,Cheque,"1,479,490.50",0,"2,224,488.86"
13-Mar-21,Commission,0,"278,061.11","1,946,427.75"
13-Mar-21,Transfer,"1,383,644.00",0,"3,330,071.75"
13-Mar-21,Cheque,"6,628.60",0,"3,336,700.35"
13-Mar-21,Tax,"4,347.46",0,"3,341,047.81"
13-Mar-21,IMPS,0,"556,841.30","2,784,206.51"
13-Mar-21,Reversal,"256,600.88",0,"3,040,807.39"
13-Mar-21,Debit Card,0,"506,801.23","2,534,006.16"
13-Mar-21,Interest,"30,824.38",0,"2,564,830.54"
13-Mar-21,Debit Card,0,"284,981.17","2,279,849.37"
13-Mar-21,Cash,0,"455,969.87","1,823,879.50"
13-Mar-21,Reversal,"1,020,461.80",0,"2,844,341.30"
13-Mar-21,Purchase,"2,664.50",0,"2,847,005.80"
13-Mar-21,Commission,"14,544.00",0,"2,861,549.80"
13-Mar-21,Commission,0,"357,693.73","2,503,856.07"
13-Mar-21,IMPS,248,0,"2,504,104.07"
13-Mar-21,Interest,"127,470.00",0,"2,631,574.07"
13-Mar-21,IMPS,"21,537.35",0,"2,653,111.42"
13-Mar-21,Bill,"3,273.00",0,"2,656,384.42"
13-Mar-21,Reversal,0,"885,461.47","1,770,922.95"
13-Mar-21,Miscellaneous,56.01,0,"1,770,978.96"
13-Mar-21,Tax,0,"177,097.90","1,593,881.06"
13-Mar-21,Reversal,0,"398,470.27","1,195,410.80"
13-Mar-21,ATM,23.5,0,"1,195,434.30"
13-Mar-21,ATM,0,"119,543.43","1,075,890.87"
13-Mar-21,Transfer,"1,858.40",0,"1,077,749.27"
13-Mar-21,Cheque,0,"359,249.76","718,499.51"
13-Mar-21,NEFT,0,"89,812.44","628,687.07"
13-Mar-21,Purchase,0,"628,687.07",0
13-Mar-21,ATM,"6,419.00",0,"6,419.00"
13-Mar-21,ATM,0,"1,604.75","4,814.25"
13-Mar-21,Purchase,0,"4,814.25",0
13-Mar-21,Purchase,11.54,0,11.54
13-Mar-21,Tax,7,0,18.54
13-Mar-21,Purchase,"13,606.80",0,"13,625.34"
13-Mar-21,Bill,0,"4,541.78","9,083.56"
13-Mar-21,Purchase,0,"1,297.65","7,785.91"
13-Mar-21,Purchase,0,"1,946.48","5,839.43"
13-Mar-21,Cheque,0,"1,167.89","4,671.54"
13-Mar-21,Purchase,0,934.31,"3,737.23"
13-Mar-21,RTGS,0,"1,245.74","2,491.49"
13-Mar-21,IMPS,0,276.83,"2,214.66"
13-Mar-21,Transfer,0,246.07,"1,968.59"
13-Mar-21,Tax,365,0,"2,333.59"
13-Mar-21,Debit Card,0,583.4,"1,750.19"
13-Mar-21,Cash,0,175.02,"1,575.17"
13-Mar-21,Debit Card,"217,579.00",0,"219,154.17"
13-Mar-21,Bill,0,"219,154.17",0
13-Mar-21,Reversal,"20,695.10",0,"20,695.10"
13-Mar-21,NEFT,0,"3,449.18","17,245.92"
13-Mar-21,Tax,"55,524.00",0,"72,769.92"
13-Mar-21,Cash,"3,738.40",0,"76,508.32"
13-Mar-21,Reversal,103,0,"76,611.32"
13-Mar-21,Purchase,50.2,0,"76,661.52"
13-Mar-21,NEFT,"183,057.00",0,"259,718.52"
13-Mar-21,Cash,"865,919.00",0,"1,125,637.52"
13-Mar-21,Reversal,"212,596.00",0,"1,338,233.52"
13-Mar-21,Reversal,150,0,"1,338,383.52"
13-Mar-21,Transfer,"962,454.00",0,"2,300,837.52"
13-Mar-21,Debit Card,"195,793.80",0,"2,496,631.32"
13-Mar-21,Bill,"109,503.00",0,"2,606,134.32"
14-Mar-21,Transfer,0,"289,570.48","2,316,563.84"
14-Mar-21,Bill,"20,193.00",0,"2,336,756.84"
14-Mar-21,Tax,"78,456.60",0,"2,415,213.44"
14-Mar-21,Transfer,0,"345,030.49","2,070,182.95"
14-Mar-21,Commission,0,"258,772.87","1,811,410.08"
14-Mar-21,Reversal,381.91,0,"1,811,791.99"
14-Mar-21,IMPS,"2,884.00",0,"1,814,675.99"
14-Mar-21,NEFT,242,0,"1,814,917.99"
14-Mar-21,Debit Card,0,"453,729.50","1,361,188.49"
15-Mar-21,Cash,0,"340,297.12","1,020,891.37"
15-Mar-21,Interest,6.5,0,"1,020,897.87"
15-Mar-21,Reversal,0,"255,224.47","765,673.40"
15-Mar-21,Cheque,"1,559,456.00",0,"2,325,129.40"
15-Mar-21,Cheque,"128,640.00",0,"2,453,769.40"
15-Mar-21,Interest,0,"490,753.88","1,963,015.52"
15-Mar-21,NEFT,1,0,"1,963,016.52"
15-Mar-21,Purchase,0,"196,301.65","1,766,714.87"
15-Mar-21,IMPS,0.18,0,"1,766,715.05"
15-Mar-21,Reversal,2.1,0,"1,766,717.15"
15-Mar-21,Cash,0,"883,358.58","883,358.58"
15-Mar-21,Commission,"127,537.00",0,"1,010,895.58"
15-Mar-21,Miscellaneous,"94,719.00",0,"1,105,614.58"
15-Mar-21,RTGS,0,"368,538.19","737,076.39"
15-Mar-21,Cheque,0,"245,692.13","491,384.26"
15-Mar-21,Transfer,"52,813.00",0,"544,197.26"
15-Mar-21,ATM,0,"60,466.36","483,730.90"
15-Mar-21,Interest,0,"161,243.63","322,487.27"
15-Mar-21,Tax,392,0,"322,879.27"
15-Mar-21,Purchase,3,0,"322,882.27"
15-Mar-21,Reversal,141.15,0,"323,023.42"
15-Mar-21,Interest,0,"80,755.86","242,267.56"
15-Mar-21,Purchase,953.7,0,"243,221.26"
15-Mar-21,Tax,0,"81,073.75","162,147.51"
15-Mar-21,ATM,25,0,"162,172.51"
15-Mar-21,ATM,37,0,"162,209.51"
15-Mar-21,NEFT,494.14,0,"162,703.65"
15-Mar-21,Miscellaneous,0,"16,270.37","146,433.28"
15-Mar-21,Interest,3.21,0,"146,436.49"
15-Mar-21,Miscellaneous,0,"73,218.25","73,218.24"
15-Mar-21,Bill,"118,428.69",0,"191,646.93"
15-Mar-21,Commission,"786,485.25",0,"978,132.18"
15-Mar-21,Bill,0,"195,626.44","782,505.74"
15-Mar-21,Cash,"82,804.30",0,"865,310.04"
15-Mar-21,Interest,0,"96,145.56","769,164.48"
15-Mar-21,Miscellaneous,0,"384,582.24","384,582.24"
15-Mar-21,Cash,1.26,0,"384,583.50"
15-Mar-21,Transfer,0,"76,916.70","307,666.80"
15-Mar-21,Tax,"1,389,819.50",0,"1,697,486.30"
15-Mar-21,Transfer,0,"1,697,486.30",0
15-Mar-21,Cheque,36.94,0,36.94
16-Mar-21,Commission,0,4.1,32.84
16-Mar-21,Transfer,0,3.65,29.19
16-Mar-21,Commission,745,0,774.19
16-Mar-21,Cheque,864.4,0,"1,638.59"
16-Mar-21,Reversal,0,"1,638.59",0
16-Mar-21,NEFT,"27,726.30",0,"27,726.30"
16-Mar-21,Cheque,0,"2,772.63","24,953.67"
16-Mar-21,RTGS,4.3,0,"24,957.97"
16-Mar-21,Miscellaneous,314.42,0,"25,272.39"
16-Mar-21,IMPS,"146,825.60",0,"172,097.99"
16-Mar-21,Reversal,0,"43,024.50","129,073.49"
16-Mar-21,IMPS,3.84,0,"129,077.33"
17-Mar-21,Commission,0,"43,025.78","86,051.55"
17-Mar-21,Debit Card,0,"28,683.85","57,367.70"
17-Mar-21,Cheque,0,"19,122.57","38,245.13"
17-Mar-21,Commission,0,"7,649.03","30,596.10"
17-Mar-21,Interest,289.5,0,"30,885.60"
17-Mar-21,Transfer,"203,156.31",0,"234,041.91"
17-Mar-21,Reversal,0,"58,510.48","175,531.43"
17-Mar-21,Reversal,68,0,"175,599.43"
17-Mar-21,NEFT,243,0,"175,842.43"
17-Mar-21,IMPS,"1,238.12",0,"177,080.55"
17-Mar-21,IMPS,0,"88,540.28","88,540.28"
18-Mar-21,Purchase,"14,760.61",0,"103,300.89"
18-Mar-21,Cash,47,0,"103,347.89"
19-Mar-21,Commission,"2,590.00",0,"105,937.89"
19-Mar-21,Commission,0,"10,593.79","95,344.10"
19-Mar-21,Tax,"19,238.80",0,"114,582.90"
19-Mar-21,Debit Card,0,"22,916.58","91,666.32"
19-Mar-21,Debit Card,"206,026.00",0,"297,692.32"
19-Mar-21,RTGS,0,"297,692.32",0
19-Mar-21,ATM,"2,981.43",0,"2,981.43"
19-Mar-21,ATM,0,596.29,"2,385.14"
19-Mar-21,Bill,0,477.03,"1,908.11"
19-Mar-21,Commission,"104,278.80",0,"106,186.91"
19-Mar-21,Transfer,0,"17,697.82","88,489.09"
19-Mar-21,IMPS,157.04,0,"88,646.13"
19-Mar-21,ATM,42,0,"88,688.13"
19-Mar-21,NEFT,0,"9,854.24","78,833.89"
19-Mar-21,Tax,33.8,0,"78,867.69"
19-Mar-21,Commission,"1,101.39",0,"79,969.08"
19-Mar-21,Purchase,0,"7,996.91","71,972.17"
19-Mar-21,Cash,29.94,0,"72,002.11"
19-Mar-21,ATM,0,"8,000.23","64,001.88"
19-Mar-21,Debit Card,0,"10,666.98","53,334.90"
20-Mar-21,Debit Card,0,"26,667.45","26,667.45"
20-Mar-21,Commission,4,0,"26,671.45"
20-Mar-21,Debit Card,0,"6,667.86","20,003.59"
20-Mar-21,Debit Card,0,"20,003.59",0
20-Mar-21,Cheque,6.9,0,6.9
20-Mar-21,NEFT,0,1.15,5.75
20-Mar-21,Debit Card,0,0.82,4.93
20-Mar-21,Transfer,"11,042.50",0,"11,047.43"
20-Mar-21,Debit Card,0,"1,380.93","9,666.50"
20-Mar-21,RTGS,0,"2,416.63","7,249.88"
20-Mar-21,Commission,"242,687.00",0,"249,936.88"
20-Mar-21,IMPS,6.5,0,"249,943.38"
20-Mar-21,Commission,0,"62,485.85","187,457.54"
20-Mar-21,IMPS,"25,885.63",0,"213,343.17"
20-Mar-21,Interest,0,"35,557.20","177,785.98"
20-Mar-21,Reversal,"5,455.00",0,"183,240.98"
20-Mar-21,Cash,1.7,0,"183,242.68"
20-Mar-21,Interest,"26,104.00",0,"209,346.68"
20-Mar-21,Cash,5.92,0,"209,352.60"
20-Mar-21,Commission,7,0,"209,359.60"
20-Mar-21,Interest,"195,556.81",0,"404,916.41"
20-Mar-21,Commission,0,"44,990.71","359,925.70"
20-Mar-21,NEFT,0,"359,925.70",0
20-Mar-21,Purchase,"2,023,723.75",0,"2,023,723.75"
20-Mar-21,Purchase,0,"404,744.75","1,618,979.00"
21-Mar-21,RTGS,"20,972.80",0,"1,639,951.80"
21-Mar-21,Interest,0,"273,325.30","1,366,626.50"
21-Mar-21,Cheque,0,"136,662.65","1,229,963.85"
21-Mar-21,Cheque,"22,035.90",0,"1,251,999.75"
21-Mar-21,Cheque,0,"417,333.25","834,666.50"
21-Mar-21,ATM,3,0,"834,669.50"
21-Mar-21,Cash,0,"83,466.95","751,202.55"
21-Mar-21,IMPS,0,"93,900.32","657,302.23"
21-Mar-21,Interest,459.18,0,"657,761.41"
21-Mar-21,Reversal,467.8,0,"658,229.21"
21-Mar-21,Debit Card,0,"82,278.65","575,950.56"
21-Mar-21,Cheque,0,"57,595.06","518,355.50"
21-Mar-21,Miscellaneous,3.7,0,"518,359.20"
21-Mar-21,ATM,"1,720,812.00",0,"2,239,171.20"
21-Mar-21,Miscellaneous,0,"373,195.20","1,865,976.00"
21-Mar-21,Commission,39.65,0,"1,866,015.65"
21-Mar-21,Miscellaneous,7,0,"1,866,022.65"
21-Mar-21,NEFT,12.8,0,"1,866,035.45"
21-Mar-21,Debit Card,2.4,0,"1,866,037.85"
21-Mar-21,Purchase,6.2,0,"1,866,044.05"
21-Mar-21,NEFT,"15,448.00",0,"1,881,492.05"
21-Mar-21,IMPS,0,"235,186.51","1,646,305.54"
21-Mar-21,Miscellaneous,0,"329,261.11","1,317,044.43"
21-Mar-21,NEFT,"186,400.44",0,"1,503,444.87"
21-Mar-21,Purchase,60.6,0,"1,503,505.47"
21-Mar-21,Cash,0,"167,056.16","1,336,449.31"
21-Mar-21,IMPS,0,"1,336,449.31",0
21-Mar-21,IMPS,"106,928.00",0,"106,928.00"
21-Mar-21,IMPS,0,"26,732.00","80,196.00"
21-Mar-21,Commission,"967,512.00",0,"1,047,708.00"
21-Mar-21,IMPS,0,"174,618.00","873,090.00"
21-Mar-21,ATM,2.6,0,"873,092.60"
21-Mar-21,Cash,0,"873,092.60",0
21-Mar-21,NEFT,3.07,0,3.07
21-Mar-21,Purchase,"14,315.86",0,"14,318.93"
21-Mar-21,Tax,"16,053.30",0,"30,372.23"
21-Mar-21,Purchase,0,"4,338.89","26,033.34"
21-Mar-21,Transfer,7.4,0,"26,040.74"
21-Mar-21,RTGS,0,"8,680.25","17,360.49"
21-Mar-21,RTGS,0,"1,928.94","15,431.55"
21-Mar-21,Bill,0,"15,431.55",0
21-Mar-21,Reversal,20.3,0,20.3
21-Mar-21,RTGS,0,5.08,15.23
21-Mar-21,Reversal,0,1.69,13.54
21-Mar-21,Bill,"3,120.00",0,"3,133.54"
21-Mar-21,Commission,"9,083.10",0,"12,216.64"
21-Mar-21,Commission,0,"1,527.08","10,689.56"
21-Mar-21,Cheque,0,"1,781.59","8,907.97"
21-Mar-21,RTGS,0,"2,969.32","5,938.65"
21-Mar-21,Bill,0,"1,187.73","4,750.92"
21-Mar-21,Cash,7.64,0,"4,758.56"
21-Mar-21,Interest,42.7,0,"4,801.26"
21-Mar-21,RTGS,"3,014.00",0,"7,815.26"
21-Mar-21,Debit Card,8,0,"7,823.26"
21-Mar-21,Debit Card,0,782.33,"7,040.93"
21-Mar-21,IMPS,53.18,0,"7,094.11"
21-Mar-21,Bill,0,"2,364.70","4,729.41"
21-Mar-21,Cheque,7,0,"4,736.41"
21-Mar-21,Bill,"942,153.00",0,"946,889.41"
21-Mar-21,Cheque,0,"315,629.80","631,259.61"
21-Mar-21,IMPS,5,0,"631,264.61"
21-Mar-21,ATM,39.16,0,"631,303.77"
21-Mar-21,RTGS,"169,195.00",0,"800,498.77"
21-Mar-21,Commission,0,"800,498.77",0
21-Mar-21,Commission,"197,580.16",0,"197,580.16"
21-Mar-21,Cheque,385.23,0,"197,965.39"
21-Mar-21,Commission,0,"39,593.08","158,372.31"
21-Mar-21,Cheque,76,0,"158,448.31"
21-Mar-21,Bill,0,"15,844.83","142,603.48"
21-Mar-21,RTGS,1.4,0,"142,604.88"
21-Mar-21,Transfer,"34,156.22",0,"176,761.10"
21-Mar-21,NEFT,5,0,"176,766.10"
21-Mar-21,Debit Card,5.9,0,"176,772.00"
21-Mar-21,Commission,0,"22,096.50","154,675.50"
21-Mar-21,Reversal,"3,200.20",0,"157,875.70"
21-Mar-21,ATM,2.4,0,"157,878.10"
21-Mar-21,Cheque,841.9,0,"158,720.00"
21-Mar-21,Interest,0,"17,635.56","141,084.44"
21-Mar-21,IMPS,"27,079.60",0,"168,164.04"
21-Mar-21,Interest,0,"33,632.81","134,531.23"
21-Mar-21,Reversal,0,"26,906.25","107,624.98"
21-Mar-21,Bill,0,"15,375.00","92,249.98"
21-Mar-21,Miscellaneous,0,"15,375.00","76,874.98"
21-Mar-21,Cheque,0,"9,609.37","67,265.61"
21-Mar-21,Purchase,0,"16,816.40","50,449.21"
21-Mar-21,Miscellaneous,0,"5,044.92","45,404.29"
21-Mar-21,ATM,"14,187.71",0,"59,592.00"
21-Mar-21,RTGS,0,"6,621.33","52,970.67"
21-Mar-21,Interest,0,"8,828.45","44,142.22"
21-Mar-21,Transfer,0,"8,828.44","35,313.78"
21-Mar-21,IMPS,503,0,"35,816.78"
21-Mar-21,Tax,0,"3,581.68","32,235.10"
21-Mar-21,Cash,0,"6,447.02","25,788.08"
21-Mar-21,IMPS,0,"8,596.03","17,192.05"
21-Mar-21,Bill,0,"1,910.23","15,281.82"
21-Mar-21,Debit Card,25.97,0,"15,307.79"
21-Mar-21,Cash,"159,103.20",0,"174,410.99"
21-Mar-21,Miscellaneous,"870,771.00",0,"1,045,181.99"
21-Mar-21,Commission,"1,571,623.00",0,"2,616,804.99"
21-Mar-21,Cheque,"1,627.01",0,"2,618,432.00"
21-Mar-21,Miscellaneous,0,"261,843.20","2,356,588.80"
21-Mar-21,IMPS,0,"392,764.80","1,963,824.00"
21-Mar-21,Commission,"1,738.24",0,"1,965,562.24"
21-Mar-21,RTGS,"65,387.94",0,"2,030,950.18"
21-Mar-21,Transfer,"193,588.00",0,"2,224,538.18"
21-Mar-21,RTGS,0,"1,112,269.09","1,112,269.09"
21-Mar-21,Debit Card,"168,910.00",0,"1,281,179.09"
21-Mar-21,Interest,0,"128,117.91","1,153,061.18"
21-Mar-21,Miscellaneous,"142,860.00",0,"1,295,921.18"
21-Mar-21,Interest,0,"647,960.59","647,960.59"
21-Mar-21,NEFT,0,"129,592.12","518,368.47"
21-Mar-21,RTGS,454,0,"518,822.47"
21-Mar-21,Miscellaneous,11.9,0,"518,834.37"
21-Mar-21,Transfer,0,"103,766.87","415,067.50"
21-Mar-21,RTGS,0,"51,883.44","363,184.06"
21-Mar-21,Cash,"1,788,208.00",0,"2,151,392.06"
21-Mar-21,IMPS,56.9,0,"2,151,448.96"
21-Mar-21,RTGS,0,"430,289.79","1,721,159.17"
21-Mar-21,Reversal,0,"245,879.88","1,475,279.29"
21-Mar-21,Cash,0.4,0,"1,475,279.69"
21-Mar-21,Bill,"15,089.70",0,"1,490,369.39"
21-Mar-21,Cheque,180.9,0,"1,490,550.29"
21-Mar-21,NEFT,0,"372,637.57","1,117,912.72"
21-Mar-21,Reversal,0,"279,478.18","838,434.54"
21-Mar-21,IMPS,"140,213.78",0,"978,648.32"
21-Mar-21,Reversal,0.9,0,"978,649.22"
21-Mar-21,Purchase,0,"978,649.22",0
21-Mar-21,Miscellaneous,362.98,0,362.98
21-Mar-21,Transfer,"10,630.30",0,"10,993.28"
21-Mar-21,Bill,0,"5,496.64","5,496.64"
21-Mar-21,Debit Card,0,"5,496.64",0
21-Mar-21,Cash,"2,070,108.50",0,"2,070,108.50"
21-Mar-21,Cash,253.25,0,"2,070,361.75"
21-Mar-21,NEFT,"222,410.80",0,"2,292,772.55"
21-Mar-21,Purchase,"3,475.00",0,"2,296,247.55"
21-Mar-21,Commission,0,"1,148,123.78","1,148,123.77"
21-Mar-21,Debit Card,404,0,"1,148,527.77"
21-Mar-21,Bill,2.52,0,"1,148,530.29"
21-Mar-21,Miscellaneous,46.79,0,"1,148,577.08"
21-Mar-21,IMPS,"23,883.00",0,"1,172,460.08"
21-Mar-21,Debit Card,271.3,0,"1,172,731.38"
21-Mar-21,Purchase,0,"1,172,731.38",0
21-Mar-21,Cash,26,0,26
21-Mar-21,Transfer,46,0,72
22-Mar-21,NEFT,"30,571.70",0,"30,643.70"
22-Mar-21,Purchase,"190,374.88",0,"221,018.58"
22-Mar-21,Commission,0,"55,254.65","165,763.94"
22-Mar-21,Cash,0,"23,680.56","142,083.38"
22-Mar-21,Bill,33.8,0,"142,117.18"
22-Mar-21,Purchase,0,"71,058.59","71,058.59"
22-Mar-21,Miscellaneous,"1,918.56",0,"72,977.15"
22-Mar-21,Miscellaneous,0,"24,325.72","48,651.43"
22-Mar-21,Cheque,0,"5,405.71","43,245.72"
22-Mar-21,Transfer,0,"10,811.43","32,434.29"
22-Mar-21,Debit Card,21.9,0,"32,456.19"
22-Mar-21,RTGS,0,"32,456.19",0
22-Mar-21,Miscellaneous,"20,441.10",0,"20,441.10"
22-Mar-21,Bill,391,0,"20,832.10"
22-Mar-21,Cheque,503.79,0,"21,335.89"
22-Mar-21,Transfer,388.69,0,"21,724.58"
22-Mar-21,IMPS,0,"3,103.51","18,621.07"
22-Mar-21,Interest,"20,404.55",0,"39,025.62"
22-Mar-21,Bill,0,"13,008.54","26,017.08"
22-Mar-21,Commission,341.92,0,"26,359.00"
22-Mar-21,Bill,0,"8,786.33","17,572.67"
22-Mar-21,Debit Card,"1,607,982.00",0,"1,625,554.67"
22-Mar-21,Cheque,0,"812,777.34","812,777.34"
22-Mar-21,Cheque,0,"203,194.34","609,583.00"
23-Mar-21,Debit Card,5.1,0,"609,588.10"
23-Mar-21,Transfer,8,0,"609,596.10"
23-Mar-21,Cheque,0,"76,199.51","533,396.59"
23-Mar-21,Tax,1.9,0,"533,398.49"
23-Mar-21,IMPS,"238,642.28",0,"772,040.77"
23-Mar-21,Reversal,"1,457.10",0,"773,497.87"
23-Mar-21,RTGS,3.38,0,"773,501.25"
23-Mar-21,ATM,0,"110,500.18","663,001.07"
23-Mar-21,Interest,0,"663,001.07",0
23-Mar-21,Transfer,635.53,0,635.53
23-Mar-21,Tax,"5,618.00",0,"6,253.53"
23-Mar-21,Reversal,0,625.35,"5,628.18"
23-Mar-21,Cheque,0,804.03,"4,824.15"
23-Mar-21,Reversal,0,482.42,"4,341.73"
23-Mar-21,Cheque,0,868.35,"3,473.38"
23-Mar-21,Tax,0,868.35,"2,605.04"
23-Mar-21,Commission,0,651.26,"1,953.78"
23-Mar-21,RTGS,0,651.26,"1,302.52"
23-Mar-21,Interest,0,186.07,"1,116.45"
23-Mar-21,NEFT,"4,518.80",0,"5,635.25"
23-Mar-21,Miscellaneous,0,"1,127.05","4,508.20"
23-Mar-21,NEFT,13.8,0,"4,522.00"
23-Mar-21,Reversal,0,"1,130.50","3,391.50"
23-Mar-21,Cheque,0,847.88,"2,543.62"
23-Mar-21,Debit Card,180,0,"2,723.62"
23-Mar-21,ATM,0,389.09,"2,334.53"
23-Mar-21,Transfer,"226,542.00",0,"228,876.53"
23-Mar-21,Transfer,0,"114,438.27","114,438.26"
23-Mar-21,RTGS,0,"12,715.36","101,722.90"
23-Mar-21,Bill,37.25,0,"101,760.15"
23-Mar-21,Cheque,0,"101,760.15",0
23-Mar-21,Cheque,56,0,56
23-Mar-21,Interest,0.37,0,56.37
23-Mar-21,NEFT,"1,687,217.00",0,"1,687,273.37"
24-Mar-21,IMPS,0,"281,212.23","1,406,061.14"
24-Mar-21,Purchase,"71,660.30",0,"1,477,721.44"
24-Mar-21,NEFT,0,"295,544.29","1,182,177.15"
24-Mar-21,Purchase,0,"168,882.45","1,013,294.70"
24-Mar-21,ATM,"8,377.00",0,"1,021,671.70"
24-Mar-21,Commission,256.44,0,"1,021,928.14"
24-Mar-21,Cheque,"182,482.00",0,"1,204,410.14"
24-Mar-21,Debit Card,"16,483.60",0,"1,220,893.74"
24-Mar-21,Commission,"28,786.00",0,"1,249,679.74"
24-Mar-21,Purchase,"98,247.06",0,"1,347,926.80"
24-Mar-21,Cash,0,"1,347,926.80",0
24-Mar-21,Debit Card,246,0,246
24-Mar-21,Cheque,4.19,0,250.19
24-Mar-21,Purchase,469.1,0,719.29
24-Mar-21,Bill,"26,684.80",0,"27,404.09"
24-Mar-21,IMPS,0,"3,044.90","24,359.19"
24-Mar-21,Commission,401.4,0,"24,760.59"
24-Mar-21,Miscellaneous,"222,577.81",0,"247,338.40"
24-Mar-21,Transfer,"28,285.80",0,"275,624.20"
24-Mar-21,Bill,"3,842.00",0,"279,466.20"
24-Mar-21,Tax,"3,433.41",0,"282,899.61"
24-Mar-21,Commission,0,"141,449.81","141,449.80"
24-Mar-21,Debit Card,0,"70,724.90","70,724.90"
24-Mar-21,Tax,0,"70,724.90",0
24-Mar-21,Cheque,"3,309.80",0,"3,309.80"
24-Mar-21,Commission,2.4,0,"3,312.20"
24-Mar-21,Purchase,"8,271.40",0,"11,583.60"
24-Mar-21,Cash,"16,923.47",0,"28,507.07"
25-Mar-21,NEFT,"1,636.00",0,"30,143.07"
25-Mar-21,RTGS,2.28,0,"30,145.35"
25-Mar-21,Commission,0,"3,768.17","26,377.18"
25-Mar-21,IMPS,0,"3,768.17","22,609.01"
25-Mar-21,Cash,"27,291.20",0,"49,900.21"
25-Mar-21,Tax,301.11,0,"50,201.32"
25-Mar-21,Interest,6.9,0,"50,208.22"
25-Mar-21,NEFT,"221,818.50",0,"272,026.72"
25-Mar-21,Cash,"21,509.00",0,"293,535.72"
25-Mar-21,RTGS,0,"29,353.57","264,182.15"
25-Mar-21,Miscellaneous,0,"29,353.57","234,828.58"
25-Mar-21,Tax,0,"39,138.10","195,690.48"
25-Mar-21,Miscellaneous,0,"65,230.16","130,460.32"
26-Mar-21,Debit Card,"213,330.00",0,"343,790.32"
26-Mar-21,RTGS,289.8,0,"344,080.12"
26-Mar-21,ATM,268.46,0,"344,348.58"
26-Mar-21,Interest,0,"86,087.15","258,261.44"
26-Mar-21,Debit Card,0,"28,695.72","229,565.72"
26-Mar-21,Debit Card,0,"22,956.57","206,609.15"
26-Mar-21,ATM,0,"29,515.59","177,093.56"
26-Mar-21,Cheque,"1,530.00",0,"178,623.56"
26-Mar-21,ATM,"1,369.00",0,"179,992.56"
26-Mar-21,Transfer,4.11,0,"179,996.67"
26-Mar-21,Cash,112.1,0,"180,108.77"
26-Mar-21,IMPS,0,"45,027.19","135,081.58"
26-Mar-21,Cheque,"1,871,105.50",0,"2,006,187.08"
26-Mar-21,Debit Card,0,"222,909.68","1,783,277.40"
26-Mar-21,Miscellaneous,0,"445,819.35","1,337,458.05"
26-Mar-21,RTGS,0,"167,182.26","1,170,275.79"
26-Mar-21,Miscellaneous,0,"146,284.47","1,023,991.32"
26-Mar-21,Interest,0.7,0,"1,023,992.02"
26-Mar-21,IMPS,0,"113,776.89","910,215.13"
26-Mar-21,Purchase,0,"101,135.01","809,080.12"
26-Mar-21,Transfer,194.88,0,"809,275.00"
26-Mar-21,Cheque,"2,087.80",0,"811,362.80"
26-Mar-21,Commission,899,0,"812,261.80"
26-Mar-21,Transfer,"10,291.60",0,"822,553.40"
26-Mar-21,Commission,0,"82,255.34","740,298.06"
26-Mar-21,RTGS,0,"74,029.81","666,268.25"
26-Mar-21,Commission,"18,978.69",0,"685,246.94"
26-Mar-21,Interest,0,"171,311.74","513,935.20"
26-Mar-21,Miscellaneous,6.2,0,"513,941.40"
26-Mar-21,ATM,"487,869.00",0,"1,001,810.40"
26-Mar-21,IMPS,0,"100,181.04","901,629.36"
26-Mar-21,Reversal,0,"901,629.36",0
26-Mar-21,RTGS,"253,917.06",0,"253,917.06"
26-Mar-21,Transfer,0,"25,391.71","228,525.35"
26-Mar-21,Interest,0,"25,391.71","203,133.64"
26-Mar-21,Interest,38.26,0,"203,171.90"
26-Mar-21,IMPS,406.7,0,"203,578.60"
26-Mar-21,ATM,0,"33,929.77","169,648.83"
26-Mar-21,Transfer,0,"24,235.55","145,413.28"
26-Mar-21,IMPS,"1,015.50",0,"146,428.78"
26-Mar-21,Reversal,0,"48,809.59","97,619.19"
26-Mar-21,Bill,0,"48,809.60","48,809.60"
26-Mar-21,IMPS,2.2,0,"48,811.80"
26-Mar-21,Purchase,"968,964.00",0,"1,017,775.80"
26-Mar-21,Purchase,220.5,0,"1,017,996.30"
26-Mar-21,Reversal,515,0,"1,018,511.30"
26-Mar-21,Tax,4.52,0,"1,018,515.82"
26-Mar-21,Cheque,0,"169,752.64","848,763.18"
26-Mar-21,Debit Card,"9,792.32",0,"858,555.50"
26-Mar-21,Commission,536.5,0,"859,092.00"
26-Mar-21,Debit Card,0,"95,454.67","763,637.33"
26-Mar-21,RTGS,0,"381,818.67","381,818.66"
26-Mar-21,RTGS,"238,701.94",0,"620,520.60"
26-Mar-21,ATM,0,"620,520.60",0
26-Mar-21,Purchase,"8,984.90",0,"8,984.90"
26-Mar-21,Transfer,0,"1,123.11","7,861.79"
26-Mar-21,Interest,0,"7,861.79",0
26-Mar-21,Debit Card,"812,018.00",0,"812,018.00"
26-Mar-21,Reversal,0,"116,002.57","696,015.43"
26-Mar-21,Transfer,10,0,"696,025.43"
26-Mar-21,Cheque,0,"87,003.18","609,022.25"
26-Mar-21,Bill,"159,850.70",0,"768,872.95"
26-Mar-21,Reversal,"146,894.00",0,"915,766.95"
26-Mar-21,NEFT,0,"91,576.70","824,190.26"
26-Mar-21,NEFT,0,"137,365.04","686,825.22"
26-Mar-21,Tax,6.72,0,"686,831.94"
26-Mar-21,Purchase,"39,327.20",0,"726,159.14"
26-Mar-21,Reversal,0,"363,079.57","363,079.57"
26-Mar-21,Interest,"2,346.60",0,"365,426.17"
26-Mar-21,Bill,"67,903.41",0,"433,329.58"
26-Mar-21,IMPS,"978,213.00",0,"1,411,542.58"
26-Mar-21,NEFT,0,"282,308.52","1,129,234.06"
26-Mar-21,Tax,16.9,0,"1,129,250.96"
26-Mar-21,Bill,0,"161,321.57","967,929.39"
26-Mar-21,NEFT,0,"967,929.39",0
26-Mar-21,Cheque,0.5,0,0.5
26-Mar-21,Transfer,0,0.1,0.4
26-Mar-21,Transfer,398.7,0,399.1
27-Mar-21,Interest,0,133.03,266.07
27-Mar-21,Purchase,0,29.56,236.51
27-Mar-21,Debit Card,5.47,0,241.98
27-Mar-21,IMPS,541.82,0,783.8
27-Mar-21,Bill,0,391.9,391.9
27-Mar-21,Miscellaneous,0,195.95,195.95
27-Mar-21,Bill,0,27.99,167.96
27-Mar-21,Transfer,739.39,0,907.35
27-Mar-21,ATM,"146,882.12",0,"147,789.47"
27-Mar-21,Cheque,0,"14,778.95","133,010.52"
27-Mar-21,Debit Card,0,"16,626.32","116,384.20"
27-Mar-21,Bill,"260,881.00",0,"377,265.20"
28-Mar-21,NEFT,6.17,0,"377,271.37"
28-Mar-21,Miscellaneous,0,"47,158.92","330,112.45"
28-Mar-21,Bill,271.27,0,"330,383.72"
28-Mar-21,Commission,0,"41,297.97","289,085.76"
28-Mar-21,Debit Card,"22,024.88",0,"311,110.64"
28-Mar-21,Transfer,0,"34,567.85","276,542.79"
28-Mar-21,ATM,27.25,0,"276,570.04"
28-Mar-21,IMPS,"212,976.20",0,"489,546.24"
28-Mar-21,NEFT,0,"163,182.08","326,364.16"
28-Mar-21,Commission,5.53,0,"326,369.69"
28-Mar-21,NEFT,0,"32,636.97","293,732.72"
28-Mar-21,Transfer,0,"29,373.27","264,359.45"
28-Mar-21,Cheque,0,"29,373.27","234,986.18"
28-Mar-21,Bill,0,"29,373.27","205,612.91"
29-Mar-21,Cash,0,"68,537.64","137,075.27"
29-Mar-21,Interest,301,0,"137,376.27"
29-Mar-21,Reversal,921.89,0,"138,298.16"
29-Mar-21,Tax,0,"15,366.46","122,931.70"
29-Mar-21,ATM,383,0,"123,314.70"
29-Mar-21,RTGS,0,"20,552.45","102,762.25"
29-Mar-21,Reversal,"9,825.00",0,"112,587.25"
29-Mar-21,Tax,0,"22,517.45","90,069.80"
29-Mar-21,Interest,5.27,0,"90,075.07"
30-Mar-21,NEFT,0,"10,008.34","80,066.73"
30-Mar-21,Cash,0,"11,438.10","68,628.63"
30-Mar-21,Bill,0,"13,725.73","54,902.90"
30-Mar-21,Debit Card,0,"18,300.97","36,601.93"
31-Mar-21,ATM,0,"6,100.32","30,501.61"
31-Mar-21,Bill,0,"3,389.07","27,112.54"
1-Apr-21,Transfer,0,"4,518.76","22,593.78"
1-Apr-21,Commission,0,"3,227.68","19,366.10"
2-Apr-21,Bill,0,"3,873.22","15,492.88"
3-Apr-21,Interest,"1,529,652.00",0,"1,545,144.88"
3-Apr-21,NEFT,"30,583.00",0,"1,575,727.88"
3-Apr-21,Debit Card,0,"157,572.79","1,418,155.09"
3-Apr-21,Bill,0,"354,538.77","1,063,616.32"
3-Apr-21,Interest,2,0,"1,063,618.32"
3-Apr-21,Interest,21,0,"1,063,639.32"
3-Apr-21,Debit Card,1.82,0,"1,063,641.14"
3-Apr-21,Tax,0,"212,728.23","850,912.91"
3-Apr-21,Commission,0,"94,545.88","756,367.03"
3-Apr-21,Cash,63.8,0,"756,430.83"
3-Apr-21,Purchase,35.7,0,"756,466.53"
3-Apr-21,ATM,"8,932.68",0,"765,399.21"
3-Apr-21,Commission,0,"109,342.74","656,056.47"
4-Apr-21,ATM,"252,327.00",0,"908,383.47"
4-Apr-21,Interest,0,"100,931.50","807,451.97"
4-Apr-21,Interest,0,"89,716.89","717,735.08"
4-Apr-21,Reversal,"164,500.00",0,"882,235.08"
4-Apr-21,Transfer,0,"147,039.18","735,195.90"
4-Apr-21,Reversal,0,"735,195.90",0
4-Apr-21,Commission,"5,817.00",0,"5,817.00"
4-Apr-21,Interest,2.9,0,"5,819.90"
4-Apr-21,ATM,0,"5,819.90",0
4-Apr-21,Tax,62,0,62
4-Apr-21,ATM,"2,330.53",0,"2,392.53"
4-Apr-21,IMPS,"13,218.75",0,"15,611.28"
4-Apr-21,IMPS,0,"1,561.13","14,050.15"
4-Apr-21,Reversal,"1,274,743.50",0,"1,288,793.65"
4-Apr-21,Purchase,3.73,0,"1,288,797.38"
4-Apr-21,RTGS,"27,095.00",0,"1,315,892.38"
4-Apr-21,RTGS,0,"263,178.48","1,052,713.90"
4-Apr-21,RTGS,37.5,0,"1,052,751.40"
4-Apr-21,Commission,0,"150,393.06","902,358.34"
4-Apr-21,Transfer,"551,948.00",0,"1,454,306.34"
4-Apr-21,Reversal,0,"290,861.27","1,163,445.07"
4-Apr-21,Bill,6,0,"1,163,451.07"
4-Apr-21,Interest,724,0,"1,164,175.07"
4-Apr-21,Purchase,7.11,0,"1,164,182.18"
4-Apr-21,ATM,0,"388,060.73","776,121.45"
4-Apr-21,Interest,0,"97,015.18","679,106.27"
4-Apr-21,RTGS,39.92,0,"679,146.19"
4-Apr-21,Reversal,0,"97,020.88","582,125.31"
4-Apr-21,Cash,"26,391.00",0,"608,516.31"
4-Apr-21,Cash,0,"202,838.77","405,677.54"
4-Apr-21,Miscellaneous,0,"405,677.54",0
4-Apr-21,RTGS,"1,226,925.00",0,"1,226,925.00"
4-Apr-21,Commission,0,"153,365.63","1,073,559.38"
4-Apr-21,Cash,"1,698,206.50",0,"2,771,765.88"
4-Apr-21,Cash,0,"2,771,765.88",0
4-Apr-21,Cheque,"2,055,544.00",0,"2,055,544.00"
4-Apr-21,Miscellaneous,0,"2,055,544.00",0
4-Apr-21,Interest,226.9,0,226.9
4-Apr-21,Miscellaneous,0,45.38,181.52
4-Apr-21,Cheque,13.47,0,194.99
4-Apr-21,Reversal,4,0,198.99
4-Apr-21,Tax,0,49.75,149.24
4-Apr-21,Transfer,196.71,0,345.95
4-Apr-21,Debit Card,0,345.95,0
4-Apr-21,Interest,"542,570.00",0,"542,570.00"
4-Apr-21,RTGS,0,"135,642.50","406,927.50"
4-Apr-21,Reversal,20.8,0,"406,948.30"
4-Apr-21,Bill,2,0,"406,950.30"
4-Apr-21,NEFT,"10,637.00",0,"417,587.30"
4-Apr-21,Miscellaneous,"673,738.50",0,"1,091,325.80"
4-Apr-21,Cheque,0,"545,662.90","545,662.90"
4-Apr-21,Reversal,"256,228.00",0,"801,890.90"
4-Apr-21,IMPS,0,"80,189.09","721,701.81"
4-Apr-21,Tax,0,"90,212.73","631,489.08"
4-Apr-21,Transfer,0,"631,489.08",0
4-Apr-21,ATM,"175,289.90",0,"175,289.90"
4-Apr-21,ATM,0,"43,822.48","131,467.42"
4-Apr-21,Commission,"191,380.10",0,"322,847.52"
4-Apr-21,Cash,24.6,0,"322,872.12"
4-Apr-21,Debit Card,0,"53,812.02","269,060.10"
4-Apr-21,RTGS,0,"29,895.57","239,164.53"
4-Apr-21,Purchase,0,"29,895.57","209,268.96"
4-Apr-21,Miscellaneous,"32,545.00",0,"241,813.96"
5-Apr-21,Tax,3,0,"241,816.96"
5-Apr-21,Cheque,"222,509.10",0,"464,326.06"
5-Apr-21,NEFT,0,"46,432.61","417,893.45"
5-Apr-21,Cash,0,"417,893.45",0
5-Apr-21,ATM,0,0,0
5-Apr-21,Debit Card,56.8,0,56.8
5-Apr-21,Tax,"151,842.19",0,"151,898.99"
5-Apr-21,Purchase,0,"151,898.99",0
5-Apr-21,Interest,"1,272,251.00",0,"1,272,251.00"
5-Apr-21,Cash,"111,878.00",0,"1,384,129.00"
5-Apr-21,Purchase,40.39,0,"1,384,169.39"
5-Apr-21,IMPS,"23,512.00",0,"1,407,681.39"
6-Apr-21,Bill,"15,659.09",0,"1,423,340.48"
6-Apr-21,Tax,1.9,0,"1,423,342.38"
7-Apr-21,Commission,0,"355,835.60","1,067,506.78"
7-Apr-21,Commission,0,"533,753.39","533,753.39"
7-Apr-21,Bill,0,"533,753.39",0
7-Apr-21,ATM,"1,882,484.80",0,"1,882,484.80"
7-Apr-21,Reversal,0,"313,747.47","1,568,737.33"
7-Apr-21,Transfer,"1,850,090.25",0,"3,418,827.58"
7-Apr-21,Transfer,230.87,0,"3,419,058.45"
7-Apr-21,RTGS,0,"854,764.61","2,564,293.84"
7-Apr-21,Cheque,0,"427,382.31","2,136,911.53"
7-Apr-21,Cheque,0,"356,151.92","1,780,759.61"
7-Apr-21,Purchase,0,"445,189.90","1,335,569.71"
7-Apr-21,Purchase,"10,997.00",0,"1,346,566.71"
7-Apr-21,Cheque,59.51,0,"1,346,626.22"
7-Apr-21,IMPS,"125,258.03",0,"1,471,884.25"
7-Apr-21,Cash,0,"735,942.13","735,942.12"
7-Apr-21,Cash,"246,017.72",0,"981,959.84"
7-Apr-21,Tax,"1,801,171.50",0,"2,783,131.34"
7-Apr-21,Transfer,445,0,"2,783,576.34"
7-Apr-21,ATM,0,"397,653.76","2,385,922.58"
7-Apr-21,Commission,33.2,0,"2,385,955.78"
7-Apr-21,Cheque,1.49,0,"2,385,957.27"
7-Apr-21,Purchase,5.1,0,"2,385,962.37"
7-Apr-21,Transfer,"17,565.00",0,"2,403,527.37"
7-Apr-21,Cash,0,"240,352.74","2,163,174.63"
7-Apr-21,NEFT,0,"540,793.66","1,622,380.97"
7-Apr-21,IMPS,"1,589,017.00",0,"3,211,397.97"
7-Apr-21,RTGS,"77,810.40",0,"3,289,208.37"
7-Apr-21,Bill,5.28,0,"3,289,213.65"
7-Apr-21,Miscellaneous,"1,925.00",0,"3,291,138.65"
7-Apr-21,Transfer,0,"411,392.33","2,879,746.32"
7-Apr-21,Cash,94.81,0,"2,879,841.13"
7-Apr-21,Commission,0,"479,973.52","2,399,867.61"
8-Apr-21,Purchase,"7,086.00",0,"2,406,953.61"
8-Apr-21,Debit Card,"1,078.37",0,"2,408,031.98"
8-Apr-21,Cash,0,"301,004.00","2,107,027.98"
8-Apr-21,Miscellaneous,0,"210,702.80","1,896,325.18"
8-Apr-21,Debit Card,"32,911.31",0,"1,929,236.49"
8-Apr-21,Purchase,29.93,0,"1,929,266.42"
8-Apr-21,ATM,"3,341.29",0,"1,932,607.71"
8-Apr-21,Cheque,18.5,0,"1,932,626.21"
8-Apr-21,Bill,0,"193,262.62","1,739,363.59"
8-Apr-21,Commission,0,"248,480.51","1,490,883.08"
8-Apr-21,IMPS,0,"186,360.39","1,304,522.70"
8-Apr-21,Commission,"32,533.29",0,"1,337,055.99"
8-Apr-21,IMPS,0,"1,337,055.99",0
8-Apr-21,Miscellaneous,"21,444.00",0,"21,444.00"
8-Apr-21,Cash,"86,977.25",0,"108,421.25"
8-Apr-21,Miscellaneous,6.1,0,"108,427.35"
8-Apr-21,Tax,15.7,0,"108,443.05"
8-Apr-21,Commission,"110,321.41",0,"218,764.46"
8-Apr-21,Reversal,211,0,"218,975.46"
8-Apr-21,Interest,0,"109,487.73","109,487.73"
8-Apr-21,Cash,0,"13,685.97","95,801.76"
8-Apr-21,Purchase,233,0,"96,034.76"
8-Apr-21,NEFT,122.5,0,"96,157.26"
8-Apr-21,RTGS,0,"9,615.73","86,541.53"
8-Apr-21,IMPS,0,"43,270.77","43,270.76"
8-Apr-21,Cheque,"90,774.16",0,"134,044.92"
8-Apr-21,Miscellaneous,0,"134,044.92",0
8-Apr-21,ATM,"30,433.00",0,"30,433.00"
8-Apr-21,Tax,5.2,0,"30,438.20"
8-Apr-21,Interest,0,"10,146.07","20,292.13"
8-Apr-21,IMPS,0,"4,058.43","16,233.70"
8-Apr-21,Miscellaneous,0,"16,233.70",0
8-Apr-21,Cash,"3,228.42",0,"3,228.42"
9-Apr-21,Tax,0,645.68,"2,582.74"
9-Apr-21,Bill,0,"1,291.37","1,291.37"
9-Apr-21,ATM,0,430.46,860.91
9-Apr-21,IMPS,0,122.99,737.92
9-Apr-21,NEFT,0,105.42,632.5
9-Apr-21,ATM,"4,926.00",0,"5,558.50"
9-Apr-21,Commission,0,926.42,"4,632.08"
10-Apr-21,Miscellaneous,0,579.01,"4,053.07"
10-Apr-21,Commission,0,405.31,"3,647.76"
11-Apr-21,ATM,"1,098,583.00",0,"1,102,230.76"
11-Apr-21,Reversal,0,"1,102,230.76",0
11-Apr-21,ATM,"256,053.10",0,"256,053.10"
11-Apr-21,Transfer,"2,719.75",0,"258,772.85"
11-Apr-21,Miscellaneous,0,"32,346.61","226,426.24"
11-Apr-21,Reversal,"2,985.00",0,"229,411.24"
11-Apr-21,ATM,"1,447,556.00",0,"1,676,967.24"
11-Apr-21,ATM,0,"419,241.81","1,257,725.43"
11-Apr-21,Cash,1.9,0,"1,257,727.33"
11-Apr-21,Bill,"3,247.80",0,"1,260,975.13"
11-Apr-21,ATM,"222,815.81",0,"1,483,790.94"
11-Apr-21,ATM,"76,204.78",0,"1,559,995.72"
11-Apr-21,Interest,57,0,"1,560,052.72"
11-Apr-21,Debit Card,0,"222,864.67","1,337,188.05"
11-Apr-21,Tax,"2,593.55",0,"1,339,781.60"
11-Apr-21,Bill,0,"223,296.93","1,116,484.67"
11-Apr-21,Miscellaneous,35.78,0,"1,116,520.45"
11-Apr-21,Miscellaneous,503.78,0,"1,117,024.23"
11-Apr-21,RTGS,0,"111,702.42","1,005,321.81"
11-Apr-21,IMPS,61.8,0,"1,005,383.61"
11-Apr-21,Debit Card,0,"167,563.94","837,819.68"
11-Apr-21,Commission,"14,063.15",0,"851,882.83"
11-Apr-21,NEFT,"3,255.00",0,"855,137.83"
11-Apr-21,Cheque,0,"171,027.57","684,110.26"
11-Apr-21,Cheque,0,"684,110.26",0
11-Apr-21,Reversal,"120,184.00",0,"120,184.00"
11-Apr-21,IMPS,2.8,0,"120,186.80"
11-Apr-21,Transfer,"682,162.20",0,"802,349.00"
11-Apr-21,Interest,0,"89,149.89","713,199.11"
11-Apr-21,RTGS,0,"79,244.35","633,954.76"
11-Apr-21,Miscellaneous,0,"90,564.97","543,389.79"
11-Apr-21,Transfer,0,"181,129.93","362,259.86"
11-Apr-21,Transfer,0,"72,451.97","289,807.89"
11-Apr-21,RTGS,"609,666.75",0,"899,474.64"
11-Apr-21,Bill,165.9,0,"899,640.54"
11-Apr-21,NEFT,16,0,"899,656.54"
11-Apr-21,Tax,658,0,"900,314.54"
11-Apr-21,Reversal,0,"128,616.36","771,698.18"
11-Apr-21,Transfer,0,"77,169.82","694,528.36"
11-Apr-21,Reversal,"1,164,987.25",0,"1,859,515.61"
11-Apr-21,RTGS,0,"185,951.56","1,673,564.05"
11-Apr-21,ATM,0,"185,951.56","1,487,612.49"
11-Apr-21,Debit Card,485,0,"1,488,097.49"
11-Apr-21,NEFT,"1,879,550.20",0,"3,367,647.69"
12-Apr-21,Debit Card,"64,566.00",0,"3,432,213.69"
12-Apr-21,Transfer,0,"429,026.71","3,003,186.98"
12-Apr-21,Transfer,0,"429,026.71","2,574,160.27"
12-Apr-21,Bill,"3,807.52",0,"2,577,967.79"
12-Apr-21,ATM,40,0,"2,578,007.79"
12-Apr-21,Bill,0,"429,667.97","2,148,339.83"
12-Apr-21,Cheque,0,"2,148,339.83",0
12-Apr-21,Cash,"165,388.53",0,"165,388.53"
12-Apr-21,Purchase,0,"16,538.85","148,849.68"
12-Apr-21,ATM,216,0,"149,065.68"
12-Apr-21,Interest,0,"14,906.57","134,159.11"
12-Apr-21,Debit Card,"30,606.00",0,"164,765.11"
12-Apr-21,RTGS,"5,939.27",0,"170,704.38"
12-Apr-21,Bill,"13,959.00",0,"184,663.38"
12-Apr-21,Reversal,0,"18,466.34","166,197.04"
12-Apr-21,Purchase,"25,513.30",0,"191,710.34"
12-Apr-21,Tax,0,"31,951.72","159,758.62"
12-Apr-21,Reversal,0.78,0,"159,759.40"
12-Apr-21,NEFT,0,"31,951.88","127,807.52"
12-Apr-21,Transfer,0,"42,602.51","85,205.01"
12-Apr-21,RTGS,0,"21,301.25","63,903.76"
13-Apr-21,IMPS,"113,075.30",0,"176,979.06"
13-Apr-21,ATM,0,"19,664.34","157,314.72"
13-Apr-21,Cash,746.34,0,"158,061.06"
13-Apr-21,RTGS,0,"39,515.27","118,545.80"
13-Apr-21,Commission,0,"39,515.27","79,030.53"
13-Apr-21,Reversal,49,0,"79,079.53"
13-Apr-21,Bill,40.8,0,"79,120.33"
14-Apr-21,Reversal,0,"39,560.17","39,560.16"
14-Apr-21,NEFT,0,"3,956.02","35,604.14"
14-Apr-21,Miscellaneous,0,"11,868.05","23,736.09"
14-Apr-21,Cash,91.3,0,"23,827.39"
14-Apr-21,ATM,0,"23,827.39",0
14-Apr-21,Transfer,"4,063.81",0,"4,063.81"
14-Apr-21,Cheque,"29,639.15",0,"33,702.96"
14-Apr-21,Commission,6.4,0,"33,709.36"
14-Apr-21,Purchase,"4,083.50",0,"37,792.86"
14-Apr-21,Reversal,3.62,0,"37,796.48"
14-Apr-21,NEFT,"24,046.10",0,"61,842.58"
14-Apr-21,Reversal,139.94,0,"61,982.52"
14-Apr-21,IMPS,0,"10,330.42","51,652.10"
14-Apr-21,Commission,"26,007.90",0,"77,660.00"
14-Apr-21,Tax,"233,695.50",0,"311,355.50"
14-Apr-21,Tax,0,"38,919.44","272,436.06"
14-Apr-21,Bill,0,"68,109.02","204,327.04"
14-Apr-21,ATM,"1,818,604.80",0,"2,022,931.84"
14-Apr-21,Tax,0,"2,022,931.84",0
14-Apr-21,Purchase,6,0,6
14-Apr-21,Bill,0,3,3
14-Apr-21,Bill,"2,955.20",0,"2,958.20"
14-Apr-21,Tax,55.1,0,"3,013.30"
14-Apr-21,Purchase,"207,209.00",0,"210,222.30"
14-Apr-21,IMPS,"3,684.00",0,"213,906.30"
14-Apr-21,NEFT,0,"71,302.10","142,604.20"
14-Apr-21,Tax,0,"28,520.84","114,083.36"
14-Apr-21,IMPS,0,"57,041.68","57,041.68"
14-Apr-21,Miscellaneous,165,0,"57,206.68"
14-Apr-21,NEFT,0,"8,172.38","49,034.30"
14-Apr-21,RTGS,0,"5,448.26","43,586.04"
14-Apr-21,Cheque,203,0,"43,789.04"
14-Apr-21,Cash,0,"4,865.45","38,923.59"
14-Apr-21,Purchase,7,0,"38,930.59"
14-Apr-21,IMPS,"241,158.50",0,"280,089.09"
14-Apr-21,RTGS,214.4,0,"280,303.49"
14-Apr-21,Tax,0,"280,303.49",0
14-Apr-21,Commission,"1,631.50",0,"1,631.50"
14-Apr-21,Purchase,0,815.75,815.75
14-Apr-21,Miscellaneous,0,203.94,611.81
14-Apr-21,Bill,0,122.36,489.45
14-Apr-21,Purchase,0,122.36,367.09
14-Apr-21,Commission,0,45.89,321.2
15-Apr-21,IMPS,"219,058.50",0,"219,379.70"
15-Apr-21,ATM,"136,150.00",0,"355,529.70"
15-Apr-21,Cash,0,"118,509.90","237,019.80"
15-Apr-21,Interest,0,"23,701.98","213,317.82"
15-Apr-21,IMPS,0,"30,473.97","182,843.85"
15-Apr-21,Debit Card,77.3,0,"182,921.15"
15-Apr-21,IMPS,"17,432.10",0,"200,353.25"
15-Apr-21,Cash,0,"66,784.42","133,568.83"
15-Apr-21,Commission,319,0,"133,887.83"
15-Apr-21,IMPS,123.17,0,"134,011.00"
15-Apr-21,Bill,0,"16,751.38","117,259.62"
15-Apr-21,Transfer,"1,357,261.50",0,"1,474,521.12"
15-Apr-21,Purchase,0,"245,753.52","1,228,767.60"
15-Apr-21,IMPS,0,"136,529.73","1,092,237.87"
15-Apr-21,Miscellaneous,0,"218,447.57","873,790.30"
15-Apr-21,Miscellaneous,0,"124,827.19","748,963.11"
15-Apr-21,Bill,0,"748,963.11",0
15-Apr-21,Miscellaneous,"4,092.00",0,"4,092.00"
15-Apr-21,Debit Card,0,818.4,"3,273.60"
15-Apr-21,Tax,"17,788.40",0,"21,062.00"
15-Apr-21,Cheque,0,"3,510.33","17,551.67"
15-Apr-21,Interest,4.7,0,"17,556.37"
15-Apr-21,Interest,0,"3,511.27","14,045.10"
15-Apr-21,ATM,2.7,0,"14,047.80"
15-Apr-21,Debit Card,53,0,"14,100.80"
15-Apr-21,IMPS,0,"14,100.80",0
15-Apr-21,Debit Card,"1,495.00",0,"1,495.00"
15-Apr-21,IMPS,"5,377.90",0,"6,872.90"
15-Apr-21,Reversal,0,"1,145.48","5,727.42"
15-Apr-21,NEFT,"160,084.00",0,"165,811.42"
15-Apr-21,Cash,0,"165,811.42",0
15-Apr-21,Cash,466,0,466
15-Apr-21,Tax,0,51.78,414.22
15-Apr-21,Transfer,95.42,0,509.64
15-Apr-21,Interest,0,72.81,436.83
15-Apr-21,Interest,0,218.42,218.42
15-Apr-21,Reversal,0,54.61,163.82
15-Apr-21,Miscellaneous,0,32.76,131.06
15-Apr-21,Commission,0,65.53,65.53
15-Apr-21,Transfer,"457,354.00",0,"457,419.53"
15-Apr-21,Cheque,"206,178.00",0,"663,597.53"
15-Apr-21,Tax,0,"82,949.69","580,647.84"
15-Apr-21,RTGS,"3,450.30",0,"584,098.14"
15-Apr-21,Reversal,0,"97,349.69","486,748.45"
15-Apr-21,Purchase,0,"162,249.48","324,498.97"
15-Apr-21,NEFT,8,0,"324,506.97"
15-Apr-21,Cheque,6.56,0,"324,513.53"
15-Apr-21,Bill,"1,519.70",0,"326,033.23"
15-Apr-21,Debit Card,0,"65,206.65","260,826.58"
15-Apr-21,ATM,"254,435.00",0,"515,261.58"
15-Apr-21,Debit Card,0,"85,876.93","429,384.65"
15-Apr-21,Debit Card,0,"429,384.65",0
15-Apr-21,Cash,"30,996.43",0,"30,996.43"
15-Apr-21,Tax,0,"15,498.22","15,498.22"
15-Apr-21,Tax,22,0,"15,520.22"
15-Apr-21,Debit Card,371.2,0,"15,891.42"
15-Apr-21,Debit Card,0,"15,891.42",0
15-Apr-21,Transfer,"1,389,840.00",0,"1,389,840.00"
15-Apr-21,Interest,396.3,0,"1,390,236.30"
16-Apr-21,Cheque,5.3,0,"1,390,241.60"
16-Apr-21,ATM,"7,112.16",0,"1,397,353.76"
16-Apr-21,Debit Card,183.53,0,"1,397,537.29"
16-Apr-21,Debit Card,154.56,0,"1,397,691.85"
16-Apr-21,Commission,0,"155,299.09","1,242,392.76"
16-Apr-21,Bill,"28,587.10",0,"1,270,979.86"
16-Apr-21,Cash,"1,458,566.00",0,"2,729,545.86"
16-Apr-21,Purchase,0,"389,935.12","2,339,610.74"
16-Apr-21,IMPS,"2,440.00",0,"2,342,050.74"
16-Apr-21,Debit Card,35.39,0,"2,342,086.13"
16-Apr-21,Interest,"1,520.77",0,"2,343,606.90"
16-Apr-21,IMPS,0,"390,601.15","1,953,005.75"
16-Apr-21,Cheque,5.66,0,"1,953,011.41"
16-Apr-21,Cheque,0,"279,001.63","1,674,009.78"
16-Apr-21,NEFT,0,"558,003.26","1,116,006.52"
16-Apr-21,Transfer,"197,625.00",0,"1,313,631.52"
16-Apr-21,Debit Card,0,"328,407.88","985,223.64"
16-Apr-21,RTGS,402,0,"985,625.64"
16-Apr-21,Commission,0,"985,625.64",0
16-Apr-21,Purchase,6.73,0,6.73
16-Apr-21,RTGS,"9,743.00",0,"9,749.73"
16-Apr-21,Bill,13.7,0,"9,763.43"
16-Apr-21,RTGS,6,0,"9,769.43"
16-Apr-21,Transfer,0,"1,395.63","8,373.80"
16-Apr-21,Tax,0,"1,196.26","7,177.54"
16-Apr-21,Interest,0,"2,392.51","4,785.03"
16-Apr-21,Transfer,0,"1,196.26","3,588.77"
17-Apr-21,Cheque,0,897.19,"2,691.58"
17-Apr-21,Transfer,0,"2,691.58",0
17-Apr-21,IMPS,"1,534,198.00",0,"1,534,198.00"
17-Apr-21,NEFT,"3,143.00",0,"1,537,341.00"
17-Apr-21,Cash,"787,539.80",0,"2,324,880.80"
18-Apr-21,Purchase,"13,501.00",0,"2,338,381.80"
18-Apr-21,Commission,"21,807.00",0,"2,360,188.80"
18-Apr-21,Cheque,3.2,0,"2,360,192.00"
18-Apr-21,RTGS,0,"262,243.56","2,097,948.44"
18-Apr-21,Commission,0,"419,589.69","1,678,358.75"
18-Apr-21,Commission,"151,467.50",0,"1,829,826.25"
18-Apr-21,ATM,"1,402.00",0,"1,831,228.25"
18-Apr-21,Bill,41.65,0,"1,831,269.90"
18-Apr-21,RTGS,0,"183,126.99","1,648,142.91"
18-Apr-21,Commission,356.75,0,"1,648,499.66"
18-Apr-21,ATM,0,"274,749.94","1,373,749.72"
18-Apr-21,Interest,188.5,0,"1,373,938.22"
18-Apr-21,IMPS,0,"274,787.64","1,099,150.58"
18-Apr-21,Bill,0,"274,787.65","824,362.94"
18-Apr-21,Miscellaneous,38.3,0,"824,401.24"
18-Apr-21,Transfer,0,"274,800.41","549,600.83"
18-Apr-21,Purchase,47.22,0,"549,648.05"
18-Apr-21,Miscellaneous,0,"68,706.01","480,942.04"
18-Apr-21,Commission,"1,605,695.00",0,"2,086,637.04"
18-Apr-21,Transfer,0,"2,086,637.04",0
18-Apr-21,NEFT,12,0,12
18-Apr-21,Interest,0,12,0
18-Apr-21,RTGS,487,0,487
18-Apr-21,RTGS,0,81.17,405.83
18-Apr-21,Transfer,0,81.17,324.66
18-Apr-21,Reversal,0,108.22,216.44
18-Apr-21,IMPS,0,21.64,194.8
18-Apr-21,Bill,"51,915.09",0,"52,109.89"
18-Apr-21,RTGS,0,"5,210.99","46,898.90"
18-Apr-21,Cash,363.6,0,"47,262.50"
18-Apr-21,Transfer,0,"47,262.50",0
18-Apr-21,Miscellaneous,"241,005.50",0,"241,005.50"
18-Apr-21,RTGS,0,"120,502.75","120,502.75"
18-Apr-21,Cash,10.76,0,"120,513.51"
18-Apr-21,Commission,"127,365.38",0,"247,878.89"
18-Apr-21,NEFT,0,"61,969.72","185,909.17"
18-Apr-21,Debit Card,0,"46,477.29","139,431.88"
18-Apr-21,Cheque,0,"17,428.99","122,002.90"
18-Apr-21,Cheque,"229,863.00",0,"351,865.90"
18-Apr-21,Tax,"19,757.80",0,"371,623.70"
18-Apr-21,Tax,0,"371,623.70",0
18-Apr-21,Bill,"2,756.50",0,"2,756.50"
18-Apr-21,ATM,"227,452.00",0,"230,208.50"
18-Apr-21,Interest,"1,751.20",0,"231,959.70"
18-Apr-21,Interest,0,"77,319.90","154,639.80"
18-Apr-21,Cash,0,"19,329.98","135,309.82"
18-Apr-21,Cash,"2,187.00",0,"137,496.82"
18-Apr-21,ATM,15,0,"137,511.82"
18-Apr-21,Interest,0,"22,918.64","114,593.18"
18-Apr-21,Interest,0,"11,459.32","103,133.86"
19-Apr-21,Miscellaneous,0,"10,313.39","92,820.47"
19-Apr-21,NEFT,0,"18,564.09","74,256.38"
19-Apr-21,Commission,"209,037.10",0,"283,293.48"
19-Apr-21,IMPS,0,"35,411.69","247,881.80"
19-Apr-21,Miscellaneous,0,"49,576.36","198,305.44"
19-Apr-21,NEFT,"3,673.50",0,"201,978.94"
19-Apr-21,Reversal,"13,061.10",0,"215,040.04"
19-Apr-21,Purchase,304.49,0,"215,344.53"
19-Apr-21,Purchase,0,"30,763.50","184,581.03"
19-Apr-21,ATM,0,"26,368.72","158,212.31"
19-Apr-21,IMPS,"75,960.00",0,"234,172.31"
19-Apr-21,Debit Card,"23,241.00",0,"257,413.31"
19-Apr-21,Miscellaneous,"1,339.80",0,"258,753.11"
19-Apr-21,Miscellaneous,"5,098.10",0,"263,851.21"
19-Apr-21,Tax,0,"37,693.03","226,158.18"
19-Apr-21,Tax,0,"75,386.06","150,772.12"
20-Apr-21,Transfer,187.1,0,"150,959.22"
20-Apr-21,Debit Card,0,"18,869.90","132,089.32"
20-Apr-21,Purchase,0,"33,022.33","99,066.99"
20-Apr-21,Debit Card,0,"49,533.50","49,533.50"
20-Apr-21,Reversal,201.03,0,"49,734.53"
20-Apr-21,RTGS,"9,353.75",0,"59,088.28"
20-Apr-21,Reversal,0,"11,817.66","47,270.62"
20-Apr-21,NEFT,0,"47,270.62",0
20-Apr-21,IMPS,"20,494.90",0,"20,494.90"
20-Apr-21,Cheque,"15,090.00",0,"35,584.90"
20-Apr-21,Commission,0,"3,953.88","31,631.02"
20-Apr-21,ATM,"2,358.70",0,"33,989.72"
20-Apr-21,RTGS,0,"4,248.72","29,741.00"
20-Apr-21,NEFT,0,"3,304.56","26,436.44"
20-Apr-21,Purchase,"1,673.00",0,"28,109.44"
20-Apr-21,Tax,750,0,"28,859.44"
20-Apr-21,Miscellaneous,109,0,"28,968.44"
20-Apr-21,Transfer,0,"2,896.84","26,071.60"
20-Apr-21,Commission,0,"2,896.84","23,174.76"
20-Apr-21,Debit Card,8,0,"23,182.76"
20-Apr-21,Tax,62.96,0,"23,245.72"
20-Apr-21,ATM,0,"3,874.29","19,371.43"
20-Apr-21,Transfer,"34,131.44",0,"53,502.87"
20-Apr-21,RTGS,0,"26,751.44","26,751.44"
20-Apr-21,Cash,0,"13,375.72","13,375.72"
20-Apr-21,RTGS,4,0,"13,379.72"
21-Apr-21,Cash,0,"1,672.47","11,707.26"
22-Apr-21,ATM,"125,527.80",0,"137,235.06"
22-Apr-21,Commission,0,"45,745.02","91,490.04"
22-Apr-21,NEFT,"3,417.00",0,"94,907.04"
22-Apr-21,Commission,0,"13,558.15","81,348.89"
22-Apr-21,RTGS,392,0,"81,740.89"
22-Apr-21,Purchase,50.5,0,"81,791.39"
22-Apr-21,Miscellaneous,0,"11,684.48","70,106.91"
22-Apr-21,Commission,"50,365.60",0,"120,472.51"
22-Apr-21,Commission,0,"24,094.50","96,378.01"
23-Apr-21,NEFT,"2,494.00",0,"98,872.01"
23-Apr-21,Interest,0,"98,872.01",0
23-Apr-21,Interest,651,0,651
23-Apr-21,Tax,0,0,651
23-Apr-21,RTGS,"2,517.78",0,"3,168.78"
23-Apr-21,RTGS,0,"1,056.26","2,112.52"
23-Apr-21,Cash,"3,887.00",0,"5,999.52"
24-Apr-21,Interest,262.13,0,"6,261.65"
24-Apr-21,Commission,67.5,0,"6,329.15"
24-Apr-21,Cheque,0,"1,054.86","5,274.29"
24-Apr-21,Interest,0,"2,637.15","2,637.14"
24-Apr-21,RTGS,0,"1,318.57","1,318.57"
24-Apr-21,Bill,28,0,"1,346.57"
24-Apr-21,Cheque,0,336.64,"1,009.93"
24-Apr-21,Miscellaneous,0,504.97,504.96
24-Apr-21,Commission,0,84.16,420.8
24-Apr-21,Cash,0,140.27,280.53
24-Apr-21,Cheque,"4,820.71",0,"5,101.24"
24-Apr-21,ATM,0,"1,020.25","4,080.99"
24-Apr-21,RTGS,42.31,0,"4,123.30"
24-Apr-21,Purchase,0,"1,030.83","3,092.48"
24-Apr-21,Debit Card,"11,507.00",0,"14,599.48"
24-Apr-21,NEFT,0,"7,299.74","7,299.74"
24-Apr-21,Cash,0,912.47,"6,387.27"
24-Apr-21,IMPS,"2,817.00",0,"9,204.27"
24-Apr-21,Tax,0,"1,150.53","8,053.74"
24-Apr-21,Interest,"228,753.19",0,"236,806.93"
24-Apr-21,Cash,"1,481.11",0,"238,288.04"
24-Apr-21,Cheque,"2,075.00",0,"240,363.04"
24-Apr-21,Cash,0,"30,045.38","210,317.66"
24-Apr-21,Bill,0,"30,045.38","180,272.28"
24-Apr-21,Commission,"125,687.50",0,"305,959.78"
24-Apr-21,Transfer,157,0,"306,116.78"
24-Apr-21,NEFT,"14,650.90",0,"320,767.68"
24-Apr-21,Miscellaneous,0,"40,095.96","280,671.72"
24-Apr-21,RTGS,0,"93,557.24","187,114.48"
24-Apr-21,IMPS,0,"31,185.75","155,928.73"
24-Apr-21,Tax,0,"31,185.75","124,742.98"
24-Apr-21,NEFT,"86,547.30",0,"211,290.28"
24-Apr-21,Interest,"1,407.32",0,"212,697.60"
24-Apr-21,ATM,0,"70,899.20","141,798.40"
24-Apr-21,NEFT,"1,724,223.80",0,"1,866,022.20"
24-Apr-21,Transfer,0,"311,003.70","1,555,018.50"
24-Apr-21,Reversal,0,"259,169.75","1,295,848.75"
24-Apr-21,Tax,21.4,0,"1,295,870.15"
24-Apr-21,Debit Card,"1,835.22",0,"1,297,705.37"
24-Apr-21,Cheque,"1,705.00",0,"1,299,410.37"
24-Apr-21,NEFT,"65,025.00",0,"1,364,435.37"
24-Apr-21,Miscellaneous,272.08,0,"1,364,707.45"
25-Apr-21,RTGS,271.14,0,"1,364,978.59"
25-Apr-21,ATM,0,"1,364,978.59",0
25-Apr-21,ATM,"3,417.00",0,"3,417.00"
25-Apr-21,Interest,0,427.13,"2,989.88"
25-Apr-21,Cheque,0,"2,989.88",0
25-Apr-21,Commission,"61,464.81",0,"61,464.81"
25-Apr-21,RTGS,0,"15,366.20","46,098.61"
25-Apr-21,IMPS,0,"15,366.20","30,732.41"
25-Apr-21,Reversal,"16,991.18",0,"47,723.59"
25-Apr-21,Cheque,0,"23,861.80","23,861.80"
25-Apr-21,Cash,0,"2,651.31","21,210.49"
25-Apr-21,Cash,"8,782.20",0,"29,992.69"
25-Apr-21,NEFT,0,"2,999.27","26,993.42"
25-Apr-21,Interest,"818,844.00",0,"845,837.42"
26-Apr-21,Commission,"3,993.00",0,"849,830.42"
26-Apr-21,Miscellaneous,7.14,0,"849,837.56"
26-Apr-21,Interest,0,"84,983.76","764,853.80"
26-Apr-21,Cash,3,0,"764,856.80"
26-Apr-21,Cash,"17,502.00",0,"782,358.80"
26-Apr-21,Tax,0,"260,786.27","521,572.53"
26-Apr-21,RTGS,"29,531.10",0,"551,103.63"
27-Apr-21,ATM,0,"68,887.95","482,215.68"
27-Apr-21,Cheque,"1,721,146.00",0,"2,203,361.68"
27-Apr-21,RTGS,0,"2,203,361.68",0
27-Apr-21,Bill,198.65,0,198.65
27-Apr-21,ATM,3,0,201.65
27-Apr-21,Bill,0,67.22,134.43
27-Apr-21,Miscellaneous,0,19.2,115.23
27-Apr-21,Miscellaneous,0,11.52,103.71
27-Apr-21,Reversal,"812,488.50",0,"812,592.21"
27-Apr-21,Debit Card,0,"101,574.03","711,018.18"
27-Apr-21,Reversal,1,0,"711,019.18"
27-Apr-21,NEFT,0,"142,203.84","568,815.34"
27-Apr-21,Commission,"2,795.30",0,"571,610.64"
27-Apr-21,Purchase,0,"114,322.13","457,288.51"
27-Apr-21,Reversal,0,"114,322.13","342,966.38"
27-Apr-21,Transfer,"936,145.00",0,"1,279,111.38"
27-Apr-21,Interest,5.5,0,"1,279,116.88"
28-Apr-21,Debit Card,0,"127,911.69","1,151,205.19"
28-Apr-21,RTGS,"3,477.00",0,"1,154,682.19"
28-Apr-21,Bill,0,"1,154,682.19",0
29-Apr-21,Tax,"179,001.50",0,"179,001.50"
30-Apr-21,Cheque,0,"19,889.06","159,112.44"
30-Apr-21,ATM,"3,372.69",0,"162,485.13"
30-Apr-21,NEFT,"3,950.80",0,"166,435.93"
30-Apr-21,Miscellaneous,0,"55,478.64","110,957.29"
30-Apr-21,Tax,"1,422,572.25",0,"1,533,529.54"
30-Apr-21,Tax,0.9,0,"1,533,530.44"
30-Apr-21,Transfer,"1,676.50",0,"1,535,206.94"
30-Apr-21,Interest,0,"191,900.87","1,343,306.07"
30-Apr-21,NEFT,5,0,"1,343,311.07"
30-Apr-21,ATM,0,"268,662.21","1,074,648.86"
30-Apr-21,Bill,21,0,"1,074,669.86"
30-Apr-21,Reversal,"1,944,906.50",0,"3,019,576.36"
30-Apr-21,Cash,0,"431,368.05","2,588,208.31"
30-Apr-21,NEFT,0,"2,588,208.31",0
30-Apr-21,Miscellaneous,694,0,694
30-Apr-21,Miscellaneous,0,231.33,462.67
30-Apr-21,Cash,0,51.41,411.26
30-Apr-21,Cheque,0,205.63,205.63
1-May-21,NEFT,0,29.38,176.25
1-May-21,Debit Card,0,19.58,156.67
1-May-21,Debit Card,"220,839.03",0,"220,995.70"
1-May-21,Debit Card,2,0,"220,997.70"
1-May-21,Debit Card,0,"36,832.95","184,164.75"
1-May-21,Bill,0,"92,082.38","92,082.38"
1-May-21,Debit Card,0,"30,694.13","61,388.25"
1-May-21,Purchase,6.8,0,"61,395.05"
1-May-21,Purchase,0,"30,697.53","30,697.52"
1-May-21,Commission,0,"10,232.51","20,465.01"
1-May-21,NEFT,"1,074.60",0,"21,539.61"
1-May-21,Bill,0,"10,769.81","10,769.80"
1-May-21,Tax,0,"1,076.98","9,692.82"
1-May-21,NEFT,287.9,0,"9,980.72"
1-May-21,ATM,0,"2,495.18","7,485.54"
1-May-21,IMPS,0,748.55,"6,736.99"
1-May-21,Debit Card,250.6,0,"6,987.59"
1-May-21,Miscellaneous,0,698.76,"6,288.83"
1-May-21,Debit Card,2.72,0,"6,291.55"
1-May-21,Cheque,371.52,0,"6,663.07"
1-May-21,Interest,29.5,0,"6,692.57"
1-May-21,Interest,0,956.08,"5,736.49"
1-May-21,Commission,0,"1,912.16","3,824.33"
1-May-21,Tax,57,0,"3,881.33"
1-May-21,Reversal,"15,723.80",0,"19,605.13"
1-May-21,Transfer,0,"2,800.73","16,804.40"
1-May-21,Cash,"1,492,074.20",0,"1,508,878.60"
1-May-21,IMPS,"482,108.00",0,"1,990,986.60"
1-May-21,Miscellaneous,0,"398,197.32","1,592,789.28"
1-May-21,Cheque,62.18,0,"1,592,851.46"
1-May-21,Cheque,0,"530,950.49","1,061,900.97"
1-May-21,Reversal,34.29,0,"1,061,935.26"
1-May-21,Reversal,95.9,0,"1,062,031.16"
2-May-21,Bill,30.6,0,"1,062,061.76"
2-May-21,Debit Card,16.9,0,"1,062,078.66"
2-May-21,IMPS,0,"1,062,078.66",0
2-May-21,Miscellaneous,"185,138.00",0,"185,138.00"
2-May-21,RTGS,0,"92,569.00","92,569.00"
2-May-21,Commission,468,0,"93,037.00"
2-May-21,Purchase,0,"9,303.70","83,733.30"
2-May-21,Bill,0,"8,373.33","75,359.97"
2-May-21,Interest,0,"8,373.33","66,986.64"
2-May-21,RTGS,0,"33,493.32","33,493.32"
2-May-21,IMPS,0,"3,721.48","29,771.84"
2-May-21,Interest,462.54,0,"30,234.38"
2-May-21,Bill,"600,553.50",0,"630,787.88"
2-May-21,Bill,"1,857,689.25",0,"2,488,477.13"
2-May-21,RTGS,0,"622,119.28","1,866,357.85"
2-May-21,Tax,"78,777.00",0,"1,945,134.85"
2-May-21,Purchase,0,"648,378.28","1,296,756.57"
2-May-21,Reversal,"185,923.50",0,"1,482,680.07"
2-May-21,Commission,"1,941.60",0,"1,484,621.67"
2-May-21,Interest,"3,649.60",0,"1,488,271.27"
2-May-21,ATM,0,"248,045.21","1,240,226.06"
2-May-21,Interest,0,"413,408.69","826,817.37"
2-May-21,Reversal,0,"275,605.79","551,211.58"
3-May-21,Miscellaneous,0,"275,605.79","275,605.79"
3-May-21,Cash,0,"39,372.26","236,233.53"
3-May-21,Transfer,5,0,"236,238.53"
3-May-21,RTGS,12.3,0,"236,250.83"
3-May-21,IMPS,0,"47,250.17","189,000.66"
3-May-21,NEFT,0,"47,250.17","141,750.50"
3-May-21,Cash,97,0,"141,847.50"
3-May-21,Cheque,5,0,"141,852.50"
3-May-21,Purchase,"1,731.00",0,"143,583.50"
3-May-21,Cheque,49,0,"143,632.50"
3-May-21,Reversal,0,"17,954.06","125,678.44"
3-May-21,IMPS,"805,770.00",0,"931,448.44"
3-May-21,NEFT,"159,444.72",0,"1,090,893.16"
3-May-21,Debit Card,0,"181,815.53","909,077.63"
3-May-21,ATM,19,0,"909,096.63"
3-May-21,Bill,0,"227,274.16","681,822.47"
3-May-21,Reversal,"151,779.10",0,"833,601.57"
3-May-21,IMPS,0,"83,360.16","750,241.41"
3-May-21,Bill,"72,649.80",0,"822,891.21"
4-May-21,Purchase,"23,510.00",0,"846,401.21"
4-May-21,Tax,1.6,0,"846,402.81"
4-May-21,Cash,0,"846,402.81",0
4-May-21,Transfer,2.42,0,2.42
4-May-21,Cash,0,0.3,2.12
4-May-21,Bill,0,1.06,1.06
4-May-21,RTGS,"229,888.00",0,"229,889.06"
4-May-21,Tax,"17,586.82",0,"247,475.88"
4-May-21,Tax,451,0,"247,926.88"
4-May-21,Tax,3.6,0,"247,930.48"
4-May-21,Commission,0,"247,930.48",0
4-May-21,Commission,14,0,14
4-May-21,Bill,0,2.8,11.2
4-May-21,Purchase,0,1.12,10.08
4-May-21,Reversal,0,1.44,8.64
4-May-21,Commission,755,0,763.64
4-May-21,RTGS,"2,990.50",0,"3,754.14"
4-May-21,Reversal,"1,730,231.75",0,"1,733,985.89"
4-May-21,IMPS,0.8,0,"1,733,986.69"
4-May-21,Transfer,0,"433,496.67","1,300,490.02"
4-May-21,Cash,"205,015.00",0,"1,505,505.02"
4-May-21,Miscellaneous,0,"1,505,505.02",0
4-May-21,ATM,"112,869.06",0,"112,869.06"
4-May-21,Miscellaneous,"27,936.00",0,"140,805.06"
4-May-21,Commission,0,"14,080.51","126,724.55"
4-May-21,Transfer,0,"126,724.55",0
4-May-21,Cash,470.75,0,470.75
4-May-21,Debit Card,0,235.38,235.38
4-May-21,Purchase,0,26.15,209.23
4-May-21,Cheque,6.56,0,215.79
4-May-21,IMPS,"1,136,766.50",0,"1,136,982.29"
4-May-21,IMPS,3.5,0,"1,136,985.79"
4-May-21,Miscellaneous,"150,475.00",0,"1,287,460.79"
4-May-21,Debit Card,0,"128,746.08","1,158,714.71"
4-May-21,Cash,0,"231,742.94","926,971.77"
4-May-21,Cheque,"87,417.00",0,"1,014,388.77"
4-May-21,Reversal,"4,032.00",0,"1,018,420.77"
4-May-21,Tax,"3,199.00",0,"1,021,619.77"
5-May-21,RTGS,"1,259,604.50",0,"2,281,224.27"
5-May-21,IMPS,0,"380,204.05","1,901,020.22"
5-May-21,RTGS,"100,633.75",0,"2,001,653.97"
5-May-21,Cash,"233,897.22",0,"2,235,551.19"
5-May-21,NEFT,0,"2,235,551.19",0
5-May-21,Commission,"6,573.90",0,"6,573.90"
5-May-21,RTGS,10.2,0,"6,584.10"
5-May-21,Purchase,0,823.01,"5,761.09"
5-May-21,Cheque,0,"1,152.22","4,608.87"
5-May-21,Tax,"4,553.00",0,"9,161.87"
5-May-21,Miscellaneous,"155,448.50",0,"164,610.37"
5-May-21,Cash,"7,463.00",0,"172,073.37"
5-May-21,Transfer,"3,991.00",0,"176,064.37"
5-May-21,Interest,0,"35,212.87","140,851.50"
5-May-21,Tax,0,"17,606.44","123,245.06"
5-May-21,Reversal,7,0,"123,252.06"
5-May-21,Interest,"484,224.50",0,"607,476.56"
5-May-21,NEFT,14,0,"607,490.56"
5-May-21,Purchase,0,"86,784.37","520,706.19"
5-May-21,Reversal,0,"74,386.60","446,319.59"
5-May-21,Reversal,0,"223,159.80","223,159.80"
5-May-21,Cash,0,"223,159.80",0
5-May-21,Debit Card,"502,117.00",0,"502,117.00"
5-May-21,Transfer,26.28,0,"502,143.28"
5-May-21,RTGS,0,"167,381.09","334,762.19"
5-May-21,Cash,3,0,"334,765.19"
5-May-21,NEFT,"4,284.80",0,"339,049.99"
5-May-21,Reversal,773.18,0,"339,823.17"
5-May-21,RTGS,"924,657.50",0,"1,264,480.67"
5-May-21,Bill,"23,878.00",0,"1,288,358.67"
5-May-21,Bill,0,"161,044.83","1,127,313.84"
6-May-21,Bill,0,"112,731.38","1,014,582.46"
6-May-21,IMPS,0,"507,291.23","507,291.23"
6-May-21,Purchase,"148,284.50",0,"655,575.73"
6-May-21,Commission,186,0,"655,761.73"
6-May-21,Bill,61.61,0,"655,823.34"
6-May-21,RTGS,0,"327,911.67","327,911.67"
6-May-21,RTGS,0,"81,977.92","245,933.75"
6-May-21,IMPS,"3,525.20",0,"249,458.95"
6-May-21,Bill,2.57,0,"249,461.52"
6-May-21,Commission,0,"31,182.69","218,278.83"
6-May-21,ATM,122.42,0,"218,401.25"
6-May-21,Commission,"17,402.00",0,"235,803.25"
6-May-21,Bill,3.6,0,"235,806.85"
6-May-21,Cheque,0,"29,475.86","206,330.99"
6-May-21,NEFT,"9,740.71",0,"216,071.70"
6-May-21,Bill,"703,623.00",0,"919,694.70"
6-May-21,Cheque,0,"153,282.45","766,412.25"
6-May-21,Purchase,0,"255,470.75","510,941.50"
6-May-21,Purchase,"1,151.09",0,"512,092.59"
6-May-21,ATM,"12,306.00",0,"524,398.59"
6-May-21,Bill,"11,256.00",0,"535,654.59"
6-May-21,RTGS,"29,338.80",0,"564,993.39"
6-May-21,Tax,"261,242.00",0,"826,235.39"
6-May-21,Transfer,116,0,"826,351.39"
6-May-21,Cash,0,"826,351.39",0
6-May-21,RTGS,"29,108.70",0,"29,108.70"
6-May-21,Tax,"27,136.35",0,"56,245.05"
6-May-21,IMPS,1.1,0,"56,246.15"
6-May-21,Tax,0,"9,374.36","46,871.79"
6-May-21,ATM,42,0,"46,913.79"
6-May-21,Cash,0,"15,637.93","31,275.86"
6-May-21,Cash,424.28,0,"31,700.14"
6-May-21,NEFT,208,0,"31,908.14"
7-May-21,Interest,0,"7,977.04","23,931.10"
7-May-21,Transfer,"8,754.00",0,"32,685.10"
7-May-21,Purchase,0,"3,631.68","29,053.42"
7-May-21,Transfer,0,"5,810.68","23,242.74"
8-May-21,Cheque,0,"7,747.58","15,495.16"
8-May-21,Purchase,0.3,0,"15,495.46"
8-May-21,Reversal,0,"2,213.64","13,281.82"
8-May-21,RTGS,"1,392.70",0,"14,674.52"
8-May-21,Interest,204.2,0,"14,878.72"
8-May-21,IMPS,"7,694.00",0,"22,572.72"
8-May-21,Tax,"617,332.00",0,"639,904.72"
8-May-21,ATM,0,"213,301.57","426,603.15"
8-May-21,ATM,5.53,0,"426,608.68"
8-May-21,RTGS,0,"60,944.10","365,664.58"
8-May-21,Reversal,"152,780.00",0,"518,444.58"
8-May-21,NEFT,0,"51,844.46","466,600.12"
8-May-21,NEFT,0,"155,533.37","311,066.75"
8-May-21,Purchase,"1,295,560.20",0,"1,606,626.95"
8-May-21,Tax,0,"160,662.70","1,445,964.26"
8-May-21,Miscellaneous,"200,544.70",0,"1,646,508.96"
8-May-21,Commission,"254,977.40",0,"1,901,486.36"
8-May-21,Interest,0,"316,914.39","1,584,571.97"
8-May-21,Miscellaneous,0,"264,095.33","1,320,476.64"
8-May-21,Transfer,5,0,"1,320,481.64"
8-May-21,Cheque,0,"660,240.82","660,240.82"
8-May-21,Commission,283,0,"660,523.82"
8-May-21,Interest,"11,300.00",0,"671,823.82"
8-May-21,NEFT,0,"67,182.38","604,641.44"
9-May-21,Cash,441.66,0,"605,083.10"
9-May-21,Debit Card,39.2,0,"605,122.30"
9-May-21,Miscellaneous,"3,857.10",0,"608,979.40"
9-May-21,NEFT,0,"67,664.38","541,315.02"
9-May-21,RTGS,418.09,0,"541,733.11"
9-May-21,Bill,0,"108,346.62","433,386.49"
9-May-21,Cash,34,0,"433,420.49"
9-May-21,RTGS,0,"43,342.05","390,078.44"
9-May-21,Reversal,"4,041.90",0,"394,120.34"
9-May-21,Commission,47,0,"394,167.34"
9-May-21,Miscellaneous,0,"131,389.11","262,778.23"
9-May-21,Miscellaneous,0,"43,796.37","218,981.86"
9-May-21,Interest,142.85,0,"219,124.71"
9-May-21,Tax,0,"24,347.19","194,777.52"
9-May-21,Cash,0,"27,825.36","166,952.16"
9-May-21,Transfer,0,"41,738.04","125,214.12"
9-May-21,ATM,7,0,"125,221.12"
9-May-21,Transfer,"60,875.66",0,"186,096.78"
9-May-21,IMPS,"1,020.11",0,"187,116.89"
9-May-21,NEFT,0,"23,389.61","163,727.28"
9-May-21,Tax,7.4,0,"163,734.68"
9-May-21,Reversal,0,"20,466.84","143,267.84"
9-May-21,Tax,0,"143,267.84",0
9-May-21,Tax,5.53,0,5.53
9-May-21,Tax,0,2.77,2.76
9-May-21,IMPS,38.27,0,41.03
9-May-21,Interest,0,41.03,0
9-May-21,Purchase,395.6,0,395.6
9-May-21,Debit Card,434.12,0,829.72
9-May-21,Purchase,2.38,0,832.1
10-May-21,Cash,257.1,0,"1,089.20"
10-May-21,Cash,"2,088,867.75",0,"2,089,956.95"
10-May-21,Reversal,52,0,"2,090,008.95"
10-May-21,Bill,38.4,0,"2,090,047.35"
10-May-21,Transfer,0,"232,227.48","1,857,819.87"
10-May-21,Cash,0,"928,909.94","928,909.94"
10-May-21,NEFT,"105,782.56",0,"1,034,692.50"
10-May-21,Transfer,0,"129,336.56","905,355.94"
10-May-21,Debit Card,0,"100,595.10","804,760.84"
10-May-21,Bill,"14,854.70",0,"819,615.54"
10-May-21,Purchase,0,"409,807.77","409,807.77"
10-May-21,Miscellaneous,0,"136,602.59","273,205.18"
10-May-21,ATM,0,"91,068.39","182,136.79"
10-May-21,Commission,0,"22,767.10","159,369.69"
10-May-21,Purchase,3.59,0,"159,373.28"
10-May-21,Transfer,0,"15,937.33","143,435.95"
10-May-21,Tax,"77,732.00",0,"221,167.95"
10-May-21,Interest,0,"36,861.33","184,306.62"
10-May-21,Commission,"2,813.00",0,"187,119.62"
10-May-21,Bill,0,"20,791.07","166,328.55"
10-May-21,Interest,"22,081.88",0,"188,410.43"
10-May-21,Commission,"188,396.34",0,"376,806.77"
10-May-21,Purchase,0.72,0,"376,807.49"
10-May-21,RTGS,0,"62,801.25","314,006.24"
10-May-21,Reversal,990.3,0,"314,996.54"
10-May-21,RTGS,0,"34,999.62","279,996.92"
10-May-21,Reversal,0,"279,996.92",0
10-May-21,ATM,404,0,404
10-May-21,Debit Card,"10,787.00",0,"11,191.00"
10-May-21,Commission,"1,053.80",0,"12,244.80"
10-May-21,NEFT,0,"1,749.26","10,495.54"
10-May-21,Tax,0,"1,166.17","9,329.37"
10-May-21,Transfer,0,"2,332.34","6,997.03"
10-May-21,Reversal,0,"1,399.41","5,597.62"
10-May-21,IMPS,"8,933.27",0,"14,530.89"
10-May-21,Purchase,"3,899.88",0,"18,430.77"
10-May-21,IMPS,0,"6,143.59","12,287.18"
10-May-21,RTGS,7.92,0,"12,295.10"
10-May-21,Reversal,"1,743,372.00",0,"1,755,667.10"
10-May-21,Miscellaneous,7.66,0,"1,755,674.76"
10-May-21,Purchase,0,"292,612.46","1,463,062.30"
10-May-21,NEFT,0,"243,843.72","1,219,218.58"
10-May-21,Miscellaneous,"1,189,479.50",0,"2,408,698.08"
11-May-21,Interest,0,"602,174.52","1,806,523.56"
11-May-21,Cash,"17,638.77",0,"1,824,162.33"
11-May-21,Tax,"3,030.00",0,"1,827,192.33"
11-May-21,Commission,0,"456,798.08","1,370,394.25"
11-May-21,Debit Card,0,"1,370,394.25",0
12-May-21,ATM,"9,279.50",0,"9,279.50"
12-May-21,Cheque,4,0,"9,283.50"
12-May-21,Interest,0,"1,856.70","7,426.80"
13-May-21,Cheque,0,"3,713.40","3,713.40"
13-May-21,Interest,0,412.6,"3,300.80"
13-May-21,Purchase,"1,220,474.75",0,"1,223,775.55"
13-May-21,Bill,"123,175.10",0,"1,346,950.65"
13-May-21,Transfer,"20,514.00",0,"1,367,464.65"
13-May-21,Cheque,1.4,0,"1,367,466.05"
13-May-21,Debit Card,3.77,0,"1,367,469.82"
13-May-21,Cheque,4,0,"1,367,473.82"
13-May-21,Debit Card,0,"136,747.38","1,230,726.44"
13-May-21,Reversal,0,"410,242.15","820,484.29"
13-May-21,Purchase,54,0,"820,538.29"
13-May-21,IMPS,26.9,0,"820,565.19"
13-May-21,Miscellaneous,0,"91,173.91","729,391.28"
13-May-21,ATM,0,"104,198.75","625,192.53"
13-May-21,Cash,"5,335.00",0,"630,527.53"
13-May-21,RTGS,498.29,0,"631,025.82"
13-May-21,Interest,0,"126,205.16","504,820.66"
13-May-21,Interest,0.4,0,"504,821.06"
14-May-21,Debit Card,0,"504,821.06",0
14-May-21,Cheque,"3,481.20",0,"3,481.20"
14-May-21,NEFT,0,"1,740.60","1,740.60"
14-May-21,NEFT,0,348.12,"1,392.48"
14-May-21,Debit Card,6.74,0,"1,399.22"
14-May-21,Interest,0,155.47,"1,243.75"
14-May-21,Miscellaneous,0,177.68,"1,066.07"
14-May-21,IMPS,"206,129.10",0,"207,195.17"
14-May-21,Cash,0,"103,597.59","103,597.58"
14-May-21,IMPS,0,"14,799.65","88,797.93"
14-May-21,Interest,0,"44,398.97","44,398.96"
14-May-21,Reversal,4.8,0,"44,403.76"
14-May-21,Miscellaneous,242.19,0,"44,645.95"
14-May-21,Commission,397.1,0,"45,043.05"
14-May-21,Debit Card,0,"4,504.31","40,538.75"
14-May-21,Debit Card,0,"13,512.92","27,025.83"
14-May-21,IMPS,0,"13,512.92","13,512.92"
14-May-21,Tax,0,"1,501.44","12,011.48"
14-May-21,NEFT,"1,666,856.00",0,"1,678,867.48"
14-May-21,Transfer,"20,617.16",0,"1,699,484.64"
14-May-21,Cash,"4,095.70",0,"1,703,580.34"
14-May-21,Debit Card,"791,915.50",0,"2,495,495.84"
14-May-21,Reversal,"22,967.20",0,"2,518,463.04"
14-May-21,Interest,0,"419,743.84","2,098,719.20"
14-May-21,Cash,0,"699,573.07","1,399,146.13"
14-May-21,Transfer,0,"155,460.68","1,243,685.45"
14-May-21,Cheque,0,"621,842.73","621,842.72"
14-May-21,Miscellaneous,"367,680.00",0,"989,522.72"
14-May-21,Interest,6.3,0,"989,529.02"
14-May-21,Debit Card,0,"141,361.29","848,167.73"
14-May-21,Reversal,0,"106,020.97","742,146.76"
14-May-21,Reversal,"3,412.80",0,"745,559.56"
14-May-21,NEFT,0,"248,519.85","497,039.71"
14-May-21,Bill,107,0,"497,146.71"
14-May-21,Bill,"2,640.73",0,"499,787.44"
14-May-21,Debit Card,0,"249,893.72","249,893.72"
14-May-21,Cheque,0,"35,699.10","214,194.62"
14-May-21,Tax,7.1,0,"214,201.72"
14-May-21,IMPS,0,"214,201.72",0
14-May-21,Commission,392,0,392
14-May-21,Tax,0,49,343
14-May-21,Reversal,"28,252.30",0,"28,595.30"
14-May-21,Bill,0,"3,177.26","25,418.04"
14-May-21,NEFT,"24,206.69",0,"49,624.73"
14-May-21,Miscellaneous,7.5,0,"49,632.23"
14-May-21,Interest,32,0,"49,664.23"
14-May-21,Purchase,8,0,"49,672.23"
14-May-21,Interest,"216,983.00",0,"266,655.23"
14-May-21,Miscellaneous,"1,375.00",0,"268,030.23"
14-May-21,Cash,"229,693.10",0,"497,723.33"
14-May-21,Miscellaneous,6,0,"497,729.33"
14-May-21,RTGS,0,"124,432.33","373,297.00"
14-May-21,Cheque,0,"74,659.40","298,637.60"
14-May-21,Tax,0,"99,545.87","199,091.73"
14-May-21,Cheque,0,"19,909.17","179,182.56"
14-May-21,Cash,0,"19,909.17","159,273.39"
14-May-21,IMPS,"79,422.00",0,"238,695.39"
14-May-21,Debit Card,38.84,0,"238,734.23"
15-May-21,Commission,3.9,0,"238,738.13"
15-May-21,Commission,40.5,0,"238,778.63"
15-May-21,Bill,0,"238,778.63",0
15-May-21,Transfer,473.7,0,473.7
15-May-21,Interest,0,67.67,406.03
15-May-21,Purchase,"109,040.00",0,"109,446.03"
15-May-21,RTGS,0,"54,723.02","54,723.02"
15-May-21,ATM,5.3,0,"54,728.32"
15-May-21,Commission,0,"13,682.08","41,046.24"
15-May-21,Commission,0,"6,841.04","34,205.20"
15-May-21,Tax,0,"34,205.20",0
15-May-21,Purchase,"10,553.70",0,"10,553.70"
15-May-21,Tax,0,"2,638.43","7,915.28"
15-May-21,Cash,"475,449.00",0,"483,364.28"
15-May-21,IMPS,"843,260.80",0,"1,326,625.08"
15-May-21,Debit Card,0,"147,402.79","1,179,222.29"
15-May-21,RTGS,7.4,0,"1,179,229.69"
15-May-21,NEFT,0,"393,076.56","786,153.13"
15-May-21,Commission,"3,585.00",0,"789,738.13"
15-May-21,NEFT,0,"197,434.53","592,303.60"
15-May-21,Cheque,27.2,0,"592,330.80"
15-May-21,ATM,0,"296,165.40","296,165.40"
15-May-21,Transfer,0,"148,082.70","148,082.70"
15-May-21,Purchase,"105,672.06",0,"253,754.76"
15-May-21,Commission,24,0,"253,778.76"
15-May-21,Debit Card,0,"253,778.76",0
15-May-21,Reversal,75.1,0,75.1
15-May-21,Purchase,480,0,555.1
15-May-21,Bill,0,138.78,416.33
15-May-21,Tax,0,208.17,208.16
15-May-21,Reversal,0,29.74,178.42
15-May-21,IMPS,0,29.74,148.68
15-May-21,Transfer,"1,219,646.20",0,"1,219,794.88"
15-May-21,Bill,51,0,"1,219,845.88"
15-May-21,Interest,0,"135,538.43","1,084,307.45"
15-May-21,Reversal,29.42,0,"1,084,336.87"
15-May-21,Cheque,0,"1,084,336.87",0
15-May-21,Purchase,"2,222.70",0,"2,222.70"
16-May-21,Bill,0,317.53,"1,905.17"
16-May-21,Tax,"31,150.00",0,"33,055.17"
16-May-21,Purchase,0,"33,055.17",0
16-May-21,ATM,150.6,0,150.6
16-May-21,Commission,0,50.2,100.4
16-May-21,Cheque,0,10.04,90.36
16-May-21,Bill,0,90.36,0
16-May-21,Transfer,"30,116.30",0,"30,116.30"
16-May-21,Cheque,0,"3,764.54","26,351.76"
16-May-21,Transfer,29,0,"26,380.76"
16-May-21,Cheque,2.23,0,"26,382.99"
16-May-21,Bill,0,"3,297.87","23,085.12"
16-May-21,Cash,0,"3,297.87","19,787.25"
16-May-21,Debit Card,0,"19,787.25",0
16-May-21,Cash,49.9,0,49.9
16-May-21,IMPS,0,49.9,0
16-May-21,Cash,1,0,1
16-May-21,Miscellaneous,0,0.5,0.5
16-May-21,Bill,0,0.17,0.33
16-May-21,Commission,"2,275.41",0,"2,275.74"
16-May-21,RTGS,0,252.86,"2,022.88"
16-May-21,RTGS,0,"1,011.44","1,011.44"
16-May-21,ATM,"1,351,827.00",0,"1,352,838.44"
16-May-21,NEFT,"252,031.60",0,"1,604,870.04"
16-May-21,Miscellaneous,"41,924.09",0,"1,646,794.13"
16-May-21,Cash,208,0,"1,647,002.13"
16-May-21,NEFT,818.4,0,"1,647,820.53"
16-May-21,Cheque,0,"329,564.11","1,318,256.42"
16-May-21,Miscellaneous,51.52,0,"1,318,307.94"
16-May-21,RTGS,0,"439,435.98","878,871.96"
16-May-21,Tax,0,"175,774.39","703,097.57"
16-May-21,Purchase,0,"70,309.76","632,787.81"
16-May-21,Cash,"736,998.75",0,"1,369,786.56"
16-May-21,Tax,"27,279.07",0,"1,397,065.63"
16-May-21,Purchase,"770,364.20",0,"2,167,429.83"
16-May-21,Reversal,"6,388.97",0,"2,173,818.80"
16-May-21,Debit Card,0,"310,545.54","1,863,273.26"
16-May-21,Transfer,31.88,0,"1,863,305.14"
16-May-21,Miscellaneous,0,"931,652.57","931,652.57"
16-May-21,NEFT,"1,243,369.00",0,"2,175,021.57"
16-May-21,Bill,"2,233.09",0,"2,177,254.66"
16-May-21,Cheque,0,"725,751.55","1,451,503.11"
16-May-21,ATM,28.1,0,"1,451,531.21"
16-May-21,Miscellaneous,441,0,"1,451,972.21"
16-May-21,RTGS,0,"145,197.22","1,306,774.99"
16-May-21,Debit Card,0,"261,355.00","1,045,419.99"
16-May-21,Cash,0,"1,045,419.99",0
16-May-21,Reversal,"2,634.56",0,"2,634.56"
16-May-21,Interest,0,292.73,"2,341.83"
16-May-21,NEFT,54.68,0,"2,396.51"
16-May-21,Cheque,"78,641.03",0,"81,037.54"
16-May-21,NEFT,0,"13,506.26","67,531.28"
16-May-21,Interest,0,"16,882.82","50,648.46"
16-May-21,Debit Card,0,"6,331.06","44,317.40"
16-May-21,Purchase,0,"6,331.06","37,986.34"
16-May-21,Miscellaneous,0,"18,993.17","18,993.17"
17-May-21,ATM,0,"3,798.63","15,194.54"
17-May-21,ATM,0,"1,519.45","13,675.09"
17-May-21,Cash,0,"13,675.09",0
17-May-21,Transfer,855.8,0,855.8
17-May-21,Transfer,0,122.26,733.54
17-May-21,Purchase,"14,165.52",0,"14,899.06"
17-May-21,ATM,0,"1,862.38","13,036.68"
17-May-21,NEFT,219.07,0,"13,255.75"
17-May-21,Purchase,1.1,0,"13,256.85"
17-May-21,Transfer,"14,467.60",0,"27,724.45"
17-May-21,Tax,97.74,0,"27,822.19"
17-May-21,Interest,"4,028.00",0,"31,850.19"
17-May-21,RTGS,0,"7,962.55","23,887.64"
18-May-21,Debit Card,0,"2,985.96","20,901.68"
18-May-21,RTGS,0,"6,967.23","13,934.45"
18-May-21,Cheque,"32,707.00",0,"46,641.45"
18-May-21,Interest,295.5,0,"46,936.95"
18-May-21,Debit Card,0,"23,468.48","23,468.48"
18-May-21,Purchase,0,"7,822.83","15,645.65"
18-May-21,Debit Card,0,0,"15,645.65"
18-May-21,Tax,0,"2,235.09","13,410.56"
18-May-21,Transfer,8.5,0,"13,419.06"
18-May-21,Tax,0,"2,236.51","11,182.55"
18-May-21,Bill,5.29,0,"11,187.84"
18-May-21,Miscellaneous,57.31,0,"11,245.15"
18-May-21,NEFT,0,"3,748.38","7,496.77"
18-May-21,Transfer,"4,384.50",0,"11,881.27"
18-May-21,ATM,0,"1,320.14","10,561.13"
18-May-21,IMPS,0,"3,520.38","7,040.75"
19-May-21,Cash,2.79,0,"7,043.54"
19-May-21,Cash,0,"7,043.54",0
19-May-21,RTGS,"15,054.70",0,"15,054.70"
20-May-21,Cash,26.33,0,"15,081.03"
20-May-21,IMPS,"3,354.30",0,"18,435.33"
20-May-21,ATM,0,"1,843.53","16,591.80"
21-May-21,Debit Card,0,"1,659.18","14,932.62"
21-May-21,Purchase,2.2,0,"14,934.82"
21-May-21,Reversal,0,"3,733.71","11,201.12"
21-May-21,RTGS,0,"1,600.16","9,600.96"
21-May-21,Bill,0,"1,371.57","8,229.39"
21-May-21,Reversal,0,"1,175.63","7,053.76"
21-May-21,Cash,0,"1,763.44","5,290.32"
21-May-21,Bill,0,"1,763.44","3,526.88"
21-May-21,RTGS,"107,357.80",0,"110,884.68"
21-May-21,Purchase,0,"12,320.52","98,564.16"
21-May-21,ATM,"1,689.90",0,"100,254.06"
21-May-21,Miscellaneous,0,"50,127.03","50,127.03"
22-May-21,Cheque,"3,624.00",0,"53,751.03"
22-May-21,ATM,0,"8,958.51","44,792.52"
22-May-21,Transfer,6,0,"44,798.52"
22-May-21,Miscellaneous,"1,820.70",0,"46,619.22"
22-May-21,Reversal,0,"11,654.81","34,964.42"
22-May-21,Commission,0,"8,741.11","26,223.32"
22-May-21,RTGS,0,"2,622.33","23,600.99"
22-May-21,Debit Card,0,"23,600.99",0
22-May-21,ATM,434.05,0,434.05
22-May-21,Bill,70.01,0,504.06
22-May-21,Interest,0,252.03,252.03
22-May-21,Debit Card,0,42.01,210.02
22-May-21,Cash,"201,562.00",0,"201,772.02"
22-May-21,Cheque,0,"40,354.40","161,417.62"
22-May-21,Miscellaneous,0,"20,177.20","141,240.42"
22-May-21,Bill,5.43,0,"141,245.85"
22-May-21,Bill,0,"20,177.98","121,067.87"
22-May-21,IMPS,0,"17,295.41","103,772.46"
22-May-21,Bill,"230,751.00",0,"334,523.46"
22-May-21,Cash,346.9,0,"334,870.36"
22-May-21,ATM,0,"66,974.07","267,896.29"
22-May-21,Cash,157,0,"268,053.29"
22-May-21,Debit Card,6,0,"268,059.29"
22-May-21,ATM,7,0,"268,066.29"
22-May-21,Debit Card,0,"53,613.26","214,453.03"
22-May-21,Cheque,51,0,"214,504.03"
22-May-21,Tax,"1,096,908.50",0,"1,311,412.53"
22-May-21,Debit Card,"55,584.53",0,"1,366,997.06"
22-May-21,Commission,0,"455,665.69","911,331.37"
22-May-21,Cheque,"246,128.20",0,"1,157,459.57"
22-May-21,Miscellaneous,0,"385,819.86","771,639.71"
22-May-21,Transfer,42,0,"771,681.71"
22-May-21,Transfer,0.19,0,"771,681.90"
22-May-21,Commission,0,"192,920.48","578,761.43"
22-May-21,IMPS,7.6,0,"578,769.03"
22-May-21,Cheque,51,0,"578,820.03"
22-May-21,Miscellaneous,"21,410.94",0,"600,230.97"
22-May-21,Bill,0,"66,692.33","533,538.64"
22-May-21,NEFT,"2,790.37",0,"536,329.01"
22-May-21,IMPS,"1,075.00",0,"537,404.01"
22-May-21,Cash,"1,999,527.00",0,"2,536,931.01"
22-May-21,Purchase,19,0,"2,536,950.01"
22-May-21,Cash,140.7,0,"2,537,090.71"
22-May-21,ATM,"78,762.00",0,"2,615,852.71"
22-May-21,Purchase,0,"1,307,926.36","1,307,926.36"
22-May-21,Tax,0,"163,490.80","1,144,435.57"
22-May-21,Purchase,"1,582,803.50",0,"2,727,239.07"
22-May-21,Commission,863,0,"2,728,102.07"
22-May-21,Cheque,0,"682,025.52","2,046,076.55"
22-May-21,Interest,0,"2,046,076.55",0
22-May-21,Interest,"1,771,854.50",0,"1,771,854.50"
22-May-21,Tax,56.2,0,"1,771,910.70"
22-May-21,Miscellaneous,0,"442,977.68","1,328,933.02"
22-May-21,IMPS,269,0,"1,329,202.02"
22-May-21,ATM,"123,885.00",0,"1,453,087.02"
22-May-21,ATM,0,"484,362.34","968,724.68"
22-May-21,Commission,0,"161,454.11","807,270.57"
22-May-21,Miscellaneous,"50,152.84",0,"857,423.41"
22-May-21,RTGS,0,"285,807.80","571,615.61"
22-May-21,Miscellaneous,466,0,"572,081.61"
22-May-21,RTGS,"45,843.80",0,"617,925.41"
22-May-21,Miscellaneous,0,"123,585.08","494,340.33"
22-May-21,Cheque,0,"494,340.33",0
22-May-21,Purchase,3,0,3
23-May-21,Tax,"26,889.00",0,"26,892.00"
23-May-21,ATM,"134,993.59",0,"161,885.59"
23-May-21,Transfer,0,"32,377.12","129,508.47"
24-May-21,Interest,16.7,0,"129,525.17"
24-May-21,Transfer,7,0,"129,532.17"
24-May-21,Commission,481.8,0,"130,013.97"
24-May-21,ATM,54.04,0,"130,068.01"
24-May-21,ATM,0,"13,006.80","117,061.21"
24-May-21,Cheque,0,"14,632.65","102,428.56"
24-May-21,RTGS,420.16,0,"102,848.72"
24-May-21,Cheque,22.19,0,"102,870.91"
24-May-21,Transfer,0,"51,435.46","51,435.46"
24-May-21,RTGS,0,"7,347.92","44,087.54"
25-May-21,Reversal,0,"5,510.94","38,576.60"
25-May-21,Reversal,3,0,"38,579.60"
25-May-21,Commission,0,"7,715.92","30,863.68"
25-May-21,Bill,0,"5,143.95","25,719.73"
25-May-21,NEFT,"9,122.00",0,"34,841.73"
25-May-21,Purchase,0,"6,968.35","27,873.38"
25-May-21,Reversal,0,"6,968.35","20,905.04"
26-May-21,Cheque,28.5,0,"20,933.54"
26-May-21,Cheque,"22,487.00",0,"43,420.54"
26-May-21,Tax,75,0,"43,495.54"
26-May-21,Debit Card,0,"7,249.26","36,246.28"
27-May-21,Debit Card,"1,521,771.00",0,"1,558,017.28"
27-May-21,ATM,"161,643.84",0,"1,719,661.12"
27-May-21,Bill,0,"429,915.28","1,289,745.84"
27-May-21,Reversal,0,"1,289,745.84",0
27-May-21,IMPS,"29,558.00",0,"29,558.00"
27-May-21,Tax,0,"29,558.00",0
27-May-21,IMPS,"2,225.92",0,"2,225.92"
27-May-21,ATM,0,741.97,"1,483.95"
27-May-21,Commission,0,148.4,"1,335.56"
27-May-21,Debit Card,60.26,0,"1,395.82"
27-May-21,Tax,"3,588.90",0,"4,984.72"
27-May-21,Bill,0,498.47,"4,486.25"
27-May-21,Miscellaneous,"146,765.50",0,"151,251.75"
27-May-21,NEFT,0,"37,812.94","113,438.81"
27-May-21,Transfer,367,0,"113,805.81"
27-May-21,Cash,"30,790.00",0,"144,595.81"
27-May-21,Reversal,0,"14,459.58","130,136.23"
27-May-21,ATM,3,0,"130,139.23"
27-May-21,Cash,0,"65,069.62","65,069.62"
27-May-21,ATM,0,"8,133.70","56,935.92"
27-May-21,Reversal,4.01,0,"56,939.93"
27-May-21,RTGS,0,"28,469.97","28,469.96"
27-May-21,Commission,0,"7,117.49","21,352.47"
27-May-21,IMPS,0,"21,352.47",0
27-May-21,Transfer,"1,536,781.00",0,"1,536,781.00"
27-May-21,Reversal,0,"1,536,781.00",0
27-May-21,Interest,"1,983.00",0,"1,983.00"
27-May-21,Tax,"3,440.20",0,"5,423.20"
27-May-21,Cash,"16,559.00",0,"21,982.20"
27-May-21,IMPS,4.3,0,"21,986.50"
27-May-21,Cash,0,"3,664.42","18,322.08"
27-May-21,Interest,"96,425.20",0,"114,747.28"
27-May-21,Cheque,5.28,0,"114,752.56"
27-May-21,Bill,"217,070.80",0,"331,823.36"
27-May-21,Commission,271.9,0,"332,095.26"
27-May-21,Purchase,"14,051.19",0,"346,146.45"
27-May-21,Transfer,"16,089.00",0,"362,235.45"
27-May-21,NEFT,39,0,"362,274.45"
27-May-21,Bill,0,"72,454.89","289,819.56"
27-May-21,Commission,0,"32,202.17","257,617.39"
27-May-21,Debit Card,0,"85,872.46","171,744.93"
27-May-21,RTGS,"1,399.00",0,"173,143.93"
27-May-21,Cheque,534.1,0,"173,678.03"
27-May-21,Purchase,0,"57,892.68","115,785.35"
27-May-21,Cash,40.1,0,"115,825.45"
27-May-21,Bill,0,"12,869.49","102,955.96"
27-May-21,IMPS,0,"17,159.33","85,796.63"
27-May-21,Interest,0,"9,532.96","76,263.67"
27-May-21,Bill,0,"25,421.22","50,842.45"
27-May-21,RTGS,"2,920.30",0,"53,762.75"
27-May-21,Debit Card,0,"13,440.69","40,322.06"
27-May-21,Bill,0,"40,322.06",0
27-May-21,Purchase,2.6,0,2.6
27-May-21,Debit Card,59.46,0,62.06
27-May-21,Transfer,"146,779.40",0,"146,841.46"
27-May-21,Debit Card,0,"16,315.72","130,525.74"
27-May-21,Transfer,52,0,"130,577.74"
27-May-21,Cheque,17,0,"130,594.74"
27-May-21,Transfer,0,"18,656.39","111,938.35"
27-May-21,Reversal,416.5,0,"112,354.85"
27-May-21,Interest,0,"37,451.62","74,903.23"
27-May-21,Miscellaneous,53.5,0,"74,956.73"
27-May-21,Debit Card,0,"14,991.35","59,965.38"
27-May-21,Reversal,0,"9,994.23","49,971.15"
28-May-21,NEFT,0,"24,985.58","24,985.58"
28-May-21,Miscellaneous,"18,862.00",0,"43,847.58"
28-May-21,Commission,0,"7,307.93","36,539.65"
28-May-21,Commission,0,"4,567.46","31,972.19"
28-May-21,IMPS,0,"7,993.05","23,979.14"
28-May-21,NEFT,48.25,0,"24,027.39"
28-May-21,RTGS,0,"4,004.57","20,022.82"
28-May-21,Transfer,299.3,0,"20,322.12"
28-May-21,RTGS,0,"2,540.27","17,781.86"
28-May-21,Reversal,0,"3,556.37","14,225.49"
28-May-21,Miscellaneous,0,"1,422.55","12,802.94"
28-May-21,ATM,40.4,0,"12,843.34"
28-May-21,ATM,0,"1,605.42","11,237.92"
28-May-21,Bill,9,0,"11,246.92"
28-May-21,Cheque,0,"3,748.97","7,497.95"
28-May-21,Reversal,0,"1,249.66","6,248.29"
28-May-21,Miscellaneous,0,"1,041.38","5,206.91"
28-May-21,Transfer,0,"5,206.91",0
28-May-21,Debit Card,"1,797,464.50",0,"1,797,464.50"
28-May-21,Miscellaneous,"20,638.75",0,"1,818,103.25"
28-May-21,ATM,0,"181,810.33","1,636,292.92"
28-May-21,Tax,"2,759.71",0,"1,639,052.63"
28-May-21,NEFT,143.76,0,"1,639,196.39"
28-May-21,Transfer,"2,479.00",0,"1,641,675.39"
28-May-21,IMPS,0,"273,612.57","1,368,062.82"
28-May-21,Commission,0,"228,010.47","1,140,052.35"
28-May-21,ATM,6,0,"1,140,058.35"
28-May-21,ATM,"1,853,846.00",0,"2,993,904.35"
28-May-21,Tax,0,"598,780.87","2,395,123.48"
28-May-21,Bill,2.59,0,"2,395,126.07"
28-May-21,Bill,0,"342,160.87","2,052,965.20"
28-May-21,NEFT,475.5,0,"2,053,440.70"
28-May-21,RTGS,0,"205,344.07","1,848,096.63"
28-May-21,Reversal,0,"264,013.80","1,584,082.83"
28-May-21,Cash,80.41,0,"1,584,163.24"
28-May-21,Cash,"204,479.53",0,"1,788,642.77"
28-May-21,Cheque,0,"447,160.69","1,341,482.08"
28-May-21,Purchase,0,"447,160.69","894,321.39"
28-May-21,Commission,4.7,0,"894,326.09"
28-May-21,Tax,"2,279.06",0,"896,605.15"
28-May-21,RTGS,0,"224,151.29","672,453.86"
28-May-21,Cheque,0,"672,453.86",0
28-May-21,Debit Card,"31,907.41",0,"31,907.41"
28-May-21,IMPS,488.8,0,"32,396.21"
28-May-21,Cheque,0,"4,049.53","28,346.68"
28-May-21,Transfer,"32,742.00",0,"61,088.68"
29-May-21,Miscellaneous,0,"10,181.45","50,907.23"
29-May-21,Bill,383.9,0,"51,291.13"
29-May-21,Interest,0,"8,548.52","42,742.61"
29-May-21,Purchase,61.94,0,"42,804.55"
29-May-21,Cheque,"9,574.76",0,"52,379.31"
29-May-21,Miscellaneous,2,0,"52,381.31"
29-May-21,Tax,0,"52,381.31",0
29-May-21,Reversal,88.8,0,88.8
29-May-21,IMPS,"1,275.00",0,"1,363.80"
29-May-21,Tax,0,"1,363.80",0
29-May-21,Interest,4,0,4
29-May-21,Interest,332.06,0,336.06
29-May-21,Cheque,"122,657.00",0,"122,993.06"
29-May-21,Cash,0,"12,299.31","110,693.75"
29-May-21,Cheque,0,"12,299.31","98,394.44"
29-May-21,Transfer,0,"12,299.31","86,095.14"
29-May-21,Purchase,0,"9,566.13","76,529.01"
29-May-21,Bill,66.9,0,"76,595.91"
29-May-21,RTGS,372,0,"76,967.91"
29-May-21,ATM,"22,255.00",0,"99,222.91"
29-May-21,IMPS,54.43,0,"99,277.34"
29-May-21,Cheque,0,"33,092.45","66,184.89"
29-May-21,Reversal,0,"22,061.63","44,123.26"
29-May-21,Commission,0,"4,412.33","39,710.93"
29-May-21,NEFT,0,"9,927.73","29,783.20"
29-May-21,RTGS,0,"29,783.20",0
29-May-21,Transfer,"2,343.80",0,"2,343.80"
29-May-21,Reversal,7,0,"2,350.80"
29-May-21,IMPS,4.02,0,"2,354.82"
29-May-21,Commission,0,235.48,"2,119.34"
29-May-21,Tax,"9,015.19",0,"11,134.53"
29-May-21,Tax,0,"5,567.27","5,567.26"
29-May-21,Tax,0,"1,855.75","3,711.51"
29-May-21,Interest,1,0,"3,712.51"
29-May-21,Bill,"232,119.00",0,"235,831.51"
29-May-21,Reversal,"706,762.75",0,"942,594.26"
29-May-21,Tax,0,"188,518.85","754,075.41"
29-May-21,Cash,0,"94,259.43","659,815.98"
29-May-21,Purchase,0,"164,954.00","494,861.98"
29-May-21,Cash,0,"247,430.99","247,430.99"
29-May-21,Miscellaneous,0,"49,486.20","197,944.79"
29-May-21,Commission,0,"21,993.87","175,950.92"
29-May-21,Transfer,0,"21,993.87","153,957.06"
29-May-21,Bill,0,"38,489.27","115,467.80"
29-May-21,IMPS,"1,263,454.50",0,"1,378,922.30"
29-May-21,ATM,0.6,0,"1,378,922.90"
29-May-21,Tax,15.74,0,"1,378,938.64"
29-May-21,Transfer,0,"153,215.40","1,225,723.24"
29-May-21,Tax,5.8,0,"1,225,729.04"
29-May-21,Bill,0,"122,572.90","1,103,156.14"
29-May-21,Transfer,0,"275,789.04","827,367.10"
29-May-21,Tax,"2,191.92",0,"829,559.02"
29-May-21,Cash,75,0,"829,634.02"
29-May-21,Purchase,"3,946.00",0,"833,580.02"
29-May-21,Purchase,"203,317.80",0,"1,036,897.82"
29-May-21,Interest,"15,692.65",0,"1,052,590.47"
29-May-21,Tax,"1,855.30",0,"1,054,445.77"
29-May-21,ATM,3,0,"1,054,448.77"
29-May-21,Tax,0,"263,612.19","790,836.58"
29-May-21,Transfer,0,"112,976.65","677,859.93"
29-May-21,NEFT,0,"67,785.99","610,073.94"
29-May-21,ATM,"1,183.00",0,"611,256.94"
29-May-21,Miscellaneous,73,0,"611,329.94"
29-May-21,ATM,0,"122,265.99","489,063.95"
29-May-21,Miscellaneous,0,"489,063.95",0
29-May-21,Miscellaneous,36.45,0,36.45
29-May-21,RTGS,0,7.29,29.16
29-May-21,Interest,0,3.24,25.92
29-May-21,Interest,"125,536.50",0,"125,562.42"
29-May-21,Cheque,"28,621.90",0,"154,184.32"
29-May-21,Interest,"3,125.10",0,"157,309.42"
29-May-21,Transfer,3.5,0,"157,312.92"
29-May-21,Commission,"1,232.10",0,"158,545.02"
29-May-21,NEFT,0,"17,616.11","140,928.91"
29-May-21,Reversal,0,"17,616.11","123,312.80"
29-May-21,ATM,3.4,0,"123,316.20"
29-May-21,Tax,455.86,0,"123,772.06"
29-May-21,Cash,0,"13,752.45","110,019.61"
29-May-21,ATM,0,"27,504.90","82,514.71"
29-May-21,NEFT,0,"16,502.94","66,011.77"
29-May-21,Commission,535,0,"66,546.77"
29-May-21,Debit Card,0,"33,273.39","33,273.38"
29-May-21,Commission,0,"6,654.68","26,618.70"
29-May-21,Cheque,0,"2,661.87","23,956.83"
29-May-21,ATM,0,"23,956.83",0
29-May-21,Bill,4.9,0,4.9
29-May-21,Reversal,"1,449,094.00",0,"1,449,098.90"
29-May-21,NEFT,0,"207,014.13","1,242,084.77"
29-May-21,Interest,0,"155,260.60","1,086,824.17"
30-May-21,Bill,162.31,0,"1,086,986.48"
30-May-21,IMPS,0,"362,328.83","724,657.65"
30-May-21,ATM,0,"362,328.83","362,328.82"
30-May-21,Interest,0,"90,582.21","271,746.62"
30-May-21,Cash,51.1,0,"271,797.72"
30-May-21,Cash,343.7,0,"272,141.42"
30-May-21,Cash,"131,161.00",0,"403,302.42"
30-May-21,Bill,0,"50,412.80","352,889.62"
30-May-21,Miscellaneous,365,0,"353,254.62"
30-May-21,Miscellaneous,0,"39,250.51","314,004.11"
30-May-21,Commission,0,"78,501.03","235,503.08"
30-May-21,Cheque,0,"26,167.01","209,336.07"
30-May-21,Tax,"1,177.00",0,"210,513.07"
30-May-21,Reversal,462.56,0,"210,975.63"
30-May-21,Purchase,"22,991.00",0,"233,966.63"
30-May-21,Interest,0,"29,245.83","204,720.80"
30-May-21,Commission,0,"22,746.76","181,974.04"
30-May-21,Cheque,0,"45,493.51","136,480.53"
30-May-21,ATM,4.7,0,"136,485.23"
30-May-21,Miscellaneous,"21,377.80",0,"157,863.03"
30-May-21,Interest,0,"52,621.01","105,242.02"
30-May-21,Cash,52,0,"105,294.02"
30-May-21,Bill,0,"35,098.01","70,196.01"
30-May-21,Tax,50.2,0,"70,246.21"
30-May-21,Miscellaneous,"884,441.25",0,"954,687.46"
30-May-21,Bill,60.1,0,"954,747.56"
31-May-21,Cheque,39,0,"954,786.56"
31-May-21,Bill,0,"190,957.31","763,829.25"
31-May-21,Miscellaneous,0,"76,382.93","687,446.32"
31-May-21,Purchase,0,"85,930.79","601,515.53"
31-May-21,Miscellaneous,0,"300,757.77","300,757.76"
31-May-21,ATM,0,"300,757.76",0
31-May-21,Cash,259.8,0,259.8
31-May-21,Interest,0,86.6,173.2
31-May-21,NEFT,"49,514.00",0,"49,687.20"
31-May-21,RTGS,0,"49,687.20",0
31-May-21,Cheque,13,0,13
31-May-21,Transfer,54.47,0,67.47
31-May-21,Cheque,0,33.74,33.74
31-May-21,Cash,"2,075.00",0,"2,108.74"
31-May-21,Bill,177.3,0,"2,286.04"
31-May-21,Commission,"15,167.00",0,"17,453.04"
31-May-21,Miscellaneous,"862,483.00",0,"879,936.04"
31-May-21,NEFT,0,"125,705.15","754,230.89"
31-May-21,Transfer,"3,212.33",0,"757,443.22"
31-May-21,Commission,0,"126,240.54","631,202.68"
31-May-21,Tax,0,"78,900.34","552,302.35"
1-Jun-21,RTGS,0,"92,050.39","460,251.96"
1-Jun-21,Cheque,0,"92,050.39","368,201.57"
1-Jun-21,IMPS,2.47,0,"368,204.04"
1-Jun-21,RTGS,0,"61,367.34","306,836.70"
1-Jun-21,Commission,7.41,0,"306,844.11"
1-Jun-21,Miscellaneous,"3,494.00",0,"310,338.11"
1-Jun-21,Cheque,"17,319.00",0,"327,657.11"
1-Jun-21,Commission,"29,497.68",0,"357,154.79"
1-Jun-21,Cheque,0,"71,430.96","285,723.83"
1-Jun-21,Tax,0,"47,620.64","238,103.19"
1-Jun-21,NEFT,"1,763.60",0,"239,866.79"
1-Jun-21,RTGS,"10,480.48",0,"250,347.27"
1-Jun-21,IMPS,0,"62,586.82","187,760.45"
1-Jun-21,Cash,0,"23,470.06","164,290.39"
1-Jun-21,IMPS,0,"23,470.06","140,820.33"
1-Jun-21,Tax,0,"15,646.70","125,173.63"
1-Jun-21,Reversal,"28,311.50",0,"153,485.13"
1-Jun-21,Cash,0,"19,185.64","134,299.49"
1-Jun-21,Bill,7.31,0,"134,306.80"
1-Jun-21,Miscellaneous,26,0,"134,332.80"
1-Jun-21,NEFT,0,"16,791.60","117,541.20"
1-Jun-21,Transfer,131,0,"117,672.20"
1-Jun-21,Cash,0,"58,836.10","58,836.10"
1-Jun-21,Reversal,0,"58,836.10",0
1-Jun-21,Transfer,"3,047.10",0,"3,047.10"
1-Jun-21,Bill,0,"1,015.70","2,031.40"
1-Jun-21,Commission,0,338.57,"1,692.83"
1-Jun-21,Reversal,0,169.28,"1,523.55"
1-Jun-21,ATM,0,507.85,"1,015.70"
1-Jun-21,Interest,0,507.85,507.85
1-Jun-21,ATM,"1,935.00",0,"2,442.85"
1-Jun-21,Debit Card,0,814.28,"1,628.57"
2-Jun-21,Interest,"748,612.00",0,"750,240.57"
2-Jun-21,Reversal,256,0,"750,496.57"
2-Jun-21,RTGS,"101,946.00",0,"852,442.57"
2-Jun-21,Tax,0,"284,147.52","568,295.05"
2-Jun-21,Debit Card,"45,591.80",0,"613,886.85"
3-Jun-21,Commission,0,"102,314.48","511,572.38"
3-Jun-21,Reversal,0,"255,786.19","255,786.19"
3-Jun-21,RTGS,"613,763.75",0,"869,549.94"
3-Jun-21,Bill,427,0,"869,976.94"
3-Jun-21,Cheque,2.83,0,"869,979.77"
3-Jun-21,Cash,"2,934.50",0,"872,914.27"
4-Jun-21,Cheque,52.5,0,"872,966.77"
4-Jun-21,Debit Card,"56,338.60",0,"929,305.37"
4-Jun-21,Tax,53,0,"929,358.37"
4-Jun-21,Cheque,0,"309,786.12","619,572.25"
4-Jun-21,Debit Card,0,"123,914.45","495,657.80"
4-Jun-21,RTGS,"1,650.00",0,"497,307.80"
4-Jun-21,NEFT,50.8,0,"497,358.60"
4-Jun-21,Tax,0,"497,358.60",0
4-Jun-21,Reversal,"2,432.00",0,"2,432.00"
4-Jun-21,Interest,0,"1,216.00","1,216.00"
4-Jun-21,Miscellaneous,360,0,"1,576.00"
4-Jun-21,IMPS,"28,216.06",0,"29,792.06"
4-Jun-21,Bill,0,"14,896.03","14,896.03"
4-Jun-21,NEFT,4,0,"14,900.03"
4-Jun-21,Tax,"20,986.66",0,"35,886.69"
4-Jun-21,Interest,0,"11,962.23","23,924.46"
4-Jun-21,NEFT,"1,257,794.75",0,"1,281,719.21"
4-Jun-21,Bill,0,"640,859.61","640,859.60"
4-Jun-21,Tax,0,"640,859.60",0
4-Jun-21,Commission,3.21,0,3.21
4-Jun-21,Interest,0,3.21,0
4-Jun-21,IMPS,64,0,64
4-Jun-21,Transfer,0,8,56
4-Jun-21,ATM,0,14,42
4-Jun-21,Bill,1,0,43
4-Jun-21,Purchase,0,7.17,35.83
5-Jun-21,Cheque,"3,826.87",0,"3,862.70"
5-Jun-21,Tax,0,643.78,"3,218.92"
5-Jun-21,RTGS,0,"1,609.46","1,609.46"
5-Jun-21,ATM,0,201.18,"1,408.28"
5-Jun-21,Transfer,0,281.66,"1,126.62"
5-Jun-21,Commission,0,187.77,938.85
5-Jun-21,Purchase,"28,081.23",0,"29,020.08"
6-Jun-21,Commission,"251,422.00",0,"280,442.08"
6-Jun-21,RTGS,"1,701,924.20",0,"1,982,366.28"
6-Jun-21,IMPS,"7,519.59",0,"1,989,885.87"
6-Jun-21,Cheque,0,"284,269.41","1,705,616.46"
6-Jun-21,Tax,"2,048,327.50",0,"3,753,943.96"
6-Jun-21,Commission,"1,593.60",0,"3,755,537.56"
6-Jun-21,Interest,0,"751,107.51","3,004,430.05"
6-Jun-21,Miscellaneous,0,"500,738.34","2,503,691.71"
6-Jun-21,Commission,0,"1,251,845.86","1,251,845.86"
6-Jun-21,Tax,0,"417,281.95","834,563.91"
6-Jun-21,Bill,"1,266,396.00",0,"2,100,959.91"
6-Jun-21,Cheque,0,"210,095.99","1,890,863.92"
6-Jun-21,Reversal,0,"630,287.97","1,260,575.95"
6-Jun-21,Bill,0,"180,082.28","1,080,493.67"
6-Jun-21,IMPS,"29,475.00",0,"1,109,968.67"
6-Jun-21,Miscellaneous,"6,085.00",0,"1,116,053.67"
6-Jun-21,Debit Card,0,"279,013.42","837,040.25"
6-Jun-21,Purchase,2,0,"837,042.25"
6-Jun-21,RTGS,"24,202.20",0,"861,244.45"
7-Jun-21,ATM,0,"95,693.83","765,550.62"
7-Jun-21,Miscellaneous,0,"382,775.31","382,775.31"
7-Jun-21,Debit Card,0,"42,530.59","340,244.72"
7-Jun-21,ATM,"1,819,005.00",0,"2,159,249.72"
7-Jun-21,Transfer,2,0,"2,159,251.72"
7-Jun-21,Reversal,0,"239,916.86","1,919,334.86"
7-Jun-21,Cash,"1,846,870.25",0,"3,766,205.11"
7-Jun-21,Cheque,23.22,0,"3,766,228.33"
7-Jun-21,Purchase,0,"1,883,114.17","1,883,114.16"
7-Jun-21,RTGS,"3,563.77",0,"1,886,677.93"
7-Jun-21,Debit Card,6,0,"1,886,683.93"
7-Jun-21,NEFT,"21,954.80",0,"1,908,638.73"
7-Jun-21,Bill,0,"954,319.37","954,319.36"
7-Jun-21,Transfer,0,"318,106.45","636,212.91"
7-Jun-21,Bill,4.04,0,"636,216.95"
7-Jun-21,Transfer,0,"159,054.24","477,162.71"
7-Jun-21,NEFT,0,"238,581.36","238,581.36"
7-Jun-21,IMPS,3.88,0,"238,585.24"
7-Jun-21,Interest,0,"79,528.41","159,056.83"
7-Jun-21,RTGS,"1,783,401.00",0,"1,942,457.83"
8-Jun-21,Commission,0,"215,828.65","1,726,629.18"
8-Jun-21,Cheque,246,0,"1,726,875.18"
8-Jun-21,Reversal,0,"215,859.40","1,511,015.78"
8-Jun-21,Miscellaneous,0,"755,507.89","755,507.89"
8-Jun-21,Miscellaneous,0,"188,876.97","566,630.92"
8-Jun-21,Purchase,"135,814.70",0,"702,445.62"
8-Jun-21,Debit Card,"25,260.08",0,"727,705.70"
8-Jun-21,IMPS,0,"242,568.57","485,137.13"
8-Jun-21,Tax,"113,454.30",0,"598,591.43"
8-Jun-21,Tax,0,"99,765.24","498,826.19"
8-Jun-21,Debit Card,"1,262,344.20",0,"1,761,170.39"
8-Jun-21,Reversal,0,"587,056.80","1,174,113.59"
8-Jun-21,NEFT,"1,418.64",0,"1,175,532.23"
8-Jun-21,IMPS,0,"167,933.18","1,007,599.05"
8-Jun-21,Cheque,"185,525.40",0,"1,193,124.45"
8-Jun-21,Cash,6.1,0,"1,193,130.55"
8-Jun-21,Purchase,0,"596,565.28","596,565.28"
8-Jun-21,Commission,0,"66,285.03","530,280.25"
8-Jun-21,Bill,399.5,0,"530,679.75"
8-Jun-21,Transfer,0,"132,669.94","398,009.81"
8-Jun-21,IMPS,"4,075.18",0,"402,084.99"
8-Jun-21,NEFT,0,"402,084.99",0
8-Jun-21,NEFT,"28,139.27",0,"28,139.27"
8-Jun-21,RTGS,429,0,"28,568.27"
8-Jun-21,Debit Card,0,"4,761.38","23,806.89"
8-Jun-21,Purchase,"2,034,076.00",0,"2,057,882.89"
8-Jun-21,Commission,0,"293,983.27","1,763,899.62"
8-Jun-21,Commission,0,"440,974.91","1,322,924.72"
8-Jun-21,Cash,56.52,0,"1,322,981.24"
8-Jun-21,ATM,"22,224.00",0,"1,345,205.24"
8-Jun-21,Commission,120.65,0,"1,345,325.89"
8-Jun-21,Interest,0,"134,532.59","1,210,793.30"
8-Jun-21,NEFT,258,0,"1,211,051.30"
8-Jun-21,IMPS,0,"151,381.41","1,059,669.89"
8-Jun-21,IMPS,0,"105,966.99","953,702.90"
8-Jun-21,Cheque,161,0,"953,863.90"
8-Jun-21,Miscellaneous,1,0,"953,864.90"
8-Jun-21,Cheque,0,"476,932.45","476,932.45"
8-Jun-21,Cheque,0,"238,466.23","238,466.22"
8-Jun-21,RTGS,"3,778.23",0,"242,244.45"
8-Jun-21,Debit Card,0,"242,244.45",0
8-Jun-21,Miscellaneous,"13,763.00",0,"13,763.00"
8-Jun-21,Debit Card,0,"1,720.38","12,042.62"
8-Jun-21,Interest,"3,125.00",0,"15,167.62"
8-Jun-21,Interest,0,"3,791.91","11,375.72"
8-Jun-21,NEFT,"557,475.50",0,"568,851.22"
8-Jun-21,Purchase,494,0,"569,345.22"
8-Jun-21,IMPS,0,"71,168.15","498,177.07"
8-Jun-21,Cheque,"164,218.09",0,"662,395.16"
8-Jun-21,Debit Card,12.7,0,"662,407.86"
8-Jun-21,RTGS,0,"165,601.97","496,805.90"
8-Jun-21,Cheque,0,"124,201.48","372,604.43"
8-Jun-21,Interest,0,"46,575.55","326,028.88"
8-Jun-21,NEFT,0,"36,225.43","289,803.45"
8-Jun-21,Debit Card,0,"48,300.58","241,502.88"
8-Jun-21,ATM,0,"30,187.86","211,315.02"
8-Jun-21,Commission,44,0,"211,359.02"
8-Jun-21,Debit Card,"24,135.80",0,"235,494.82"
8-Jun-21,Commission,"4,349.53",0,"239,844.35"
8-Jun-21,RTGS,"250,125.80",0,"489,970.15"
8-Jun-21,IMPS,0,"97,994.03","391,976.12"
8-Jun-21,Miscellaneous,0,"97,994.03","293,982.09"
8-Jun-21,Reversal,"32,328.00",0,"326,310.09"
8-Jun-21,Debit Card,4,0,"326,314.09"
8-Jun-21,Cheque,44.49,0,"326,358.58"
8-Jun-21,Cash,0,"36,262.06","290,096.52"
8-Jun-21,Commission,0,"58,019.30","232,077.22"
8-Jun-21,Interest,0,"29,009.65","203,067.57"
9-Jun-21,Reversal,0,"22,563.06","180,504.51"
9-Jun-21,NEFT,63,0,"180,567.51"
9-Jun-21,Cheque,"878,133.20",0,"1,058,700.71"
9-Jun-21,Purchase,0,"117,633.41","941,067.30"
9-Jun-21,Debit Card,0,"94,106.73","846,960.57"
9-Jun-21,Bill,"1,600,800.00",0,"2,447,760.57"
9-Jun-21,IMPS,"2,084.10",0,"2,449,844.67"
9-Jun-21,Reversal,1.94,0,"2,449,846.61"
9-Jun-21,NEFT,0,"349,978.09","2,099,868.52"
9-Jun-21,Purchase,0,"299,981.22","1,799,887.30"
9-Jun-21,NEFT,0,"449,971.83","1,349,915.48"
9-Jun-21,Miscellaneous,"166,048.62",0,"1,515,964.10"
9-Jun-21,IMPS,0,"303,192.82","1,212,771.28"
9-Jun-21,Bill,0,"151,596.41","1,061,174.87"
9-Jun-21,Interest,175.5,0,"1,061,350.37"
9-Jun-21,Cheque,0,"106,135.04","955,215.33"
9-Jun-21,RTGS,0,"106,135.04","849,080.29"
9-Jun-21,NEFT,2.2,0,"849,082.49"
9-Jun-21,Cash,0,"121,297.50","727,784.99"
9-Jun-21,NEFT,"79,943.40",0,"807,728.39"
9-Jun-21,IMPS,186.79,0,"807,915.18"
9-Jun-21,Bill,3,0,"807,918.18"
9-Jun-21,Cash,0,"201,979.55","605,938.64"
9-Jun-21,Interest,0,"60,593.86","545,344.78"
9-Jun-21,Interest,0,"77,906.40","467,438.38"
9-Jun-21,IMPS,0.94,0,"467,439.32"
9-Jun-21,Purchase,0,"155,813.11","311,626.21"
9-Jun-21,Purchase,"12,119.77",0,"323,745.98"
9-Jun-21,Miscellaneous,3,0,"323,748.98"
9-Jun-21,Transfer,4,0,"323,752.98"
9-Jun-21,Transfer,0,"161,876.49","161,876.49"
9-Jun-21,Interest,"1,339.00",0,"163,215.49"
9-Jun-21,Purchase,"981,895.75",0,"1,145,111.24"
9-Jun-21,Interest,0,"163,587.32","981,523.92"
9-Jun-21,Reversal,0,"196,304.78","785,219.14"
9-Jun-21,ATM,0,"112,174.16","673,044.98"
9-Jun-21,Cash,0,"96,149.28","576,895.70"
9-Jun-21,RTGS,0,"144,223.93","432,671.78"
9-Jun-21,Purchase,0,"72,111.96","360,559.82"
9-Jun-21,Transfer,0,"72,111.96","288,447.86"
10-Jun-21,Tax,0,"28,844.79","259,603.07"
10-Jun-21,Commission,0,"43,267.18","216,335.89"
10-Jun-21,Cheque,0,"27,041.99","189,293.90"
10-Jun-21,Reversal,"213,213.00",0,"402,506.90"
10-Jun-21,Cheque,0,"80,501.38","322,005.52"
10-Jun-21,Miscellaneous,"4,283.20",0,"326,288.72"
10-Jun-21,Debit Card,55.8,0,"326,344.52"
10-Jun-21,Interest,0,"163,172.26","163,172.26"
10-Jun-21,ATM,96,0,"163,268.26"
10-Jun-21,Transfer,0,"16,326.83","146,941.43"
10-Jun-21,Transfer,0,"16,326.83","130,614.60"
10-Jun-21,NEFT,0,"65,307.30","65,307.30"
10-Jun-21,Purchase,0,"16,326.83","48,980.48"
10-Jun-21,Bill,"1,137,316.00",0,"1,186,296.48"
10-Jun-21,NEFT,23,0,"1,186,319.48"
10-Jun-21,Cash,0,"593,159.74","593,159.74"
10-Jun-21,IMPS,0,"197,719.91","395,439.83"
10-Jun-21,ATM,"3,542.00",0,"398,981.83"
10-Jun-21,Bill,0,"44,331.31","354,650.52"
10-Jun-21,Tax,0,"177,325.26","177,325.26"
10-Jun-21,Tax,11,0,"177,336.26"
10-Jun-21,Commission,"1,690.49",0,"179,026.75"
10-Jun-21,Interest,"180,864.30",0,"359,891.05"
10-Jun-21,Commission,0,"51,413.01","308,478.04"
10-Jun-21,Bill,"168,404.00",0,"476,882.04"
10-Jun-21,Cash,0,"47,688.20","429,193.84"
10-Jun-21,IMPS,0,"429,193.84",0
10-Jun-21,IMPS,6,0,6
10-Jun-21,Interest,0,6,0
10-Jun-21,NEFT,6.78,0,6.78
10-Jun-21,IMPS,0,0.85,5.93
10-Jun-21,Reversal,"501,386.00",0,"501,391.93"
10-Jun-21,Interest,0,"501,391.93",0
10-Jun-21,Reversal,53,0,53
10-Jun-21,Tax,"26,000.00",0,"26,053.00"
10-Jun-21,Reversal,0,"2,605.30","23,447.70"
10-Jun-21,Miscellaneous,0,"7,815.90","15,631.80"
10-Jun-21,Miscellaneous,12.92,0,"15,644.72"
10-Jun-21,Cash,42.9,0,"15,687.62"
10-Jun-21,Reversal,0,"3,137.52","12,550.10"
10-Jun-21,Interest,218,0,"12,768.10"
10-Jun-21,ATM,"2,196.13",0,"14,964.23"
10-Jun-21,RTGS,0,"1,496.42","13,467.81"
10-Jun-21,Debit Card,7.6,0,"13,475.41"
10-Jun-21,Cheque,0,"3,368.85","10,106.56"
10-Jun-21,Miscellaneous,0.65,0,"10,107.21"
10-Jun-21,NEFT,0,"1,123.02","8,984.19"
10-Jun-21,ATM,0,"4,492.10","4,492.10"
10-Jun-21,Miscellaneous,"2,037,553.80",0,"2,042,045.90"
10-Jun-21,ATM,0,"680,681.97","1,361,363.93"
10-Jun-21,Reversal,0,"226,893.99","1,134,469.94"
10-Jun-21,NEFT,"2,894.80",0,"1,137,364.74"
10-Jun-21,Transfer,0,"568,682.37","568,682.37"
10-Jun-21,Tax,0,"142,170.59","426,511.78"
10-Jun-21,Tax,0,"42,651.18","383,860.60"
10-Jun-21,Tax,0,"54,837.23","329,023.37"
10-Jun-21,Commission,0,"164,511.69","164,511.68"
10-Jun-21,Reversal,"152,862.00",0,"317,373.68"
10-Jun-21,Cheque,0,"35,263.74","282,109.94"
10-Jun-21,Bill,"4,078.00",0,"286,187.94"
10-Jun-21,Interest,0,"31,798.66","254,389.28"
10-Jun-21,Commission,0,"254,389.28",0
10-Jun-21,Bill,"194,432.00",0,"194,432.00"
10-Jun-21,NEFT,0,"64,810.67","129,621.33"
10-Jun-21,Debit Card,0,"18,517.33","111,104.00"
10-Jun-21,Purchase,"268,035.50",0,"379,139.50"
10-Jun-21,Commission,"67,316.40",0,"446,455.90"
10-Jun-21,Interest,0,"49,606.21","396,849.69"
10-Jun-21,Commission,5,0,"396,854.69"
10-Jun-21,IMPS,0,"56,693.53","340,161.16"
10-Jun-21,NEFT,0,"68,032.23","272,128.93"
10-Jun-21,Debit Card,0,"38,875.56","233,253.37"
10-Jun-21,Reversal,0,"58,313.34","174,940.03"
10-Jun-21,Tax,0,"17,494.00","157,446.03"
10-Jun-21,Interest,0,"22,492.29","134,953.74"
10-Jun-21,RTGS,0,"22,492.29","112,461.45"
10-Jun-21,Commission,64,0,"112,525.45"
10-Jun-21,IMPS,6,0,"112,531.45"
10-Jun-21,Cheque,0,"18,755.24","93,776.21"
10-Jun-21,Reversal,"27,791.20",0,"121,567.41"
11-Jun-21,IMPS,"149,001.22",0,"270,568.63"
11-Jun-21,Debit Card,0,"135,284.32","135,284.32"
11-Jun-21,Transfer,4.03,0,"135,288.35"
11-Jun-21,Cheque,0,"16,911.04","118,377.31"
11-Jun-21,Bill,0,"59,188.66","59,188.66"
11-Jun-21,NEFT,"102,826.50",0,"162,015.16"
11-Jun-21,Tax,0,"27,002.53","135,012.63"
11-Jun-21,Debit Card,0,"13,501.26","121,511.37"
11-Jun-21,Transfer,0,"17,358.77","104,152.60"
11-Jun-21,Miscellaneous,0,"26,038.15","78,114.45"
11-Jun-21,Transfer,299.79,0,"78,414.24"
11-Jun-21,Interest,0,"78,414.24",0
11-Jun-21,IMPS,6,0,6
11-Jun-21,Commission,0,0.75,5.25
11-Jun-21,Debit Card,20.4,0,25.65
11-Jun-21,Reversal,0,8.55,17.1
11-Jun-21,Tax,"14,127.00",0,"14,144.10"
11-Jun-21,Cash,0,"4,714.70","9,429.40"
11-Jun-21,Debit Card,0,"1,047.71","8,381.69"
11-Jun-21,Debit Card,0,"1,197.38","7,184.31"
11-Jun-21,Cash,0,"1,796.08","5,388.23"
11-Jun-21,Reversal,"1,244.90",0,"6,633.13"
11-Jun-21,Purchase,0.64,0,"6,633.77"
12-Jun-21,Cash,5.2,0,"6,638.97"
13-Jun-21,NEFT,0,829.87,"5,809.10"
13-Jun-21,Cheque,0,726.14,"5,082.96"
13-Jun-21,Cash,"23,058.00",0,"28,140.96"
13-Jun-21,Debit Card,0,"3,517.62","24,623.34"
13-Jun-21,RTGS,0,"4,924.67","19,698.67"
13-Jun-21,Bill,"381,868.00",0,"401,566.67"
13-Jun-21,Cash,758.4,0,"402,325.07"
13-Jun-21,Debit Card,0,"40,232.51","362,092.56"
13-Jun-21,ATM,0,"45,261.57","316,830.99"
13-Jun-21,Interest,0,"105,610.33","211,220.66"
14-Jun-21,Commission,0,"211,220.66",0
14-Jun-21,Commission,7.76,0,7.76
14-Jun-21,IMPS,"3,523.00",0,"3,530.76"
14-Jun-21,Cash,"9,328.04",0,"12,858.80"
14-Jun-21,Cash,0,"4,286.27","8,572.53"
14-Jun-21,Reversal,129.6,0,"8,702.13"
14-Jun-21,Commission,0,"8,702.13",0
14-Jun-21,Cash,0.87,0,0.87
14-Jun-21,Tax,1,0,1.87
14-Jun-21,Purchase,0,1.87,0
15-Jun-21,ATM,345.13,0,345.13
15-Jun-21,Transfer,0,43.14,301.99
15-Jun-21,Purchase,0,100.66,201.33
15-Jun-21,RTGS,0,201.33,0
15-Jun-21,Transfer,"8,323.71",0,"8,323.71"
15-Jun-21,Cash,0,832.37,"7,491.34"
15-Jun-21,Bill,0,"1,498.27","5,993.07"
15-Jun-21,Miscellaneous,0,"5,993.07",0
15-Jun-21,RTGS,888.19,0,888.19
15-Jun-21,NEFT,0,98.69,789.5
15-Jun-21,Miscellaneous,97.19,0,886.69
15-Jun-21,IMPS,0,886.69,0
15-Jun-21,Interest,"78,222.00",0,"78,222.00"
15-Jun-21,ATM,0,"7,822.20","70,399.80"
15-Jun-21,IMPS,445.1,0,"70,844.90"
16-Jun-21,Commission,"507,763.00",0,"578,607.90"
16-Jun-21,Interest,"16,421.00",0,"595,028.90"
16-Jun-21,Cash,16,0,"595,044.90"
16-Jun-21,Cheque,4.3,0,"595,049.20"
16-Jun-21,Commission,"31,791.80",0,"626,841.00"
16-Jun-21,NEFT,0,"125,368.20","501,472.80"
16-Jun-21,Interest,2,0,"501,474.80"
16-Jun-21,Cheque,21,0,"501,495.80"
16-Jun-21,IMPS,0,"250,747.90","250,747.90"
16-Jun-21,Reversal,0,"250,747.90",0
16-Jun-21,Commission,6.4,0,6.4
16-Jun-21,Tax,0,0.64,5.76
16-Jun-21,Tax,0,1.15,4.61
16-Jun-21,Debit Card,428,0,432.61
16-Jun-21,Miscellaneous,0,144.2,288.41
16-Jun-21,Transfer,428,0,716.41
16-Jun-21,Commission,5.6,0,722.01
16-Jun-21,Cheque,0,240.67,481.34
16-Jun-21,Debit Card,0,68.76,412.58
16-Jun-21,Tax,113,0,525.58
16-Jun-21,Reversal,0,131.4,394.19
16-Jun-21,Transfer,6.65,0,400.84
16-Jun-21,Debit Card,0,44.54,356.3
16-Jun-21,Commission,0,44.54,311.76
16-Jun-21,Commission,0,38.97,272.79
16-Jun-21,Tax,"1,909,368.80",0,"1,909,641.59"
17-Jun-21,IMPS,0,0,"1,909,641.59"
18-Jun-21,ATM,"1,196,974.00",0,"3,106,615.59"
18-Jun-21,Tax,0,"443,802.23","2,662,813.36"
19-Jun-21,Transfer,"26,446.00",0,"2,689,259.36"
19-Jun-21,Reversal,1,0,"2,689,260.36"
19-Jun-21,NEFT,"29,470.30",0,"2,718,730.66"
19-Jun-21,NEFT,0,"339,841.33","2,378,889.33"
19-Jun-21,Cash,0,"297,361.17","2,081,528.16"
19-Jun-21,Purchase,0,"297,361.17","1,784,166.99"
19-Jun-21,Commission,0,"446,041.75","1,338,125.24"
19-Jun-21,Purchase,"7,025.30",0,"1,345,150.54"
19-Jun-21,IMPS,8.84,0,"1,345,159.38"
19-Jun-21,Miscellaneous,55.49,0,"1,345,214.87"
19-Jun-21,RTGS,0,"192,173.55","1,153,041.32"
19-Jun-21,NEFT,0,"576,520.66","576,520.66"
19-Jun-21,Transfer,0,"115,304.13","461,216.53"
19-Jun-21,ATM,175,0,"461,391.53"
19-Jun-21,Debit Card,0,"153,797.18","307,594.35"
20-Jun-21,NEFT,10.71,0,"307,605.06"
20-Jun-21,Purchase,2,0,"307,607.06"
20-Jun-21,IMPS,7.5,0,"307,614.56"
20-Jun-21,Tax,0,"76,903.64","230,710.92"
20-Jun-21,Debit Card,395.2,0,"231,106.12"
20-Jun-21,Interest,0,"115,553.06","115,553.06"
20-Jun-21,Miscellaneous,0,"38,517.69","77,035.37"
20-Jun-21,ATM,"1,561.50",0,"78,596.87"
20-Jun-21,Interest,0,"7,859.69","70,737.18"
20-Jun-21,IMPS,0,"7,073.72","63,663.46"
20-Jun-21,Cash,"1,977,444.00",0,"2,041,107.46"
20-Jun-21,Bill,0,"510,276.87","1,530,830.60"
20-Jun-21,Purchase,"169,470.00",0,"1,700,300.60"
20-Jun-21,Miscellaneous,0,"566,766.87","1,133,533.73"
20-Jun-21,Interest,0,"161,933.39","971,600.34"
20-Jun-21,Debit Card,0,"97,160.03","874,440.31"
20-Jun-21,ATM,122.8,0,"874,563.11"
20-Jun-21,Commission,0,"874,563.11",0
21-Jun-21,Interest,56.26,0,56.26
21-Jun-21,Miscellaneous,0,9.38,46.88
21-Jun-21,NEFT,0,46.88,0
21-Jun-21,ATM,593,0,593
21-Jun-21,Interest,1.11,0,594.11
21-Jun-21,Cash,"12,531.00",0,"13,125.11"
21-Jun-21,ATM,0,"1,312.51","11,812.60"
21-Jun-21,Debit Card,"197,781.00",0,"209,593.60"
21-Jun-21,Transfer,0,"20,959.36","188,634.24"
21-Jun-21,Interest,0,"20,959.36","167,674.88"
21-Jun-21,Cash,"2,454.40",0,"170,129.28"
21-Jun-21,RTGS,51.69,0,"170,180.97"
21-Jun-21,IMPS,"1,387,274.50",0,"1,557,455.47"
21-Jun-21,Tax,0,"155,745.55","1,401,709.92"
21-Jun-21,Cash,1.9,0,"1,401,711.82"
22-Jun-21,Miscellaneous,0,"200,244.55","1,201,467.27"
22-Jun-21,IMPS,"2,866.82",0,"1,204,334.09"
22-Jun-21,RTGS,0,"200,722.35","1,003,611.74"
22-Jun-21,Cash,0,"1,003,611.74",0
22-Jun-21,Reversal,"69,708.34",0,"69,708.34"
22-Jun-21,ATM,"585,696.50",0,"655,404.84"
22-Jun-21,Miscellaneous,0,"131,080.97","524,323.87"
22-Jun-21,Reversal,"17,502.40",0,"541,826.27"
22-Jun-21,Reversal,16.1,0,"541,842.37"
22-Jun-21,Transfer,"3,258.90",0,"545,101.27"
23-Jun-21,Bill,920.8,0,"546,022.07"
23-Jun-21,Commission,0,"136,505.52","409,516.55"
23-Jun-21,Commission,0,"45,501.84","364,014.71"
23-Jun-21,IMPS,0,"91,003.68","273,011.03"
23-Jun-21,Cash,0,"136,505.52","136,505.52"
23-Jun-21,Tax,0,"22,750.92","113,754.60"
23-Jun-21,Miscellaneous,333.61,0,"114,088.21"
23-Jun-21,Bill,0,"38,029.40","76,058.81"
23-Jun-21,Transfer,"2,261.38",0,"78,320.19"
23-Jun-21,RTGS,"30,531.90",0,"108,852.09"
23-Jun-21,Reversal,58.8,0,"108,910.89"
23-Jun-21,Interest,0,"21,782.18","87,128.71"
23-Jun-21,RTGS,2.9,0,"87,131.61"
23-Jun-21,RTGS,4,0,"87,135.61"
23-Jun-21,RTGS,0,0,"87,135.61"
23-Jun-21,Commission,"8,517.60",0,"95,653.21"
23-Jun-21,Interest,0,"15,942.20","79,711.01"
24-Jun-21,Purchase,139.29,0,"79,850.30"
24-Jun-21,Transfer,7,0,"79,857.30"
24-Jun-21,Transfer,0,"13,309.55","66,547.75"
24-Jun-21,Miscellaneous,0,"8,318.47","58,229.28"
24-Jun-21,Reversal,0,"14,557.32","43,671.96"
24-Jun-21,Miscellaneous,0,"5,459.00","38,212.96"
24-Jun-21,Interest,0,"9,553.24","28,659.72"
24-Jun-21,Cheque,0,"4,776.62","23,883.10"
24-Jun-21,IMPS,88.93,0,"23,972.03"
24-Jun-21,IMPS,146.2,0,"24,118.23"
24-Jun-21,Interest,0,"4,019.71","20,098.53"
24-Jun-21,Bill,0,"10,049.27","10,049.26"
24-Jun-21,Miscellaneous,0,"1,116.58","8,932.68"
24-Jun-21,ATM,0,"1,488.78","7,443.90"
25-Jun-21,Tax,0,"2,481.30","4,962.60"
25-Jun-21,Tax,"4,090.60",0,"9,053.20"
25-Jun-21,RTGS,5.44,0,"9,058.64"
25-Jun-21,ATM,0,"1,509.77","7,548.87"
25-Jun-21,Commission,"32,518.23",0,"40,067.10"
25-Jun-21,Commission,0,"4,451.90","35,615.20"
25-Jun-21,Reversal,"456,296.00",0,"491,911.20"
26-Jun-21,Debit Card,0,"98,382.24","393,528.96"
26-Jun-21,Debit Card,0,"43,725.44","349,803.52"
26-Jun-21,IMPS,"2,764.20",0,"352,567.72"
26-Jun-21,Commission,"2,715.30",0,"355,283.02"
26-Jun-21,NEFT,0,"88,820.76","266,462.26"
26-Jun-21,Cash,"834,916.00",0,"1,101,378.26"
26-Jun-21,Miscellaneous,"113,116.20",0,"1,214,494.46"
26-Jun-21,Debit Card,0,"303,623.62","910,870.84"
26-Jun-21,Transfer,0,"130,124.41","780,746.43"
26-Jun-21,Transfer,"15,835.00",0,"796,581.43"
26-Jun-21,Debit Card,0,"132,763.57","663,817.86"
26-Jun-21,Cash,7.4,0,"663,825.26"
26-Jun-21,Cash,243,0,"664,068.26"
26-Jun-21,Miscellaneous,326.48,0,"664,394.74"
26-Jun-21,Tax,0,"132,878.95","531,515.79"
26-Jun-21,Cash,0,"132,878.95","398,636.84"
26-Jun-21,RTGS,0,"79,727.37","318,909.47"
26-Jun-21,ATM,307.8,0,"319,217.27"
26-Jun-21,IMPS,0.11,0,"319,217.38"
26-Jun-21,Tax,99,0,"319,316.38"
26-Jun-21,Commission,0,"31,931.64","287,384.74"
26-Jun-21,Debit Card,0,"31,931.64","255,453.10"
27-Jun-21,Transfer,97.08,0,"255,550.18"
27-Jun-21,Commission,"1,539,402.00",0,"1,794,952.18"
27-Jun-21,Debit Card,"1,450,597.80",0,"3,245,549.98"
27-Jun-21,Cheque,0,"324,555.00","2,920,994.98"
27-Jun-21,Purchase,230,0,"2,921,224.98"
27-Jun-21,ATM,22.8,0,"2,921,247.78"
27-Jun-21,Interest,701.42,0,"2,921,949.20"
28-Jun-21,Reversal,0,"973,983.07","1,947,966.13"
28-Jun-21,Debit Card,0,"243,495.77","1,704,470.36"
28-Jun-21,RTGS,0,"852,235.18","852,235.18"
28-Jun-21,Cheque,0,"284,078.39","568,156.79"
28-Jun-21,ATM,0,"113,631.36","454,525.43"
28-Jun-21,Tax,0,"64,932.20","389,593.23"
28-Jun-21,Reversal,0,"129,864.41","259,728.82"
28-Jun-21,Transfer,42,0,"259,770.82"
28-Jun-21,IMPS,"174,008.00",0,"433,778.82"
28-Jun-21,RTGS,0,"144,592.94","289,185.88"
28-Jun-21,Reversal,0,"57,837.18","231,348.70"
28-Jun-21,Purchase,24.5,0,"231,373.20"
28-Jun-21,IMPS,0,"57,843.30","173,529.90"
28-Jun-21,Tax,"173,746.91",0,"347,276.81"
28-Jun-21,Interest,0,"86,819.20","260,457.61"
28-Jun-21,IMPS,0,"86,819.20","173,638.41"
28-Jun-21,Reversal,"25,992.29",0,"199,630.70"
28-Jun-21,Tax,0,"22,181.19","177,449.51"
28-Jun-21,Commission,"3,679.00",0,"181,128.51"
28-Jun-21,Cheque,3.94,0,"181,132.45"
28-Jun-21,Purchase,15.03,0,"181,147.48"
28-Jun-21,Reversal,0,"22,643.44","158,504.05"
28-Jun-21,Debit Card,"65,875.00",0,"224,379.05"
28-Jun-21,Transfer,"1,898.70",0,"226,277.75"
28-Jun-21,NEFT,0,"28,284.72","197,993.03"
28-Jun-21,Commission,0,"28,284.72","169,708.31"
28-Jun-21,Debit Card,"3,494.07",0,"173,202.38"
28-Jun-21,RTGS,"9,630.00",0,"182,832.38"
28-Jun-21,Cheque,0,"22,854.05","159,978.33"
28-Jun-21,Miscellaneous,"10,705.60",0,"170,683.93"
28-Jun-21,Commission,"4,541.20",0,"175,225.13"
28-Jun-21,NEFT,0,"43,806.28","131,418.85"
28-Jun-21,IMPS,"32,472.98",0,"163,891.83"
28-Jun-21,Cheque,"3,207.00",0,"167,098.83"
28-Jun-21,ATM,0,"16,709.88","150,388.95"
28-Jun-21,Bill,0,"18,798.62","131,590.33"
28-Jun-21,RTGS,"3,279.17",0,"134,869.50"
28-Jun-21,Tax,0,"44,956.50","89,913.00"
28-Jun-21,RTGS,0,"29,971.00","59,942.00"
28-Jun-21,Reversal,0,"7,492.75","52,449.25"
28-Jun-21,IMPS,664,0,"53,113.25"
28-Jun-21,Commission,"1,169,164.00",0,"1,222,277.25"
28-Jun-21,RTGS,16,0,"1,222,293.25"
28-Jun-21,Reversal,0,"1,222,293.25",0
29-Jun-21,Bill,"3,004.72",0,"3,004.72"
29-Jun-21,Cheque,0,500.79,"2,503.93"
29-Jun-21,NEFT,0,"1,251.97","1,251.96"
29-Jun-21,Tax,0,"1,251.96",0
29-Jun-21,Bill,372,0,372
30-Jun-21,Interest,"168,254.28",0,"168,626.28"
30-Jun-21,Tax,393.7,0,"169,019.98"
30-Jun-21,Tax,0,"28,170.00","140,849.98"
30-Jun-21,RTGS,0,"14,085.00","126,764.98"
30-Jun-21,Purchase,206.58,0,"126,971.56"
30-Jun-21,Purchase,"21,905.70",0,"148,877.26"
30-Jun-21,Interest,0,"37,219.32","111,657.94"
30-Jun-21,Reversal,0,"37,219.31","74,438.63"
30-Jun-21,Reversal,0,"7,443.86","66,994.77"
30-Jun-21,Interest,504,0,"67,498.77"
30-Jun-21,Reversal,9.7,0,"67,508.47"
30-Jun-21,IMPS,19,0,"67,527.47"
30-Jun-21,Tax,0,"16,881.87","50,645.60"
30-Jun-21,Miscellaneous,6.2,0,"50,651.80"
30-Jun-21,Purchase,"3,659.50",0,"54,311.30"
30-Jun-21,Transfer,54.1,0,"54,365.40"
30-Jun-21,IMPS,275,0,"54,640.40"
30-Jun-21,Miscellaneous,"1,175,792.00",0,"1,230,432.40"
30-Jun-21,Cash,41.55,0,"1,230,473.95"
30-Jun-21,Commission,0,"175,781.99","1,054,691.96"
30-Jun-21,Debit Card,0,"351,563.99","703,127.97"
30-Jun-21,IMPS,0,"87,891.00","615,236.97"
30-Jun-21,Tax,"1,463.00",0,"616,699.97"
30-Jun-21,Debit Card,0,"205,566.66","411,133.31"
30-Jun-21,Tax,0,"45,681.48","365,451.83"
30-Jun-21,Interest,0,"73,090.37","292,361.46"
30-Jun-21,Bill,"1,165.00",0,"293,526.46"
30-Jun-21,Purchase,"546,503.50",0,"840,029.96"
30-Jun-21,ATM,"2,010,311.20",0,"2,850,341.16"
30-Jun-21,Interest,"1,138.03",0,"2,851,479.19"
1-Jul-21,Cheque,"137,955.00",0,"2,989,434.19"
1-Jul-21,Commission,12.1,0,"2,989,446.29"
1-Jul-21,RTGS,36,0,"2,989,482.29"
1-Jul-21,Reversal,"1,499,228.00",0,"4,488,710.29"
1-Jul-21,Miscellaneous,0,"748,118.38","3,740,591.91"
1-Jul-21,Interest,0,"534,370.27","3,206,221.64"
1-Jul-21,Cheque,0,"356,246.85","2,849,974.79"
1-Jul-21,Bill,"1,224.90",0,"2,851,199.69"
1-Jul-21,Commission,0,"570,239.94","2,280,959.75"
1-Jul-21,Bill,0,"253,439.97","2,027,519.78"
1-Jul-21,Commission,0,"405,503.96","1,622,015.82"
1-Jul-21,IMPS,450.1,0,"1,622,465.92"
1-Jul-21,Debit Card,422.7,0,"1,622,888.62"
1-Jul-21,Tax,231.78,0,"1,623,120.40"
1-Jul-21,IMPS,"758,675.25",0,"2,381,795.65"
1-Jul-21,RTGS,12,0,"2,381,807.65"
1-Jul-21,NEFT,0,"396,967.94","1,984,839.71"
1-Jul-21,RTGS,"1,264,366.50",0,"3,249,206.21"
1-Jul-21,Commission,"3,324.00",0,"3,252,530.21"
1-Jul-21,IMPS,"1,206,728.00",0,"4,459,258.21"
1-Jul-21,NEFT,0,"557,407.28","3,901,850.93"
1-Jul-21,Commission,"24,372.00",0,"3,926,222.93"
1-Jul-21,Reversal,19.7,0,"3,926,242.63"
1-Jul-21,ATM,40,0,"3,926,282.63"
1-Jul-21,Debit Card,"1,057.00",0,"3,927,339.63"
1-Jul-21,Bill,0,"3,927,339.63",0
1-Jul-21,Reversal,"29,265.00",0,"29,265.00"
1-Jul-21,Cash,"23,648.97",0,"52,913.97"
1-Jul-21,Bill,0,"5,291.40","47,622.57"
1-Jul-21,Miscellaneous,5.78,0,"47,628.35"
1-Jul-21,Interest,0,"6,804.05","40,824.30"
1-Jul-21,Miscellaneous,0,"10,206.08","30,618.22"
1-Jul-21,NEFT,0,"6,123.64","24,494.58"
1-Jul-21,IMPS,"1,949,978.00",0,"1,974,472.58"
1-Jul-21,Commission,0,"493,618.15","1,480,854.44"
1-Jul-21,Debit Card,0,"296,170.89","1,184,683.55"
1-Jul-21,Bill,0,"118,468.36","1,066,215.20"
1-Jul-21,Debit Card,"3,557.00",0,"1,069,772.20"
1-Jul-21,ATM,0,"133,721.53","936,050.68"
1-Jul-21,Transfer,0.08,0,"936,050.76"
1-Jul-21,Commission,0,"234,012.69","702,038.07"
1-Jul-21,IMPS,30.8,0,"702,068.87"
1-Jul-21,RTGS,79,0,"702,147.87"
1-Jul-21,Tax,0,"234,049.29","468,098.58"
1-Jul-21,Cheque,322.42,0,"468,421.00"
1-Jul-21,Interest,7.3,0,"468,428.30"
1-Jul-21,Reversal,9.9,0,"468,438.20"
1-Jul-21,Cheque,0,"66,919.74","401,518.46"
1-Jul-21,Debit Card,0,0,"401,518.46"
1-Jul-21,Tax,0,"401,518.46",0
1-Jul-21,Cheque,2.9,0,2.9
1-Jul-21,ATM,0,0.36,2.54
2-Jul-21,Transfer,6,0,8.54
2-Jul-21,NEFT,"1,753,186.00",0,"1,753,194.54"
2-Jul-21,Bill,0,"584,398.18","1,168,796.36"
2-Jul-21,Reversal,0,"233,759.27","935,037.09"
2-Jul-21,Miscellaneous,"409,086.80",0,"1,344,123.89"
2-Jul-21,IMPS,0,"672,061.95","672,061.94"
2-Jul-21,Debit Card,"782,036.20",0,"1,454,098.14"
2-Jul-21,Debit Card,7.3,0,"1,454,105.44"
2-Jul-21,Bill,0,"181,763.18","1,272,342.26"
2-Jul-21,RTGS,"227,630.90",0,"1,499,973.16"
2-Jul-21,Cash,0,"299,994.63","1,199,978.53"
2-Jul-21,Bill,0,"599,989.27","599,989.26"
2-Jul-21,Cheque,0,"85,712.75","514,276.51"
2-Jul-21,Commission,0,"73,468.07","440,808.44"
2-Jul-21,IMPS,0,"48,978.72","391,829.72"
2-Jul-21,NEFT,6.66,0,"391,836.38"
2-Jul-21,RTGS,0,"48,979.55","342,856.83"
2-Jul-21,Cash,251.07,0,"343,107.90"
2-Jul-21,Tax,"238,020.00",0,"581,127.90"
2-Jul-21,Bill,0,"116,225.58","464,902.32"
2-Jul-21,Bill,274.69,0,"465,177.01"
2-Jul-21,Commission,0,"51,686.33","413,490.68"
2-Jul-21,Purchase,0,"59,070.10","354,420.58"
2-Jul-21,Purchase,"31,326.03",0,"385,746.61"
2-Jul-21,IMPS,0,"48,218.33","337,528.28"
2-Jul-21,Cash,"907,043.50",0,"1,244,571.78"
2-Jul-21,Miscellaneous,6.6,0,"1,244,578.38"
2-Jul-21,RTGS,0,"311,144.60","933,433.78"
2-Jul-21,Transfer,0,"933,433.78",0
2-Jul-21,ATM,53,0,53
2-Jul-21,Cheque,"3,776.50",0,"3,829.50"
2-Jul-21,ATM,"31,310.00",0,"35,139.50"
2-Jul-21,ATM,0,"5,856.58","29,282.92"
3-Jul-21,Transfer,0,"4,183.27","25,099.65"
3-Jul-21,Transfer,"212,541.00",0,"237,640.65"
3-Jul-21,Cheque,0,"118,820.33","118,820.32"
3-Jul-21,Miscellaneous,0,"11,882.03","106,938.29"
3-Jul-21,Debit Card,"11,614.00",0,"118,552.29"
3-Jul-21,NEFT,0.5,0,"118,552.79"
3-Jul-21,Interest,0,"14,819.10","103,733.69"
3-Jul-21,IMPS,0,"25,933.42","77,800.27"
3-Jul-21,Miscellaneous,"1,839.40",0,"79,639.67"
3-Jul-21,Transfer,0,"79,639.67",0
3-Jul-21,Purchase,"969,625.00",0,"969,625.00"
3-Jul-21,ATM,"27,557.40",0,"997,182.40"
3-Jul-21,Cheque,15.7,0,"997,198.10"
3-Jul-21,Reversal,0,"142,456.87","854,741.23"
3-Jul-21,Reversal,0,"142,456.87","712,284.36"
3-Jul-21,NEFT,0,"101,754.91","610,529.45"
3-Jul-21,NEFT,0,"203,509.82","407,019.63"
3-Jul-21,ATM,0,"407,019.63",0
4-Jul-21,Debit Card,"56,271.00",0,"56,271.00"
4-Jul-21,Miscellaneous,"244,836.34",0,"301,107.34"
4-Jul-21,Tax,4.86,0,"301,112.20"
4-Jul-21,Commission,0,"37,639.03","263,473.18"
5-Jul-21,Bill,0,"37,639.03","225,834.15"
5-Jul-21,Interest,1.02,0,"225,835.17"
5-Jul-21,IMPS,0,"28,229.40","197,605.77"
5-Jul-21,NEFT,0,"49,401.44","148,204.33"
5-Jul-21,Purchase,"3,681.00",0,"151,885.33"
5-Jul-21,Bill,33.37,0,"151,918.70"
5-Jul-21,Reversal,0,"18,989.84","132,928.86"
5-Jul-21,IMPS,0,"44,309.62","88,619.24"
5-Jul-21,Debit Card,"26,897.00",0,"115,516.24"
6-Jul-21,Interest,0,"14,439.53","101,076.71"
6-Jul-21,Tax,0,"101,076.71",0
6-Jul-21,Miscellaneous,"3,004.00",0,"3,004.00"
6-Jul-21,Purchase,"1,520.00",0,"4,524.00"
6-Jul-21,Commission,0,"2,262.00","2,262.00"
7-Jul-21,Interest,"1,699.90",0,"3,961.90"
7-Jul-21,Miscellaneous,"1,481,732.20",0,"1,485,694.10"
7-Jul-21,Transfer,0,"148,569.41","1,337,124.69"
7-Jul-21,Purchase,"2,647.30",0,"1,339,771.99"
7-Jul-21,Cheque,0,"446,590.66","893,181.33"
7-Jul-21,NEFT,0,"446,590.67","446,590.66"
7-Jul-21,IMPS,63,0,"446,653.66"
7-Jul-21,Cash,"2,975.73",0,"449,629.39"
7-Jul-21,Reversal,20.56,0,"449,649.95"
7-Jul-21,Debit Card,0,"64,235.71","385,414.24"
7-Jul-21,Reversal,0,"128,471.41","256,942.83"
7-Jul-21,Interest,0,"64,235.71","192,707.12"
7-Jul-21,RTGS,"222,967.70",0,"415,674.82"
7-Jul-21,Tax,0,"41,567.48","374,107.34"
7-Jul-21,NEFT,"1,129,895.00",0,"1,504,002.34"
7-Jul-21,Purchase,0,"501,334.11","1,002,668.23"
7-Jul-21,Interest,0,"143,238.32","859,429.91"
7-Jul-21,Cheque,"32,266.03",0,"891,695.94"
7-Jul-21,Interest,0,"891,695.94",0
7-Jul-21,Miscellaneous,"2,087.00",0,"2,087.00"
7-Jul-21,IMPS,"1,364,436.00",0,"1,366,523.00"
7-Jul-21,Bill,"18,120.00",0,"1,384,643.00"
7-Jul-21,Reversal,0,"1,384,643.00",0
7-Jul-21,Tax,25.6,0,25.6
7-Jul-21,Cash,0,3.66,21.94
7-Jul-21,Commission,469.1,0,491.04
7-Jul-21,Commission,69.8,0,560.84
7-Jul-21,IMPS,"26,162.50",0,"26,723.34"
8-Jul-21,Cheque,"1,247,850.00",0,"1,274,573.34"
8-Jul-21,Transfer,0,"159,321.67","1,115,251.67"
8-Jul-21,Cheque,"3,578.80",0,"1,118,830.47"
8-Jul-21,IMPS,0,"139,853.81","978,976.66"
8-Jul-21,Transfer,0,"978,976.66",0
8-Jul-21,Reversal,3.9,0,3.9
9-Jul-21,Bill,3,0,6.9
9-Jul-21,Transfer,0,1.73,5.18
9-Jul-21,Bill,0,0.52,4.66
9-Jul-21,Miscellaneous,0,0.67,3.99
9-Jul-21,Miscellaneous,0,0.8,3.19
9-Jul-21,RTGS,"179,596.75",0,"179,599.94"
9-Jul-21,Reversal,0,"25,657.13","153,942.81"
9-Jul-21,Miscellaneous,0,"25,657.14","128,285.68"
9-Jul-21,Reversal,"26,946.30",0,"155,231.98"
9-Jul-21,Bill,304,0,"155,535.98"
9-Jul-21,Commission,0,"155,535.98",0
9-Jul-21,Tax,162,0,162
9-Jul-21,Commission,0,20.25,141.75
9-Jul-21,Debit Card,0,47.25,94.5
9-Jul-21,Commission,306,0,400.5
9-Jul-21,Transfer,39,0,439.5
9-Jul-21,Purchase,0,439.5,0
9-Jul-21,Commission,330.7,0,330.7
10-Jul-21,Debit Card,0,36.74,293.96
10-Jul-21,Commission,"13,686.18",0,"13,980.14"
10-Jul-21,IMPS,0,"2,330.02","11,650.12"
10-Jul-21,Reversal,0,"2,330.02","9,320.10"
10-Jul-21,Bill,0,"4,660.05","4,660.05"
10-Jul-21,Debit Card,124,0,"4,784.05"
10-Jul-21,Reversal,41.7,0,"4,825.75"
10-Jul-21,Tax,0,965.15,"3,860.60"
10-Jul-21,Transfer,0,"1,930.30","1,930.30"
10-Jul-21,Debit Card,"21,994.80",0,"23,925.10"
10-Jul-21,IMPS,215.2,0,"24,140.30"
10-Jul-21,ATM,0,"6,035.08","18,105.22"
10-Jul-21,Purchase,240,0,"18,345.22"
10-Jul-21,Miscellaneous,"228,646.53",0,"246,991.75"
10-Jul-21,IMPS,"149,966.75",0,"396,958.50"
10-Jul-21,RTGS,0,"198,479.25","198,479.25"
10-Jul-21,NEFT,"1,223.42",0,"199,702.67"
10-Jul-21,Interest,"184,919.00",0,"384,621.67"
10-Jul-21,Transfer,0,"48,077.71","336,543.96"
10-Jul-21,Cheque,0,"48,077.71","288,466.25"
10-Jul-21,Miscellaneous,0,"288,466.25",0
10-Jul-21,Transfer,72.1,0,72.1
10-Jul-21,Tax,"2,033,004.00",0,"2,033,076.10"
10-Jul-21,Tax,0,"1,016,538.05","1,016,538.05"
10-Jul-21,Transfer,"22,906.00",0,"1,039,444.05"
10-Jul-21,Transfer,"1,950,845.20",0,"2,990,289.25"
10-Jul-21,Purchase,0,"747,572.31","2,242,716.94"
10-Jul-21,Purchase,0,"373,786.16","1,868,930.78"
10-Jul-21,Purchase,0,"622,976.93","1,245,953.85"
10-Jul-21,IMPS,0,"124,595.39","1,121,358.47"
10-Jul-21,Reversal,0,"373,786.16","747,572.31"
10-Jul-21,Cheque,"1,176.10",0,"748,748.41"
10-Jul-21,RTGS,1,0,"748,749.41"
10-Jul-21,RTGS,0,"93,593.68","655,155.73"
10-Jul-21,Tax,"7,608.20",0,"662,763.93"
10-Jul-21,Cheque,0,"132,552.79","530,211.14"
10-Jul-21,ATM,0,"265,105.57","265,105.57"
10-Jul-21,Debit Card,199.2,0,"265,304.77"
10-Jul-21,Debit Card,0,"132,652.39","132,652.38"
10-Jul-21,Bill,0,"26,530.48","106,121.90"
10-Jul-21,Debit Card,0,"17,686.98","88,434.92"
10-Jul-21,Miscellaneous,764.14,0,"89,199.06"
10-Jul-21,ATM,6.1,0,"89,205.16"
10-Jul-21,NEFT,0,"12,743.59","76,461.57"
10-Jul-21,Debit Card,1,0,"76,462.57"
10-Jul-21,Commission,0,"8,495.84","67,966.73"
10-Jul-21,Miscellaneous,0,"13,593.35","54,373.38"
10-Jul-21,Tax,"25,607.15",0,"79,980.53"
10-Jul-21,Miscellaneous,"3,856.70",0,"83,837.23"
10-Jul-21,RTGS,"12,264.00",0,"96,101.23"
10-Jul-21,ATM,0,"19,220.25","76,880.98"
10-Jul-21,Transfer,0,"25,626.99","51,253.99"
10-Jul-21,Interest,0,"17,084.66","34,169.33"
10-Jul-21,Cheque,0,"34,169.33",0
10-Jul-21,Cheque,"926,276.00",0,"926,276.00"
10-Jul-21,Tax,"26,233.00",0,"952,509.00"
10-Jul-21,Commission,0,"190,501.80","762,007.20"
10-Jul-21,RTGS,0,"127,001.20","635,006.00"
10-Jul-21,Debit Card,"185,135.00",0,"820,141.00"
10-Jul-21,RTGS,0,"410,070.50","410,070.50"
10-Jul-21,Interest,0,"82,014.10","328,056.40"
10-Jul-21,Reversal,"1,760,280.20",0,"2,088,336.60"
10-Jul-21,RTGS,0,"417,667.32","1,670,669.28"
10-Jul-21,Cash,0,"835,334.64","835,334.64"
10-Jul-21,Cheque,"45,755.40",0,"881,090.04"
10-Jul-21,Cash,1.4,0,"881,091.44"
10-Jul-21,Purchase,"2,960.95",0,"884,052.39"
10-Jul-21,Transfer,6,0,"884,058.39"
10-Jul-21,Miscellaneous,0,"442,029.20","442,029.20"
10-Jul-21,RTGS,0,"110,507.30","331,521.90"
10-Jul-21,IMPS,"74,486.00",0,"406,007.90"
10-Jul-21,Reversal,"3,599.40",0,"409,607.30"
10-Jul-21,NEFT,0,"102,401.83","307,205.47"
10-Jul-21,ATM,271,0,"307,476.47"
10-Jul-21,NEFT,0,"43,925.21","263,551.26"
10-Jul-21,ATM,0,"43,925.21","219,626.05"
10-Jul-21,Bill,268.59,0,"219,894.64"
10-Jul-21,ATM,0,"24,432.74","195,461.90"
10-Jul-21,ATM,372,0,"195,833.90"
10-Jul-21,IMPS,1,0,"195,834.90"
10-Jul-21,ATM,0,"97,917.45","97,917.45"
10-Jul-21,Reversal,0,"32,639.15","65,278.30"
10-Jul-21,RTGS,"104,538.00",0,"169,816.30"
10-Jul-21,Cheque,"2,067.92",0,"171,884.22"
10-Jul-21,Cheque,0,"17,188.42","154,695.80"
10-Jul-21,Reversal,0,"77,347.90","77,347.90"
10-Jul-21,Interest,"32,412.40",0,"109,760.30"
10-Jul-21,IMPS,2.04,0,"109,762.34"
10-Jul-21,Miscellaneous,"75,037.50",0,"184,799.84"
10-Jul-21,Commission,7.02,0,"184,806.86"
10-Jul-21,Cash,0,"23,100.86","161,706.00"
10-Jul-21,Tax,301.2,0,"162,007.20"
10-Jul-21,Cheque,0,"18,000.80","144,006.40"
10-Jul-21,Cash,"20,310.03",0,"164,316.43"
10-Jul-21,Transfer,31,0,"164,347.43"
10-Jul-21,Bill,0.67,0,"164,348.10"
10-Jul-21,Interest,"3,283.60",0,"167,631.70"
10-Jul-21,RTGS,0,"27,938.62","139,693.08"
10-Jul-21,Commission,0,"15,521.45","124,171.63"
10-Jul-21,IMPS,9.64,0,"124,181.27"
10-Jul-21,Purchase,0,"62,090.64","62,090.64"
10-Jul-21,Miscellaneous,47.72,0,"62,138.36"
10-Jul-21,ATM,0,"6,213.84","55,924.52"
10-Jul-21,Debit Card,"17,143.81",0,"73,068.33"
11-Jul-21,Debit Card,0,"18,267.08","54,801.25"
11-Jul-21,Interest,"1,965.90",0,"56,767.15"
11-Jul-21,Cash,"3,374.47",0,"60,141.62"
11-Jul-21,Commission,"1,606,310.75",0,"1,666,452.37"
11-Jul-21,Bill,37.14,0,"1,666,489.51"
11-Jul-21,Transfer,0,"277,748.25","1,388,741.26"
11-Jul-21,Commission,"4,412.00",0,"1,393,153.26"
11-Jul-21,NEFT,0,"174,144.16","1,219,009.10"
11-Jul-21,Miscellaneous,3.8,0,"1,219,012.90"
11-Jul-21,Tax,22.5,0,"1,219,035.40"
11-Jul-21,Cash,"692,905.00",0,"1,911,940.40"
11-Jul-21,Miscellaneous,0,"637,313.47","1,274,626.93"
11-Jul-21,Tax,"1,831,898.00",0,"3,106,524.93"
11-Jul-21,ATM,591.94,0,"3,107,116.87"
11-Jul-21,RTGS,0,"776,779.22","2,330,337.65"
11-Jul-21,Cash,0,"776,779.22","1,553,558.43"
11-Jul-21,ATM,0,"517,852.81","1,035,705.62"
11-Jul-21,Tax,0,"129,463.20","906,242.42"
11-Jul-21,Cheque,0,"453,121.21","453,121.21"
11-Jul-21,Reversal,0,"56,640.15","396,481.06"
11-Jul-21,Cash,"353,456.50",0,"749,937.56"
11-Jul-21,Bill,0,"187,484.39","562,453.17"
11-Jul-21,IMPS,0,"56,245.32","506,207.85"
11-Jul-21,Cash,5.9,0,"506,213.75"
12-Jul-21,ATM,"24,194.18",0,"530,407.93"
12-Jul-21,NEFT,0,"75,772.56","454,635.37"
12-Jul-21,Debit Card,140,0,"454,775.37"
12-Jul-21,Miscellaneous,0,"90,955.07","363,820.30"
12-Jul-21,Commission,0,"40,424.48","323,395.82"
12-Jul-21,NEFT,"14,900.72",0,"338,296.54"
12-Jul-21,Purchase,0,"42,287.07","296,009.47"
12-Jul-21,NEFT,0,"148,004.74","148,004.73"
12-Jul-21,RTGS,"1,917.57",0,"149,922.30"
12-Jul-21,ATM,0,"14,992.23","134,930.07"
12-Jul-21,IMPS,"12,121.40",0,"147,051.47"
12-Jul-21,Commission,0,"14,705.15","132,346.32"
12-Jul-21,Miscellaneous,27.9,0,"132,374.22"
12-Jul-21,Commission,0,"18,910.60","113,463.62"
12-Jul-21,Purchase,"14,119.34",0,"127,582.96"
12-Jul-21,ATM,5,0,"127,587.96"
12-Jul-21,Commission,349.26,0,"127,937.22"
12-Jul-21,Tax,"17,794.90",0,"145,732.12"
12-Jul-21,Commission,"32,554.00",0,"178,286.12"
12-Jul-21,Cash,0,"59,428.71","118,857.41"
12-Jul-21,NEFT,0,"13,206.38","105,651.03"
12-Jul-21,Commission,"3,154.20",0,"108,805.23"
12-Jul-21,Cheque,0,"27,201.31","81,603.92"
12-Jul-21,Interest,"1,292,183.80",0,"1,373,787.72"
12-Jul-21,NEFT,"225,657.69",0,"1,599,445.41"
13-Jul-21,Miscellaneous,"3,197.43",0,"1,602,642.84"
13-Jul-21,Miscellaneous,0,"160,264.28","1,442,378.56"
13-Jul-21,Commission,0,"480,792.85","961,585.71"
13-Jul-21,RTGS,0,"320,528.57","641,057.14"
13-Jul-21,ATM,0,"106,842.86","534,214.28"
13-Jul-21,Debit Card,"202,184.00",0,"736,398.28"
13-Jul-21,Bill,461,0,"736,859.28"
13-Jul-21,ATM,5.88,0,"736,865.16"
13-Jul-21,Bill,"4,670.05",0,"741,535.21"
14-Jul-21,NEFT,"1,748,333.00",0,"2,489,868.21"
14-Jul-21,RTGS,"1,199.00",0,"2,491,067.21"
14-Jul-21,Cash,"225,868.00",0,"2,716,935.21"
14-Jul-21,NEFT,1,0,"2,716,936.21"
14-Jul-21,Transfer,"126,791.00",0,"2,843,727.21"
14-Jul-21,Reversal,0,"710,931.80","2,132,795.41"
14-Jul-21,Transfer,0,"710,931.80","1,421,863.61"
14-Jul-21,Cash,0,"355,465.90","1,066,397.71"
14-Jul-21,Interest,0,"1,066,397.71",0
14-Jul-21,Miscellaneous,"8,919.00",0,"8,919.00"
14-Jul-21,IMPS,0,"2,229.75","6,689.25"
14-Jul-21,Cash,0.4,0,"6,689.65"
14-Jul-21,Cheque,0,"1,672.41","5,017.24"
14-Jul-21,Commission,143,0,"5,160.24"
14-Jul-21,Bill,0,645.03,"4,515.21"
14-Jul-21,Purchase,0,752.54,"3,762.68"
14-Jul-21,Cash,71,0,"3,833.68"
15-Jul-21,ATM,"48,964.00",0,"52,797.68"
16-Jul-21,Bill,"21,058.20",0,"73,855.88"
16-Jul-21,IMPS,0,"9,231.99","64,623.90"
16-Jul-21,ATM,0,"10,770.65","53,853.25"
16-Jul-21,Miscellaneous,0,"53,853.25",0
16-Jul-21,Transfer,297.7,0,297.7
16-Jul-21,NEFT,430.78,0,728.48
16-Jul-21,Tax,0,80.94,647.54
16-Jul-21,IMPS,58.5,0,706.04
16-Jul-21,Miscellaneous,383,0,"1,089.04"
16-Jul-21,Cheque,0,363.01,726.03
16-Jul-21,ATM,0,121.01,605.02
16-Jul-21,Miscellaneous,"1,297.00",0,"1,902.02"
16-Jul-21,RTGS,0,317,"1,585.02"
16-Jul-21,ATM,0,176.11,"1,408.91"
16-Jul-21,Transfer,0,469.64,939.27
16-Jul-21,Interest,4,0,943.27
16-Jul-21,ATM,0,943.27,0
16-Jul-21,Tax,43.8,0,43.8
16-Jul-21,Cash,7.6,0,51.4
16-Jul-21,Commission,0,25.7,25.7
16-Jul-21,Bill,0,4.28,21.42
16-Jul-21,Debit Card,"476,225.20",0,"476,246.62"
16-Jul-21,RTGS,"2,551.00",0,"478,797.62"
16-Jul-21,Transfer,"144,862.00",0,"623,659.62"
16-Jul-21,Bill,"354,956.00",0,"978,615.62"
16-Jul-21,Bill,0,"244,653.91","733,961.72"
16-Jul-21,IMPS,"1,439,622.00",0,"2,173,583.72"
16-Jul-21,Miscellaneous,38.7,0,"2,173,622.42"
16-Jul-21,Cheque,0,"217,362.24","1,956,260.18"
16-Jul-21,Cheque,41,0,"1,956,301.18"
16-Jul-21,Transfer,4.1,0,"1,956,305.28"
16-Jul-21,Cheque,"28,224.80",0,"1,984,530.08"
16-Jul-21,RTGS,0,"198,453.01","1,786,077.07"
16-Jul-21,Interest,0,"178,607.71","1,607,469.36"
17-Jul-21,Bill,"1,952,380.00",0,"3,559,849.36"
17-Jul-21,Commission,0,"1,186,616.45","2,373,232.91"
17-Jul-21,Cheque,0,"1,186,616.46","1,186,616.46"
17-Jul-21,RTGS,0,"169,516.64","1,017,099.82"
17-Jul-21,Transfer,0,"127,137.48","889,962.34"
17-Jul-21,Cheque,"1,074,171.00",0,"1,964,133.34"
17-Jul-21,Bill,0,"392,826.67","1,571,306.67"
17-Jul-21,Commission,"94,370.03",0,"1,665,676.70"
17-Jul-21,NEFT,0,"832,838.35","832,838.35"
17-Jul-21,Cheque,47.18,0,"832,885.53"
17-Jul-21,Commission,0,"83,288.55","749,596.98"
17-Jul-21,Reversal,214.92,0,"749,811.90"
17-Jul-21,Debit Card,0,"249,937.30","499,874.60"
17-Jul-21,Cash,53.08,0,"499,927.68"
18-Jul-21,Reversal,0,"249,963.84","249,963.84"
18-Jul-21,Debit Card,0,"31,245.48","218,718.36"
18-Jul-21,Purchase,"227,453.00",0,"446,171.36"
18-Jul-21,Commission,0,"446,171.36",0
18-Jul-21,Reversal,"41,125.19",0,"41,125.19"
18-Jul-21,Transfer,91.1,0,"41,216.29"
18-Jul-21,ATM,0,"8,243.26","32,973.03"
18-Jul-21,Tax,0,"8,243.26","24,729.77"
18-Jul-21,Cash,0,"4,121.63","20,608.14"
18-Jul-21,Debit Card,0,"5,152.04","15,456.10"
18-Jul-21,Miscellaneous,597,0,"16,053.10"
18-Jul-21,IMPS,"80,907.22",0,"96,960.32"
18-Jul-21,Transfer,0,"48,480.16","48,480.16"
18-Jul-21,Cheque,59.37,0,"48,539.53"
19-Jul-21,NEFT,"3,569.00",0,"52,108.53"
19-Jul-21,Commission,0.1,0,"52,108.63"
19-Jul-21,Tax,0,"8,684.77","43,423.86"
19-Jul-21,Purchase,0,"43,423.86",0
19-Jul-21,Cheque,0.8,0,0.8
19-Jul-21,Cheque,0.31,0,1.11
19-Jul-21,NEFT,0,0.28,0.83
19-Jul-21,NEFT,0,0.08,0.75
19-Jul-21,Commission,0,0.25,0.5
19-Jul-21,Reversal,0,0.06,0.44
19-Jul-21,NEFT,1.5,0,1.94
19-Jul-21,NEFT,0,0.32,1.62
19-Jul-21,Cheque,"338,634.00",0,"338,635.62"
19-Jul-21,Reversal,"3,737.95",0,"342,373.57"
19-Jul-21,Miscellaneous,0,"57,062.26","285,311.31"
19-Jul-21,NEFT,"22,889.00",0,"308,200.31"
19-Jul-21,IMPS,0,"44,028.62","264,171.69"
19-Jul-21,IMPS,0,"26,417.17","237,754.52"
19-Jul-21,Debit Card,0,"23,775.45","213,979.07"
19-Jul-21,Purchase,0,"21,397.91","192,581.16"
19-Jul-21,Cheque,0,"19,258.12","173,323.04"
19-Jul-21,Bill,"28,869.70",0,"202,192.74"
19-Jul-21,Bill,"2,924.00",0,"205,116.74"
19-Jul-21,Reversal,"4,068.00",0,"209,184.74"
20-Jul-21,Tax,3,0,"209,187.74"
20-Jul-21,Interest,2.06,0,"209,189.80"
20-Jul-21,Purchase,136,0,"209,325.80"
20-Jul-21,Interest,6.8,0,"209,332.60"
20-Jul-21,Bill,"1,033,526.00",0,"1,242,858.60"
20-Jul-21,Tax,"4,677.80",0,"1,247,536.40"
20-Jul-21,Cheque,1.2,0,"1,247,537.60"
20-Jul-21,Debit Card,0,"138,615.29","1,108,922.31"
20-Jul-21,Cheque,491.6,0,"1,109,413.91"
20-Jul-21,Cheque,0,"277,353.48","832,060.43"
20-Jul-21,Commission,"280,466.50",0,"1,112,526.93"
20-Jul-21,Tax,0,"139,065.87","973,461.06"
20-Jul-21,Cash,436.8,0,"973,897.86"
20-Jul-21,Purchase,601.98,0,"974,499.84"
20-Jul-21,NEFT,0,"97,449.98","877,049.86"
20-Jul-21,RTGS,"1,880.60",0,"878,930.46"
20-Jul-21,Interest,"6,560.40",0,"885,490.86"
20-Jul-21,Cash,"1,806.00",0,"887,296.86"
20-Jul-21,Bill,0,"126,756.69","760,540.17"
20-Jul-21,Debit Card,0,"152,108.03","608,432.14"
20-Jul-21,Cash,"126,772.25",0,"735,204.39"
20-Jul-21,Transfer,0,"122,534.07","612,670.32"
20-Jul-21,Bill,0,"153,167.58","459,502.74"
20-Jul-21,NEFT,0,"91,900.55","367,602.19"
20-Jul-21,IMPS,"36,249.62",0,"403,851.81"
20-Jul-21,ATM,"3,115.22",0,"406,967.03"
20-Jul-21,Reversal,"15,224.00",0,"422,191.03"
20-Jul-21,Purchase,0,"105,547.76","316,643.27"
20-Jul-21,Commission,"13,747.00",0,"330,390.27"
20-Jul-21,Transfer,0,"66,078.05","264,312.22"
20-Jul-21,Bill,0,"264,312.22",0
20-Jul-21,RTGS,3.4,0,3.4
20-Jul-21,Interest,0,3.4,0
20-Jul-21,Transfer,"239,718.84",0,"239,718.84"
20-Jul-21,Interest,0,"239,718.84",0
20-Jul-21,Debit Card,"1,130,636.00",0,"1,130,636.00"
20-Jul-21,ATM,0,"226,127.20","904,508.80"
20-Jul-21,Commission,0,"100,500.98","804,007.82"
20-Jul-21,Cheque,"82,397.90",0,"886,405.72"
20-Jul-21,ATM,0,"147,734.29","738,671.43"
21-Jul-21,Cheque,271.6,0,"738,943.03"
21-Jul-21,Tax,0,"92,367.88","646,575.15"
21-Jul-21,Tax,33,0,"646,608.15"
21-Jul-21,Interest,425.22,0,"647,033.37"
21-Jul-21,NEFT,"3,796.50",0,"650,829.87"
21-Jul-21,Transfer,3,0,"650,832.87"
21-Jul-21,Miscellaneous,0,"92,976.12","557,856.75"
21-Jul-21,Tax,0,"55,785.68","502,071.08"
21-Jul-21,Bill,0,"125,517.77","376,553.31"
21-Jul-21,RTGS,0,"125,517.77","251,035.54"
21-Jul-21,Cash,0,"50,207.11","200,828.43"
21-Jul-21,NEFT,0,"200,828.43",0
21-Jul-21,Miscellaneous,"1,716,346.00",0,"1,716,346.00"
21-Jul-21,NEFT,0,"286,057.67","1,430,288.33"
21-Jul-21,Bill,"3,520.30",0,"1,433,808.63"
21-Jul-21,Purchase,146.59,0,"1,433,955.22"
21-Jul-21,Miscellaneous,0,"286,791.04","1,147,164.18"
21-Jul-21,Interest,0,"127,462.69","1,019,701.49"
21-Jul-21,Tax,0,"254,925.37","764,776.12"
22-Jul-21,Reversal,0,"191,194.03","573,582.09"
22-Jul-21,RTGS,0,"63,731.34","509,850.75"
22-Jul-21,Bill,0,"101,970.15","407,880.60"
22-Jul-21,Bill,"1,718,065.50",0,"2,125,946.10"
22-Jul-21,Bill,0,"708,648.70","1,417,297.40"
22-Jul-21,Cheque,"9,943.00",0,"1,427,240.40"
22-Jul-21,Cheque,439.65,0,"1,427,680.05"
22-Jul-21,Commission,0,"178,460.01","1,249,220.04"
22-Jul-21,Debit Card,0,"624,610.02","624,610.02"
22-Jul-21,Cash,0,"69,401.11","555,208.91"
22-Jul-21,Cash,13,0,"555,221.91"
22-Jul-21,Tax,0,"69,402.74","485,819.17"
22-Jul-21,Reversal,"25,497.10",0,"511,316.27"
22-Jul-21,Transfer,21,0,"511,337.27"
22-Jul-21,Cash,"1,669,269.00",0,"2,180,606.27"
22-Jul-21,Debit Card,"14,289.00",0,"2,194,895.27"
22-Jul-21,Bill,"20,737.00",0,"2,215,632.27"
22-Jul-21,Cash,38.9,0,"2,215,671.17"
22-Jul-21,Cheque,20.3,0,"2,215,691.47"
22-Jul-21,Miscellaneous,0,"738,563.82","1,477,127.65"
22-Jul-21,Commission,0,"492,375.88","984,751.77"
22-Jul-21,Cheque,0,"246,187.94","738,563.83"
22-Jul-21,Reversal,0,"738,563.83",0
22-Jul-21,IMPS,38.5,0,38.5
22-Jul-21,NEFT,"3,975.70",0,"4,014.20"
22-Jul-21,RTGS,58.6,0,"4,072.80"
22-Jul-21,IMPS,0,814.56,"3,258.24"
22-Jul-21,Bill,"31,559.80",0,"34,818.04"
22-Jul-21,Reversal,0,"34,818.04",0
22-Jul-21,Miscellaneous,3,0,3
22-Jul-21,Commission,44,0,47
22-Jul-21,Cash,4.6,0,51.6
22-Jul-21,Cash,"4,064.70",0,"4,116.30"
22-Jul-21,Reversal,0,"4,116.30",0
22-Jul-21,IMPS,"2,475.35",0,"2,475.35"
22-Jul-21,NEFT,6.94,0,"2,482.29"
22-Jul-21,Reversal,508.1,0,"2,990.39"
22-Jul-21,Cash,"1,747,891.00",0,"1,750,881.39"
22-Jul-21,Reversal,"153,708.80",0,"1,904,590.19"
22-Jul-21,Cash,0,"190,459.02","1,714,131.17"
22-Jul-21,Cash,271.86,0,"1,714,403.03"
22-Jul-21,Transfer,"11,799.00",0,"1,726,202.03"
22-Jul-21,ATM,0,"172,620.20","1,553,581.83"
22-Jul-21,Interest,857,0,"1,554,438.83"
22-Jul-21,Transfer,"1,358.90",0,"1,555,797.73"
22-Jul-21,Tax,"30,253.00",0,"1,586,050.73"
22-Jul-21,Miscellaneous,0,"396,512.68","1,189,538.05"
22-Jul-21,Commission,"1,320,602.50",0,"2,510,140.55"
22-Jul-21,Miscellaneous,0,"836,713.52","1,673,427.03"
22-Jul-21,Tax,"1,642.81",0,"1,675,069.84"
22-Jul-21,Purchase,"1,840,447.75",0,"3,515,517.59"
22-Jul-21,Transfer,"1,919.60",0,"3,517,437.19"
22-Jul-21,RTGS,0,"351,743.72","3,165,693.47"
22-Jul-21,Miscellaneous,4,0,"3,165,697.47"
22-Jul-21,ATM,0,"633,139.49","2,532,557.98"
22-Jul-21,NEFT,"21,917.76",0,"2,554,475.74"
22-Jul-21,Transfer,0,"255,447.57","2,299,028.17"
22-Jul-21,Commission,34,0,"2,299,062.17"
22-Jul-21,Cheque,668.14,0,"2,299,730.31"
22-Jul-21,Cash,0,"574,932.58","1,724,797.73"
22-Jul-21,Miscellaneous,4.65,0,"1,724,802.38"
22-Jul-21,Transfer,0,"215,600.30","1,509,202.08"
22-Jul-21,Transfer,0,"754,601.04","754,601.04"
22-Jul-21,Interest,"923,334.50",0,"1,677,935.54"
22-Jul-21,Commission,"226,877.78",0,"1,904,813.32"
22-Jul-21,Tax,"1,868.06",0,"1,906,681.38"
22-Jul-21,Reversal,0,"238,335.17","1,668,346.21"
22-Jul-21,RTGS,467.37,0,"1,668,813.58"
22-Jul-21,Debit Card,"1,879,505.25",0,"3,548,318.83"
22-Jul-21,Purchase,3.3,0,"3,548,322.13"
22-Jul-21,Transfer,51.97,0,"3,548,374.10"
22-Jul-21,IMPS,4.4,0,"3,548,378.50"
22-Jul-21,Interest,"1,388.16",0,"3,549,766.66"
22-Jul-21,Tax,388,0,"3,550,154.66"
22-Jul-21,Cheque,0,"443,769.33","3,106,385.33"
22-Jul-21,Transfer,2,0,"3,106,387.33"
22-Jul-21,NEFT,7,0,"3,106,394.33"
22-Jul-21,Commission,0,"443,770.62","2,662,623.71"
22-Jul-21,Cheque,1,0,"2,662,624.71"
22-Jul-21,Purchase,"223,262.00",0,"2,885,886.71"
22-Jul-21,Bill,7,0,"2,885,893.71"
22-Jul-21,Tax,0,"480,982.29","2,404,911.42"
22-Jul-21,NEFT,0,"300,613.93","2,104,297.49"
23-Jul-21,Transfer,22.41,0,"2,104,319.90"
23-Jul-21,Purchase,0,"210,431.99","1,893,887.91"
23-Jul-21,Transfer,1.6,0,"1,893,889.51"
23-Jul-21,IMPS,"60,817.00",0,"1,954,706.51"
23-Jul-21,Miscellaneous,0,"390,941.30","1,563,765.21"
23-Jul-21,ATM,"202,900.03",0,"1,766,665.24"
23-Jul-21,Bill,0,"441,666.31","1,324,998.93"
23-Jul-21,ATM,0,"331,249.73","993,749.20"
23-Jul-21,Commission,435,0,"994,184.20"
23-Jul-21,Purchase,0,"198,836.84","795,347.36"
23-Jul-21,Reversal,598,0,"795,945.36"
24-Jul-21,ATM,"211,418.09",0,"1,007,363.45"
24-Jul-21,RTGS,0,"125,920.43","881,443.02"
24-Jul-21,Commission,48.6,0,"881,491.62"
24-Jul-21,Bill,0,"97,943.51","783,548.11"
24-Jul-21,Reversal,0,"130,591.35","652,956.76"
24-Jul-21,Miscellaneous,361,0,"653,317.76"
24-Jul-21,Debit Card,"592,745.20",0,"1,246,062.96"
24-Jul-21,ATM,6,0,"1,246,068.96"
24-Jul-21,IMPS,0,"249,213.79","996,855.17"
24-Jul-21,IMPS,"58,271.00",0,"1,055,126.17"
24-Jul-21,Miscellaneous,"11,627.70",0,"1,066,753.87"
24-Jul-21,NEFT,"3,249.70",0,"1,070,003.57"
24-Jul-21,Bill,261.9,0,"1,070,265.47"
24-Jul-21,Debit Card,"1,766,479.50",0,"2,836,744.97"
24-Jul-21,Cash,0,"709,186.24","2,127,558.73"
24-Jul-21,Debit Card,0,"303,936.96","1,823,621.77"
24-Jul-21,Purchase,432.7,0,"1,824,054.47"
24-Jul-21,Transfer,54.5,0,"1,824,108.97"
24-Jul-21,ATM,13,0,"1,824,121.97"
24-Jul-21,NEFT,30,0,"1,824,151.97"
24-Jul-21,Reversal,"22,989.75",0,"1,847,141.72"
24-Jul-21,Purchase,0,"230,892.72","1,616,249.00"
24-Jul-21,Tax,0,"161,624.90","1,454,624.10"
24-Jul-21,Miscellaneous,0,"290,924.82","1,163,699.28"
24-Jul-21,Transfer,106,0,"1,163,805.28"
24-Jul-21,Transfer,"23,008.51",0,"1,186,813.79"
24-Jul-21,Purchase,0,"593,406.90","593,406.90"
24-Jul-21,Bill,0,"197,802.30","395,604.60"
24-Jul-21,Cash,0,"43,956.07","351,648.53"
24-Jul-21,Cash,67.37,0,"351,715.90"
24-Jul-21,RTGS,4.7,0,"351,720.60"
24-Jul-21,IMPS,0,"70,344.12","281,376.48"
24-Jul-21,Debit Card,0,"31,264.05","250,112.43"
24-Jul-21,IMPS,0,"125,056.22","125,056.22"
24-Jul-21,NEFT,216.69,0,"125,272.91"
24-Jul-21,Purchase,0,"13,919.21","111,353.70"
24-Jul-21,NEFT,"3,314.00",0,"114,667.70"
24-Jul-21,IMPS,0,"11,466.77","103,200.93"
24-Jul-21,Bill,0.3,0,"103,201.23"
24-Jul-21,Debit Card,"2,815.00",0,"106,016.23"
24-Jul-21,Purchase,0,"35,338.74","70,677.49"
25-Jul-21,ATM,0,"8,834.69","61,842.80"
25-Jul-21,Tax,168,0,"62,010.80"
25-Jul-21,RTGS,0,"20,670.27","41,340.53"
25-Jul-21,Tax,"28,672.00",0,"70,012.53"
26-Jul-21,Transfer,0,"11,668.76","58,343.78"
26-Jul-21,NEFT,19.41,0,"58,363.19"
26-Jul-21,Cash,0,"6,484.80","51,878.39"
26-Jul-21,Cheque,0,"12,969.60","38,908.79"
26-Jul-21,Miscellaneous,0,"9,727.20","29,181.59"
26-Jul-21,Purchase,0,"4,863.60","24,317.99"
26-Jul-21,ATM,3.39,0,"24,321.38"
26-Jul-21,Debit Card,0,"4,864.28","19,457.10"
26-Jul-21,RTGS,0,"4,864.28","14,592.82"
26-Jul-21,Tax,0,"2,084.69","12,508.13"
26-Jul-21,Bill,361.7,0,"12,869.83"
26-Jul-21,Miscellaneous,0,"12,869.83",0
26-Jul-21,NEFT,686,0,686
26-Jul-21,Reversal,0,68.6,617.4
26-Jul-21,Tax,7.5,0,624.9
26-Jul-21,RTGS,0,208.3,416.6
26-Jul-21,Debit Card,62,0,478.6
26-Jul-21,Cash,"19,630.00",0,"20,108.60"
26-Jul-21,ATM,0,"6,702.87","13,405.73"
26-Jul-21,RTGS,"30,188.00",0,"43,593.73"
26-Jul-21,Debit Card,"118,586.00",0,"162,179.73"
26-Jul-21,Commission,0,"23,168.53","139,011.20"
26-Jul-21,Debit Card,211,0,"139,222.20"
26-Jul-21,Tax,134.2,0,"139,356.40"
26-Jul-21,RTGS,0,"23,226.07","116,130.33"
26-Jul-21,IMPS,0,"12,903.37","103,226.96"
26-Jul-21,Debit Card,0,"11,469.66","91,757.30"
26-Jul-21,IMPS,0,"22,939.33","68,817.98"
26-Jul-21,Bill,54,0,"68,871.98"
26-Jul-21,Interest,0,"68,871.98",0
26-Jul-21,Transfer,6,0,6
27-Jul-21,Miscellaneous,"2,533.00",0,"2,539.00"
27-Jul-21,ATM,0,846.33,"1,692.67"
27-Jul-21,RTGS,288.8,0,"1,981.47"
27-Jul-21,RTGS,0,"1,981.47",0
27-Jul-21,RTGS,"64,481.59",0,"64,481.59"
27-Jul-21,ATM,12,0,"64,493.59"
27-Jul-21,RTGS,386.4,0,"64,879.99"
27-Jul-21,Debit Card,101.88,0,"64,981.87"
27-Jul-21,Reversal,0,"8,122.73","56,859.14"
27-Jul-21,Purchase,0,"9,476.52","47,382.62"
28-Jul-21,NEFT,"3,514.20",0,"50,896.82"
28-Jul-21,Bill,302.3,0,"51,199.12"
28-Jul-21,Reversal,0,"7,314.16","43,884.96"
28-Jul-21,Purchase,0,"7,314.16","36,570.80"
28-Jul-21,Reversal,0,"4,571.35","31,999.45"
28-Jul-21,RTGS,0,"31,999.45",0
28-Jul-21,ATM,3.9,0,3.9
28-Jul-21,Bill,"4,098.70",0,"4,102.60"
28-Jul-21,Debit Card,2,0,"4,104.60"
28-Jul-21,Cheque,266,0,"4,370.60"
28-Jul-21,Cheque,0,485.62,"3,884.98"
28-Jul-21,Purchase,0,777,"3,107.98"
28-Jul-21,ATM,"16,522.00",0,"19,629.98"
28-Jul-21,Debit Card,533.75,0,"20,163.73"
28-Jul-21,Reversal,"2,693.00",0,"22,856.73"
28-Jul-21,Cheque,4.15,0,"22,860.88"
28-Jul-21,Transfer,0,"3,265.84","19,595.04"
28-Jul-21,Reversal,"299,243.00",0,"318,838.04"
28-Jul-21,Bill,0,"53,139.67","265,698.37"
28-Jul-21,IMPS,146.4,0,"265,844.77"
28-Jul-21,Reversal,"316,084.00",0,"581,928.77"
28-Jul-21,Interest,0,"193,976.26","387,952.51"
28-Jul-21,ATM,0,"77,590.50","310,362.01"
28-Jul-21,Bill,0,"51,727.00","258,635.01"
28-Jul-21,Reversal,"1,838,039.20",0,"2,096,674.21"
28-Jul-21,Miscellaneous,0,0,"2,096,674.21"
29-Jul-21,Cash,"13,332.57",0,"2,110,006.78"
29-Jul-21,RTGS,0,"2,110,006.78",0
29-Jul-21,Bill,40.1,0,40.1
29-Jul-21,Miscellaneous,"143,966.00",0,"144,006.10"
29-Jul-21,Interest,0,"28,801.22","115,204.88"
29-Jul-21,Cash,0,"115,204.88",0
29-Jul-21,ATM,"1,230.99",0,"1,230.99"
29-Jul-21,Interest,0,136.78,"1,094.21"
29-Jul-21,Bill,0,156.32,937.89
29-Jul-21,RTGS,48,0,985.89
29-Jul-21,IMPS,"790,272.25",0,"791,258.14"
29-Jul-21,Interest,0,"131,876.36","659,381.78"
29-Jul-21,ATM,"55,352.00",0,"714,733.78"
29-Jul-21,Tax,"1,377.01",0,"716,110.79"
29-Jul-21,Cash,0,"143,222.16","572,888.63"
29-Jul-21,Reversal,"1,797,005.00",0,"2,369,893.63"
29-Jul-21,Bill,3.44,0,"2,369,897.07"
29-Jul-21,IMPS,"3,319.00",0,"2,373,216.07"
29-Jul-21,ATM,"17,652.00",0,"2,390,868.07"
30-Jul-21,IMPS,0,"298,858.51","2,092,009.56"
30-Jul-21,Tax,0,"261,501.20","1,830,508.36"
30-Jul-21,Reversal,"11,322.00",0,"1,841,830.36"
30-Jul-21,Cash,62.14,0,"1,841,892.50"
30-Jul-21,Debit Card,95.42,0,"1,841,987.92"
30-Jul-21,Transfer,0,"368,397.58","1,473,590.34"
30-Jul-21,ATM,0,"163,732.26","1,309,858.08"
30-Jul-21,Commission,0,"261,971.62","1,047,886.46"
30-Jul-21,NEFT,"1,279.00",0,"1,049,165.46"
31-Jul-21,NEFT,0,"349,721.82","699,443.64"
31-Jul-21,Miscellaneous,0,"174,860.91","524,582.73"
31-Jul-21,ATM,7.9,0,"524,590.63"
31-Jul-21,Tax,217.53,0,"524,808.16"
31-Jul-21,Tax,0,"87,468.03","437,340.13"
31-Jul-21,RTGS,"166,805.31",0,"604,145.44"
31-Jul-21,Interest,0,"67,127.27","537,018.17"
31-Jul-21,NEFT,0,"179,006.06","358,012.11"
31-Jul-21,Bill,"331,728.00",0,"689,740.11"
31-Jul-21,Reversal,48,0,"689,788.11"
31-Jul-21,ATM,0,"86,223.51","603,564.60"
31-Jul-21,Commission,0,"150,891.15","452,673.45"
31-Jul-21,Reversal,0,"56,584.18","396,089.27"
1-Aug-21,Reversal,0,"99,022.32","297,066.95"
1-Aug-21,Miscellaneous,4.9,0,"297,071.85"
1-Aug-21,NEFT,61.1,0,"297,132.95"
1-Aug-21,Cash,94.93,0,"297,227.88"
1-Aug-21,Miscellaneous,22.8,0,"297,250.68"
1-Aug-21,Miscellaneous,0,"37,156.34","260,094.34"
1-Aug-21,ATM,0,"260,094.34",0
1-Aug-21,Commission,"87,337.10",0,"87,337.10"
1-Aug-21,NEFT,"90,266.81",0,"177,603.91"
1-Aug-21,Tax,50.2,0,"177,654.11"
1-Aug-21,RTGS,"5,524.80",0,"183,178.91"
1-Aug-21,Interest,0,"61,059.64","122,119.27"
1-Aug-21,Interest,"4,039.77",0,"126,159.04"
1-Aug-21,NEFT,"22,237.50",0,"148,396.54"
1-Aug-21,Tax,49.5,0,"148,446.04"
1-Aug-21,NEFT,0,"14,844.60","133,601.44"
1-Aug-21,Commission,13,0,"133,614.44"
1-Aug-21,IMPS,0,"14,846.05","118,768.39"
1-Aug-21,RTGS,6.3,0,"118,774.69"
1-Aug-21,Interest,"164,492.22",0,"283,266.91"
1-Aug-21,Miscellaneous,"587,527.50",0,"870,794.41"
1-Aug-21,ATM,336.2,0,"871,130.61"
1-Aug-21,IMPS,"2,561.00",0,"873,691.61"
1-Aug-21,Cheque,0,"218,422.90","655,268.71"
1-Aug-21,Transfer,0,"81,908.59","573,360.12"
1-Aug-21,Bill,0,"143,340.03","430,020.09"
1-Aug-21,Reversal,0,"43,002.01","387,018.08"
1-Aug-21,Cheque,"1,448,679.80",0,"1,835,697.88"
1-Aug-21,Interest,0,"458,924.47","1,376,773.41"
1-Aug-21,Cheque,462.6,0,"1,377,236.01"
1-Aug-21,Purchase,387.16,0,"1,377,623.17"
1-Aug-21,IMPS,"24,660.42",0,"1,402,283.59"
1-Aug-21,RTGS,0,"701,141.80","701,141.80"
1-Aug-21,Purchase,"46,214.03",0,"747,355.83"
1-Aug-21,Commission,10,0,"747,365.83"
1-Aug-21,Cash,0,"373,682.92","373,682.92"
1-Aug-21,IMPS,"1,965,235.50",0,"2,338,918.42"
1-Aug-21,Purchase,476.6,0,"2,339,395.02"
1-Aug-21,Reversal,6.81,0,"2,339,401.83"
1-Aug-21,Purchase,3,0,"2,339,404.83"
1-Aug-21,Cheque,0,"292,425.60","2,046,979.23"
1-Aug-21,ATM,0,"341,163.21","1,705,816.02"
1-Aug-21,IMPS,7.9,0,"1,705,823.92"
1-Aug-21,Commission,"261,614.50",0,"1,967,438.42"
1-Aug-21,NEFT,0,"983,719.21","983,719.21"
1-Aug-21,IMPS,0,"163,953.20","819,766.01"
1-Aug-21,NEFT,336,0,"820,102.01"
1-Aug-21,ATM,46,0,"820,148.01"
1-Aug-21,Cheque,683.51,0,"820,831.52"
1-Aug-21,Debit Card,0,"91,203.50","729,628.02"
1-Aug-21,Transfer,0,"182,407.01","547,221.02"
1-Aug-21,Purchase,199.84,0,"547,420.86"
1-Aug-21,Cash,0,"273,710.43","273,710.43"
1-Aug-21,Bill,0,"39,101.49","234,608.94"
1-Aug-21,Interest,0,"29,326.12","205,282.82"
1-Aug-21,NEFT,0,"25,660.35","179,622.47"
1-Aug-21,Commission,0,"89,811.24","89,811.24"
1-Aug-21,Transfer,4.92,0,"89,816.16"
1-Aug-21,Bill,"2,256.70",0,"92,072.86"
1-Aug-21,Transfer,0,"11,509.11","80,563.75"
1-Aug-21,Tax,0,"16,112.75","64,451.00"
1-Aug-21,Bill,"18,475.08",0,"82,926.08"
1-Aug-21,Tax,0,"9,214.01","73,712.07"
1-Aug-21,Reversal,0,"14,742.41","58,969.66"
1-Aug-21,Transfer,0,"5,896.97","53,072.69"
1-Aug-21,Commission,"216,409.00",0,"269,481.69"
1-Aug-21,Cheque,"1,813,738.00",0,"2,083,219.69"
1-Aug-21,Cheque,460,0,"2,083,679.69"
1-Aug-21,RTGS,7,0,"2,083,686.69"
1-Aug-21,Miscellaneous,0,"231,520.74","1,852,165.95"
1-Aug-21,Tax,"16,149.00",0,"1,868,314.95"
1-Aug-21,Cash,0,"934,157.48","934,157.48"
1-Aug-21,Purchase,446.6,0,"934,604.08"
1-Aug-21,Bill,"19,290.70",0,"953,894.78"
1-Aug-21,Bill,"2,012.00",0,"955,906.78"
1-Aug-21,Interest,"1,390,219.80",0,"2,346,126.58"
1-Aug-21,IMPS,1.4,0,"2,346,127.98"
1-Aug-21,Cash,12,0,"2,346,139.98"
1-Aug-21,Bill,"2,380.00",0,"2,348,519.98"
1-Aug-21,Purchase,0,"391,420.00","1,957,099.98"
1-Aug-21,Bill,0,"391,420.00","1,565,679.98"
1-Aug-21,Transfer,18.6,0,"1,565,698.58"
1-Aug-21,Tax,7.2,0,"1,565,705.78"
1-Aug-21,NEFT,18.1,0,"1,565,723.88"
1-Aug-21,Transfer,0,"195,715.49","1,370,008.40"
2-Aug-21,Debit Card,41.2,0,"1,370,049.60"
2-Aug-21,Bill,0.6,0,"1,370,050.20"
2-Aug-21,Cheque,18.4,0,"1,370,068.60"
2-Aug-21,Bill,0,"195,724.09","1,174,344.51"
2-Aug-21,Tax,0,"195,724.09","978,620.42"
2-Aug-21,Debit Card,"1,472,076.00",0,"2,450,696.42"
2-Aug-21,Debit Card,1.67,0,"2,450,698.09"
2-Aug-21,RTGS,"82,253.50",0,"2,532,951.59"
2-Aug-21,Cash,0,"506,590.32","2,026,361.27"
2-Aug-21,Miscellaneous,2.4,0,"2,026,363.67"
2-Aug-21,ATM,"143,785.00",0,"2,170,148.67"
2-Aug-21,ATM,"128,977.06",0,"2,299,125.73"
2-Aug-21,RTGS,0,"574,781.43","1,724,344.30"
2-Aug-21,Commission,0,"191,593.81","1,532,750.49"
2-Aug-21,Cheque,0,"766,375.25","766,375.24"
2-Aug-21,ATM,"25,437.60",0,"791,812.84"
2-Aug-21,Commission,"329,987.25",0,"1,121,800.09"
2-Aug-21,NEFT,17.34,0,"1,121,817.43"
2-Aug-21,NEFT,"20,734.26",0,"1,142,551.69"
2-Aug-21,IMPS,2.9,0,"1,142,554.59"
2-Aug-21,Tax,"1,355,590.25",0,"2,498,144.84"
2-Aug-21,Cheque,"4,003.90",0,"2,502,148.74"
3-Aug-21,ATM,0,"2,502,148.74",0
3-Aug-21,Bill,8,0,8
3-Aug-21,ATM,0,1.6,6.4
3-Aug-21,RTGS,153.9,0,160.3
3-Aug-21,Transfer,0,80.15,80.15
3-Aug-21,ATM,"3,583.85",0,"3,664.00"
3-Aug-21,Interest,"254,454.00",0,"258,118.00"
3-Aug-21,NEFT,0,"258,118.00",0
4-Aug-21,Interest,0,0,0
5-Aug-21,RTGS,6.1,0,6.1
5-Aug-21,Bill,0,1.22,4.88
5-Aug-21,Tax,"30,367.00",0,"30,371.88"
5-Aug-21,ATM,0,"3,374.65","26,997.23"
5-Aug-21,Debit Card,"229,057.00",0,"256,054.23"
6-Aug-21,IMPS,"30,058.29",0,"286,112.52"
6-Aug-21,ATM,0,"143,056.26","143,056.26"
6-Aug-21,Debit Card,"181,637.97",0,"324,694.23"
6-Aug-21,Miscellaneous,0,"40,586.78","284,107.45"
6-Aug-21,IMPS,"92,351.00",0,"376,458.45"
6-Aug-21,Debit Card,"3,860.03",0,"380,318.48"
6-Aug-21,Transfer,0,"42,257.61","338,060.87"
6-Aug-21,Reversal,0,"67,612.17","270,448.70"
6-Aug-21,Cash,"97,791.03",0,"368,239.73"
6-Aug-21,Commission,0,"40,915.53","327,324.20"
6-Aug-21,ATM,"1,323,829.75",0,"1,651,153.95"
6-Aug-21,ATM,34.3,0,"1,651,188.25"
6-Aug-21,Transfer,"21,650.43",0,"1,672,838.68"
6-Aug-21,RTGS,0,"418,209.67","1,254,629.01"
6-Aug-21,Reversal,0,"250,925.80","1,003,703.21"
6-Aug-21,IMPS,0.1,0,"1,003,703.31"
6-Aug-21,Debit Card,"995,294.00",0,"1,998,997.31"
6-Aug-21,Cash,"1,357,968.00",0,"3,356,965.31"
6-Aug-21,Transfer,420,0,"3,357,385.31"
6-Aug-21,Reversal,"6,717.00",0,"3,364,102.31"
6-Aug-21,RTGS,"4,983.00",0,"3,369,085.31"
6-Aug-21,Tax,"18,479.92",0,"3,387,565.23"
7-Aug-21,IMPS,984,0,"3,388,549.23"
7-Aug-21,Tax,0,"1,694,274.62","1,694,274.62"
7-Aug-21,Transfer,0,"242,039.23","1,452,235.39"
7-Aug-21,Cash,0,"242,039.23","1,210,196.16"
7-Aug-21,Tax,"15,011.03",0,"1,225,207.19"
7-Aug-21,Tax,0,"122,520.72","1,102,686.47"
7-Aug-21,Interest,"219,692.90",0,"1,322,379.37"
7-Aug-21,Tax,0.05,0,"1,322,379.42"
7-Aug-21,Cash,0,"1,322,379.42",0
7-Aug-21,NEFT,"2,576.00",0,"2,576.00"
7-Aug-21,Interest,0,515.2,"2,060.80"
7-Aug-21,Bill,373,0,"2,433.80"
7-Aug-21,Reversal,0,243.38,"2,190.42"
7-Aug-21,Tax,132,0,"2,322.42"
7-Aug-21,Debit Card,63,0,"2,385.42"
7-Aug-21,Miscellaneous,0,397.57,"1,987.85"
7-Aug-21,Cheque,"259,247.00",0,"261,234.85"
7-Aug-21,Commission,0,"37,319.26","223,915.59"
7-Aug-21,ATM,49.4,0,"223,964.99"
7-Aug-21,Reversal,0,"37,327.50","186,637.49"
7-Aug-21,ATM,0,"93,318.75","93,318.74"
7-Aug-21,ATM,"3,497.04",0,"96,815.78"
7-Aug-21,NEFT,372,0,"97,187.78"
7-Aug-21,Cheque,0,"48,593.89","48,593.89"
7-Aug-21,Reversal,0,"12,148.47","36,445.42"
7-Aug-21,ATM,4.5,0,"36,449.92"
7-Aug-21,Interest,"3,372.23",0,"39,822.15"
7-Aug-21,RTGS,0,"4,977.77","34,844.38"
7-Aug-21,Commission,0,"3,871.60","30,972.78"
7-Aug-21,Commission,0,"3,871.60","27,101.18"
7-Aug-21,Miscellaneous,0,"2,710.12","24,391.06"
7-Aug-21,Reversal,0,"12,195.53","12,195.53"
7-Aug-21,IMPS,0,"1,742.22","10,453.31"
7-Aug-21,Tax,0,"1,045.33","9,407.98"
7-Aug-21,Bill,"31,283.00",0,"40,690.98"
7-Aug-21,Miscellaneous,0,"13,563.66","27,127.32"
7-Aug-21,Reversal,0,"9,042.44","18,084.88"
7-Aug-21,NEFT,0,"18,084.88",0
7-Aug-21,NEFT,"1,075,455.20",0,"1,075,455.20"
7-Aug-21,Cash,0,"1,075,455.20",0
7-Aug-21,Cash,50.87,0,50.87
7-Aug-21,Bill,0,7.27,43.6
7-Aug-21,Tax,"26,287.04",0,"26,330.64"
7-Aug-21,Transfer,"27,802.50",0,"54,133.14"
7-Aug-21,Transfer,0,"6,014.79","48,118.35"
7-Aug-21,Bill,0,"9,623.67","38,494.68"
7-Aug-21,RTGS,50,0,"38,544.68"
7-Aug-21,ATM,6,0,"38,550.68"
7-Aug-21,ATM,0,"4,283.41","34,267.27"
7-Aug-21,Bill,0,"3,807.47","30,459.80"
7-Aug-21,Commission,0,"10,153.27","20,306.53"
7-Aug-21,Bill,6.71,0,"20,313.24"
7-Aug-21,Commission,0,"5,078.31","15,234.93"
7-Aug-21,Cheque,"1,973.70",0,"17,208.63"
7-Aug-21,NEFT,1.58,0,"17,210.21"
7-Aug-21,Tax,12.74,0,"17,222.95"
7-Aug-21,Debit Card,0,"17,222.95",0
7-Aug-21,Interest,"201,308.80",0,"201,308.80"
7-Aug-21,Debit Card,226.6,0,"201,535.40"
7-Aug-21,Transfer,0,"201,535.40",0
7-Aug-21,Cash,6,0,6
7-Aug-21,NEFT,0,2,4
7-Aug-21,Cash,0,0.67,3.33
7-Aug-21,Commission,"189,429.40",0,"189,432.73"
7-Aug-21,Interest,0.81,0,"189,433.54"
7-Aug-21,Transfer,0,"94,716.77","94,716.77"
7-Aug-21,NEFT,0,"11,839.60","82,877.17"
7-Aug-21,Bill,0,"10,359.65","72,517.52"
7-Aug-21,Cheque,9.77,0,"72,527.29"
7-Aug-21,Transfer,"234,979.00",0,"307,506.29"
7-Aug-21,Miscellaneous,0,"102,502.10","205,004.19"
7-Aug-21,Tax,"225,004.10",0,"430,008.29"
7-Aug-21,Transfer,"1,562,084.75",0,"1,992,093.04"
7-Aug-21,Miscellaneous,0,"249,011.63","1,743,081.41"
7-Aug-21,Commission,"3,432.00",0,"1,746,513.41"
7-Aug-21,NEFT,30,0,"1,746,543.41"
7-Aug-21,NEFT,3,0,"1,746,546.41"
7-Aug-21,IMPS,61.86,0,"1,746,608.27"
7-Aug-21,ATM,3.6,0,"1,746,611.87"
7-Aug-21,Bill,"104,626.88",0,"1,851,238.75"
7-Aug-21,Cheque,303,0,"1,851,541.75"
7-Aug-21,Debit Card,0,"264,505.96","1,587,035.79"
7-Aug-21,Interest,"148,600.00",0,"1,735,635.79"
7-Aug-21,Reversal,23,0,"1,735,658.79"
7-Aug-21,Commission,72.7,0,"1,735,731.49"
7-Aug-21,RTGS,"44,440.44",0,"1,780,171.93"
7-Aug-21,Commission,47,0,"1,780,218.93"
8-Aug-21,Debit Card,25,0,"1,780,243.93"
8-Aug-21,NEFT,211.5,0,"1,780,455.43"
8-Aug-21,Bill,0,"445,113.86","1,335,341.57"
8-Aug-21,NEFT,0,"1,335,341.57",0
8-Aug-21,Tax,"1,469.55",0,"1,469.55"
8-Aug-21,Bill,23.89,0,"1,493.44"
8-Aug-21,Transfer,"1,988.67",0,"3,482.11"
8-Aug-21,Bill,"1,744,521.25",0,"1,748,003.36"
8-Aug-21,IMPS,0,"874,001.68","874,001.68"
8-Aug-21,NEFT,2.69,0,"874,004.37"
8-Aug-21,Cash,0,"218,501.09","655,503.28"
9-Aug-21,Interest,0,"81,937.91","573,565.37"
9-Aug-21,Debit Card,0,"57,356.54","516,208.83"
9-Aug-21,Transfer,"247,681.20",0,"763,890.03"
9-Aug-21,Interest,0,"381,945.02","381,945.02"
9-Aug-21,Purchase,0,"47,743.13","334,201.89"
9-Aug-21,Cheque,0,"167,100.95","167,100.94"
9-Aug-21,Transfer,"175,231.59",0,"342,332.53"
9-Aug-21,Cheque,0,"57,055.42","285,277.11"
9-Aug-21,Transfer,0,"95,092.37","190,184.74"
9-Aug-21,Cheque,"702,084.00",0,"892,268.74"
9-Aug-21,Purchase,0,"223,067.19","669,201.55"
9-Aug-21,Tax,"164,801.00",0,"834,002.55"
9-Aug-21,Cheque,0,"92,666.95","741,335.60"
9-Aug-21,Reversal,0,"247,111.87","494,223.73"
9-Aug-21,RTGS,"1,013,186.80",0,"1,507,410.53"
9-Aug-21,Debit Card,"8,072.06",0,"1,515,482.59"
9-Aug-21,Miscellaneous,0,"303,096.52","1,212,386.07"
9-Aug-21,Cash,0,"121,238.61","1,091,147.46"
9-Aug-21,Reversal,0,"545,573.73","545,573.73"
9-Aug-21,Debit Card,5,0,"545,578.73"
9-Aug-21,Tax,"14,475.93",0,"560,054.66"
9-Aug-21,NEFT,0,"112,010.93","448,043.73"
9-Aug-21,ATM,0,"224,021.87","224,021.86"
9-Aug-21,Bill,"35,571.00",0,"259,592.86"
9-Aug-21,Interest,0,"51,918.57","207,674.29"
9-Aug-21,NEFT,0,"51,918.57","155,755.72"
9-Aug-21,Cheque,0,"31,151.14","124,604.58"
9-Aug-21,Tax,0,"41,534.86","83,069.72"
9-Aug-21,NEFT,0,"16,613.94","66,455.78"
9-Aug-21,Cheque,"119,643.00",0,"186,098.78"
9-Aug-21,Interest,"28,185.80",0,"214,284.58"
9-Aug-21,Tax,0,"42,856.92","171,427.66"
9-Aug-21,Commission,0,"21,428.46","149,999.20"
9-Aug-21,IMPS,0,"24,999.87","124,999.33"
9-Aug-21,RTGS,2.9,0,"125,002.23"
9-Aug-21,Cheque,"151,608.90",0,"276,611.13"
9-Aug-21,Commission,0,"30,734.57","245,876.56"
9-Aug-21,RTGS,0,"35,125.22","210,751.34"
9-Aug-21,Transfer,0,"52,687.84","158,063.50"
9-Aug-21,Tax,60,0,"158,123.50"
9-Aug-21,Miscellaneous,"3,465.00",0,"161,588.50"
9-Aug-21,ATM,0,"23,084.07","138,504.43"
9-Aug-21,Cash,24.15,0,"138,528.58"
9-Aug-21,IMPS,"5,333.00",0,"143,861.58"
9-Aug-21,Interest,453.37,0,"144,314.95"
9-Aug-21,Commission,"252,969.00",0,"397,283.95"
9-Aug-21,Debit Card,6.4,0,"397,290.35"
9-Aug-21,IMPS,300,0,"397,590.35"
10-Aug-21,Cheque,"22,756.00",0,"420,346.35"
10-Aug-21,Reversal,0,"140,115.45","280,230.90"
10-Aug-21,Commission,0,"140,115.45","140,115.45"
10-Aug-21,Reversal,46.3,0,"140,161.75"
10-Aug-21,Purchase,0,"140,161.75",0
10-Aug-21,Tax,"178,685.00",0,"178,685.00"
10-Aug-21,Purchase,0,"19,853.89","158,831.11"
10-Aug-21,Purchase,0,"19,853.89","138,977.22"
10-Aug-21,NEFT,0,"27,795.44","111,181.78"
10-Aug-21,Bill,48.04,0,"111,229.82"
10-Aug-21,Bill,0,"13,903.73","97,326.09"
10-Aug-21,Cheque,0,"32,442.03","64,884.06"
10-Aug-21,Debit Card,0,"32,442.03","32,442.03"
10-Aug-21,Reversal,"608,563.00",0,"641,005.03"
10-Aug-21,Reversal,10.5,0,"641,015.53"
10-Aug-21,RTGS,"46,904.56",0,"687,920.09"
10-Aug-21,ATM,"1,715.60",0,"689,635.69"
10-Aug-21,Reversal,"65,127.75",0,"754,763.44"
10-Aug-21,Cheque,"353,849.80",0,"1,108,613.24"
10-Aug-21,Commission,0,"110,861.32","997,751.92"
10-Aug-21,RTGS,0,"332,583.97","665,167.95"
10-Aug-21,Bill,"4,027.60",0,"669,195.55"
10-Aug-21,Reversal,0,"133,839.11","535,356.44"
10-Aug-21,Bill,0,"89,226.07","446,130.37"
10-Aug-21,Cash,0,"111,532.59","334,597.78"
10-Aug-21,Cash,0,"37,177.53","297,420.25"
10-Aug-21,Interest,0,"297,420.25",0
10-Aug-21,Debit Card,"10,450.84",0,"10,450.84"
10-Aug-21,Transfer,0,"2,090.17","8,360.67"
10-Aug-21,Debit Card,"1,541.56",0,"9,902.23"
10-Aug-21,Reversal,"25,719.79",0,"35,622.02"
10-Aug-21,RTGS,55,0,"35,677.02"
10-Aug-21,Reversal,0,"35,677.02",0
11-Aug-21,Debit Card,526.66,0,526.66
11-Aug-21,Cash,0,52.67,473.99
11-Aug-21,IMPS,0,473.99,0
11-Aug-21,ATM,25.1,0,25.1
11-Aug-21,Debit Card,0,25.1,0
11-Aug-21,Debit Card,34.2,0,34.2
11-Aug-21,Debit Card,0,17.1,17.1
11-Aug-21,Commission,0,2.44,14.66
11-Aug-21,IMPS,0,3.67,11
11-Aug-21,Miscellaneous,0,1.1,9.9
11-Aug-21,Miscellaneous,0,3.3,6.6
11-Aug-21,Transfer,6.32,0,12.92
11-Aug-21,RTGS,"1,189,643.00",0,"1,189,655.92"
12-Aug-21,IMPS,0,"396,551.97","793,103.95"
12-Aug-21,Bill,1.71,0,"793,105.66"
12-Aug-21,Bill,"2,272.90",0,"795,378.56"
12-Aug-21,Purchase,0,"88,375.40","707,003.16"
12-Aug-21,Interest,0,"353,501.58","353,501.58"
12-Aug-21,Commission,0,"35,350.16","318,151.42"
12-Aug-21,IMPS,"1,390,327.25",0,"1,708,478.67"
12-Aug-21,ATM,174.42,0,"1,708,653.09"
12-Aug-21,IMPS,"1,637,956.80",0,"3,346,609.89"
12-Aug-21,RTGS,"1,043.22",0,"3,347,653.11"
13-Aug-21,Cheque,"914,106.20",0,"4,261,759.31"
13-Aug-21,IMPS,4.9,0,"4,261,764.21"
13-Aug-21,NEFT,0,"426,176.42","3,835,587.79"
13-Aug-21,Commission,0,"426,176.42","3,409,411.37"
13-Aug-21,Bill,0,"1,136,470.46","2,272,940.91"
13-Aug-21,Tax,0,"757,646.97","1,515,293.94"
13-Aug-21,IMPS,0,"757,646.97","757,646.97"
13-Aug-21,IMPS,176.1,0,"757,823.07"
13-Aug-21,Cheque,0,"378,911.54","378,911.54"
13-Aug-21,Reversal,0,"378,911.54",0
13-Aug-21,IMPS,1.8,0,1.8
13-Aug-21,Cash,0,0.3,1.5
13-Aug-21,Cash,"280,003.20",0,"280,004.70"
13-Aug-21,Purchase,"436,653.00",0,"716,657.70"
13-Aug-21,Tax,6.2,0,"716,663.90"
13-Aug-21,Cheque,0,"79,629.32","637,034.58"
13-Aug-21,Reversal,54.16,0,"637,088.74"
13-Aug-21,NEFT,"1,977,976.00",0,"2,615,064.74"
13-Aug-21,Reversal,"210,892.50",0,"2,825,957.24"
13-Aug-21,Cheque,0,"282,595.72","2,543,361.52"
13-Aug-21,Purchase,2.31,0,"2,543,363.83"
13-Aug-21,Bill,0,"363,337.69","2,180,026.14"
13-Aug-21,Miscellaneous,"4,500.00",0,"2,184,526.14"
13-Aug-21,Reversal,21.8,0,"2,184,547.94"
13-Aug-21,Reversal,0,"242,727.55","1,941,820.39"
13-Aug-21,Cheque,6,0,"1,941,826.39"
13-Aug-21,Debit Card,0,"194,182.64","1,747,643.75"
14-Aug-21,Bill,0,"349,528.75","1,398,115.00"
14-Aug-21,Cheque,0,"155,346.11","1,242,768.89"
14-Aug-21,Transfer,0,"1,242,768.89",0
14-Aug-21,Debit Card,6.35,0,6.35
14-Aug-21,Debit Card,0,0.79,5.56
14-Aug-21,Commission,0,0.56,5
14-Aug-21,Miscellaneous,"22,759.56",0,"22,764.56"
14-Aug-21,Interest,0,"2,276.46","20,488.10"
14-Aug-21,Cheque,0,"4,097.62","16,390.48"
15-Aug-21,IMPS,0,"16,390.48",0
15-Aug-21,Cheque,843,0,843
15-Aug-21,IMPS,0,105.38,737.62
15-Aug-21,Bill,2.98,0,740.6
15-Aug-21,Purchase,"1,852,600.20",0,"1,853,340.80"
15-Aug-21,Reversal,0,"926,670.40","926,670.40"
15-Aug-21,IMPS,0,"115,833.80","810,836.60"
15-Aug-21,Interest,0,"101,354.58","709,482.02"
15-Aug-21,Miscellaneous,"106,843.00",0,"816,325.02"
15-Aug-21,RTGS,0,"408,162.51","408,162.51"
15-Aug-21,Reversal,0,"102,040.63","306,121.88"
16-Aug-21,Debit Card,5.7,0,"306,127.58"
16-Aug-21,IMPS,0,"34,014.18","272,113.40"
16-Aug-21,Debit Card,0,"90,704.47","181,408.93"
16-Aug-21,Transfer,"4,693.93",0,"186,102.86"
16-Aug-21,ATM,0,"62,034.29","124,068.57"
16-Aug-21,Bill,0,"20,678.10","103,390.48"
16-Aug-21,Miscellaneous,"66,391.40",0,"169,781.88"
16-Aug-21,RTGS,35.38,0,"169,817.26"
16-Aug-21,Reversal,19.65,0,"169,836.91"
16-Aug-21,Tax,0,"56,612.30","113,224.61"
16-Aug-21,ATM,"187,256.80",0,"300,481.41"
16-Aug-21,Transfer,23,0,"300,504.41"
16-Aug-21,Debit Card,0,"150,252.21","150,252.20"
16-Aug-21,RTGS,0,"21,464.60","128,787.60"
16-Aug-21,Interest,0,"12,878.76","115,908.84"
16-Aug-21,Transfer,0,"57,954.42","57,954.42"
16-Aug-21,IMPS,"2,825.57",0,"60,779.99"
16-Aug-21,ATM,0,"8,682.86","52,097.13"
16-Aug-21,Commission,"222,167.50",0,"274,264.63"
16-Aug-21,Reversal,0,"30,473.85","243,790.78"
16-Aug-21,Interest,0,"243,790.78",0
16-Aug-21,Miscellaneous,"1,297,485.20",0,"1,297,485.20"
16-Aug-21,Debit Card,1,0,"1,297,486.20"
16-Aug-21,Purchase,0,"648,743.10","648,743.10"
16-Aug-21,Cheque,"252,991.00",0,"901,734.10"
16-Aug-21,Miscellaneous,0,"90,173.41","811,560.69"
16-Aug-21,Reversal,2,0,"811,562.69"
16-Aug-21,NEFT,0,"270,520.90","541,041.79"
16-Aug-21,Debit Card,0,"90,173.63","450,868.16"
16-Aug-21,Cash,"1,877,235.00",0,"2,328,103.16"
16-Aug-21,Interest,0,"291,012.90","2,037,090.26"
16-Aug-21,Bill,0,"2,037,090.26",0
16-Aug-21,Cheque,250,0,250
16-Aug-21,Miscellaneous,"11,508.85",0,"11,758.85"
16-Aug-21,Tax,"30,689.00",0,"42,447.85"
16-Aug-21,NEFT,0,"6,063.98","36,383.87"
16-Aug-21,Transfer,0,"4,547.98","31,835.89"
16-Aug-21,Reversal,141.5,0,"31,977.39"
16-Aug-21,Cash,0,"15,988.70","15,988.70"
16-Aug-21,Tax,130.3,0,"16,119.00"
16-Aug-21,Purchase,0,"1,791.00","14,328.00"
16-Aug-21,Commission,13.5,0,"14,341.50"
16-Aug-21,Interest,31,0,"14,372.50"
16-Aug-21,Debit Card,0,"7,186.25","7,186.25"
16-Aug-21,Debit Card,0,898.28,"6,287.97"
16-Aug-21,IMPS,49.5,0,"6,337.47"
16-Aug-21,ATM,"231,369.10",0,"237,706.57"
16-Aug-21,Tax,0,"33,958.08","203,748.49"
16-Aug-21,Commission,486,0,"204,234.49"
16-Aug-21,ATM,664,0,"204,898.49"
16-Aug-21,Tax,422.7,0,"205,321.19"
16-Aug-21,Cash,"1,009.56",0,"206,330.75"
16-Aug-21,RTGS,1.3,0,"206,332.05"
16-Aug-21,Cheque,"170,428.66",0,"376,760.71"
16-Aug-21,Bill,0,"47,095.09","329,665.62"
16-Aug-21,Reversal,164.9,0,"329,830.52"
16-Aug-21,Purchase,"3,479.16",0,"333,309.68"
16-Aug-21,Transfer,0.73,0,"333,310.41"
16-Aug-21,Bill,202.9,0,"333,513.31"
16-Aug-21,Commission,0,"55,585.55","277,927.76"
16-Aug-21,IMPS,0,"39,703.97","238,223.79"
16-Aug-21,Interest,0,"47,644.76","190,579.03"
16-Aug-21,Cheque,0,"27,225.58","163,353.45"
16-Aug-21,RTGS,0,"27,225.58","136,127.88"
16-Aug-21,Tax,470,0,"136,597.88"
16-Aug-21,RTGS,0,"68,298.94","68,298.94"
16-Aug-21,Tax,7,0,"68,305.94"
16-Aug-21,IMPS,1.18,0,"68,307.12"
16-Aug-21,IMPS,"428,225.50",0,"496,532.62"
16-Aug-21,Debit Card,"3,414.80",0,"499,947.42"
16-Aug-21,Bill,0,"249,973.71","249,973.71"
16-Aug-21,ATM,0,"24,997.37","224,976.34"
16-Aug-21,RTGS,0,"28,122.04","196,854.30"
16-Aug-21,Transfer,347.8,0,"197,202.10"
16-Aug-21,IMPS,0,"98,601.05","98,601.05"
16-Aug-21,NEFT,0,"49,300.53","49,300.52"
16-Aug-21,ATM,0,"49,300.52",0
16-Aug-21,NEFT,58.54,0,58.54
16-Aug-21,Debit Card,"17,241.00",0,"17,299.54"
16-Aug-21,Transfer,0,"4,324.89","12,974.66"
16-Aug-21,ATM,"499,666.50",0,"512,641.16"
16-Aug-21,Cash,23.2,0,"512,664.36"
16-Aug-21,Cash,0,"128,166.09","384,498.27"
16-Aug-21,Debit Card,0,"38,449.83","346,048.44"
16-Aug-21,Cheque,0,"49,435.49","296,612.95"
16-Aug-21,Bill,0,"29,661.30","266,951.66"
16-Aug-21,ATM,367.3,0,"267,318.96"
16-Aug-21,Reversal,"3,519.21",0,"270,838.17"
16-Aug-21,Tax,"1,841.33",0,"272,679.50"
16-Aug-21,Purchase,0,"272,679.50",0
16-Aug-21,Commission,0.2,0,0.2
16-Aug-21,Tax,0,0.05,0.15
16-Aug-21,Cheque,6.5,0,6.65
16-Aug-21,Bill,0,1.66,4.99
16-Aug-21,NEFT,0,0.62,4.37
16-Aug-21,IMPS,5.7,0,10.07
16-Aug-21,Tax,0,1.26,8.81
16-Aug-21,Bill,0,0.88,7.93
17-Aug-21,Commission,0,0.99,6.94
17-Aug-21,Reversal,2.51,0,9.45
17-Aug-21,Reversal,0,1.89,7.56
17-Aug-21,Cheque,0,0,7.56
17-Aug-21,IMPS,"1,807,427.00",0,"1,807,434.56"
17-Aug-21,Miscellaneous,"2,114.73",0,"1,809,549.29"
17-Aug-21,RTGS,0,"226,193.66","1,583,355.63"
17-Aug-21,Cheque,"11,643.19",0,"1,594,998.82"
18-Aug-21,Reversal,27,0,"1,595,025.82"
18-Aug-21,Cheque,61.3,0,"1,595,087.12"
18-Aug-21,NEFT,"25,532.70",0,"1,620,619.82"
18-Aug-21,ATM,"224,670.00",0,"1,845,289.82"
18-Aug-21,IMPS,0,"263,612.83","1,581,676.99"
18-Aug-21,Bill,"28,311.59",0,"1,609,988.58"
18-Aug-21,RTGS,0,"402,497.15","1,207,491.44"
18-Aug-21,Bill,"2,007,474.00",0,"3,214,965.44"
18-Aug-21,Interest,"8,437.10",0,"3,223,402.54"
18-Aug-21,Interest,392.1,0,"3,223,794.64"
18-Aug-21,ATM,0,"805,948.66","2,417,845.98"
18-Aug-21,ATM,1.45,0,"2,417,847.43"
18-Aug-21,Interest,0,"268,649.71","2,149,197.72"
18-Aug-21,RTGS,"2,283.26",0,"2,151,480.98"
18-Aug-21,NEFT,32.99,0,"2,151,513.97"
18-Aug-21,ATM,323,0,"2,151,836.97"
18-Aug-21,IMPS,0,"307,405.28","1,844,431.69"
18-Aug-21,Tax,0,"368,886.34","1,475,545.35"
18-Aug-21,Debit Card,0,"184,443.17","1,291,102.18"
18-Aug-21,Interest,0,"258,220.44","1,032,881.74"
18-Aug-21,Cheque,0,"147,554.53","885,327.21"
18-Aug-21,Reversal,0,"442,663.61","442,663.60"
18-Aug-21,Commission,"193,866.81",0,"636,530.41"
18-Aug-21,Cheque,"16,796.00",0,"653,326.41"
18-Aug-21,Miscellaneous,0,"163,331.60","489,994.81"
18-Aug-21,Commission,0,"48,999.48","440,995.33"
18-Aug-21,Cash,0,"220,497.67","220,497.66"
18-Aug-21,Purchase,0,"36,749.61","183,748.05"
18-Aug-21,IMPS,"5,000.00",0,"188,748.05"
18-Aug-21,Purchase,0,"31,458.01","157,290.04"
19-Aug-21,IMPS,37.3,0,"157,327.34"
19-Aug-21,Bill,0,"15,732.73","141,594.61"
19-Aug-21,Transfer,6,0,"141,600.61"
19-Aug-21,Cash,"878,049.75",0,"1,019,650.36"
19-Aug-21,Miscellaneous,0,"145,664.34","873,986.02"
19-Aug-21,Interest,0,"218,496.51","655,489.52"
19-Aug-21,RTGS,"15,825.00",0,"671,314.52"
19-Aug-21,NEFT,"2,229.40",0,"673,543.92"
19-Aug-21,ATM,0,"74,838.21","598,705.71"
19-Aug-21,Bill,0,"85,529.39","513,176.32"
19-Aug-21,NEFT,"442,908.00",0,"956,084.32"
20-Aug-21,Cheque,0,"239,021.08","717,063.24"
20-Aug-21,Commission,425.01,0,"717,488.25"
20-Aug-21,Tax,0,"358,744.13","358,744.12"
20-Aug-21,Reversal,0,"35,874.41","322,869.71"
20-Aug-21,NEFT,0,"161,434.86","161,434.86"
20-Aug-21,Cheque,"26,125.40",0,"187,560.26"
20-Aug-21,Reversal,"1,101,232.00",0,"1,288,792.26"
20-Aug-21,Commission,33,0,"1,288,825.26"
20-Aug-21,Purchase,0,"257,765.05","1,031,060.21"
20-Aug-21,ATM,0,"257,765.05","773,295.16"
20-Aug-21,Reversal,0,"128,882.53","644,412.63"
20-Aug-21,NEFT,0,"322,206.32","322,206.32"
20-Aug-21,Miscellaneous,0,"40,275.79","281,930.53"
20-Aug-21,Reversal,0,"40,275.79","241,654.74"
21-Aug-21,Interest,"2,487.80",0,"244,142.54"
22-Aug-21,Tax,0,"61,035.64","183,106.90"
22-Aug-21,Interest,0,"22,888.36","160,218.54"
22-Aug-21,Tax,"38,489.19",0,"198,707.73"
22-Aug-21,ATM,"50,127.20",0,"248,834.93"
22-Aug-21,IMPS,0,"31,104.37","217,730.56"
22-Aug-21,Commission,0,"21,773.06","195,957.50"
22-Aug-21,Interest,0,"195,957.50",0
22-Aug-21,Purchase,"86,912.00",0,"86,912.00"
22-Aug-21,Purchase,7.29,0,"86,919.29"
22-Aug-21,Transfer,0,"28,973.10","57,946.19"
22-Aug-21,Cheque,273.12,0,"58,219.31"
22-Aug-21,Interest,0,"29,109.66","29,109.66"
22-Aug-21,NEFT,0,"7,277.42","21,832.24"
22-Aug-21,Commission,"14,883.70",0,"36,715.94"
22-Aug-21,ATM,49.5,0,"36,765.44"
22-Aug-21,Cheque,"87,644.00",0,"124,409.44"
22-Aug-21,Miscellaneous,0,"12,440.94","111,968.50"
22-Aug-21,Commission,0,"18,661.42","93,307.08"
22-Aug-21,RTGS,493,0,"93,800.08"
22-Aug-21,Interest,0,"13,400.01","80,400.07"
22-Aug-21,RTGS,"196,411.88",0,"276,811.95"
22-Aug-21,Debit Card,27.99,0,"276,839.94"
22-Aug-21,Commission,0,"276,839.94",0
22-Aug-21,ATM,"1,053,768.00",0,"1,053,768.00"
22-Aug-21,Transfer,501.65,0,"1,054,269.65"
22-Aug-21,Transfer,0,"263,567.41","790,702.24"
22-Aug-21,Cheque,"43,377.00",0,"834,079.24"
22-Aug-21,Reversal,"1,095.50",0,"835,174.74"
22-Aug-21,RTGS,0,"83,517.47","751,657.27"
22-Aug-21,Debit Card,0,"375,828.64","375,828.64"
22-Aug-21,RTGS,0,"187,914.32","187,914.32"
22-Aug-21,ATM,0,"18,791.43","169,122.89"
22-Aug-21,Miscellaneous,281,0,"169,403.89"
22-Aug-21,RTGS,4,0,"169,407.89"
22-Aug-21,Cash,0,"84,703.95","84,703.94"
22-Aug-21,Reversal,361,0,"85,064.94"
22-Aug-21,Debit Card,187.36,0,"85,252.30"
22-Aug-21,RTGS,2,0,"85,254.30"
22-Aug-21,RTGS,0,"10,656.79","74,597.51"
22-Aug-21,Purchase,0,"37,298.76","37,298.75"
22-Aug-21,Debit Card,0,"5,328.39","31,970.36"
22-Aug-21,Purchase,944,0,"32,914.36"
22-Aug-21,Cash,255.6,0,"33,169.96"
22-Aug-21,Reversal,7.96,0,"33,177.92"
22-Aug-21,Bill,0,"6,635.58","26,542.34"
22-Aug-21,Miscellaneous,0,"4,423.72","22,118.62"
22-Aug-21,ATM,0,"3,159.80","18,958.82"
22-Aug-21,Commission,"2,523.70",0,"21,482.52"
22-Aug-21,Cash,0,"5,370.63","16,111.89"
22-Aug-21,Interest,205.3,0,"16,317.19"
22-Aug-21,Miscellaneous,0,"3,263.44","13,053.75"
22-Aug-21,Debit Card,0,"3,263.44","9,790.31"
22-Aug-21,ATM,476.73,0,"10,267.04"
22-Aug-21,Commission,"3,899.20",0,"14,166.24"
22-Aug-21,ATM,0,"14,166.24",0
22-Aug-21,Transfer,"656,096.00",0,"656,096.00"
22-Aug-21,Interest,0,"328,048.00","328,048.00"
22-Aug-21,Commission,0,"46,864.00","281,184.00"
22-Aug-21,RTGS,34.81,0,"281,218.81"
22-Aug-21,IMPS,"1,729.00",0,"282,947.81"
22-Aug-21,Purchase,"251,149.62",0,"534,097.43"
22-Aug-21,IMPS,2,0,"534,099.43"
22-Aug-21,Purchase,"3,957.00",0,"538,056.43"
22-Aug-21,IMPS,"751,814.20",0,"1,289,870.63"
22-Aug-21,IMPS,0,"161,233.83","1,128,636.80"
22-Aug-21,Commission,"1,890,083.80",0,"3,018,720.60"
22-Aug-21,Cash,"1,769,849.50",0,"4,788,570.10"
23-Aug-21,ATM,0,"532,063.34","4,256,506.76"
23-Aug-21,RTGS,0,"532,063.35","3,724,443.42"
23-Aug-21,NEFT,242,0,"3,724,685.42"
23-Aug-21,IMPS,4.9,0,"3,724,690.32"
23-Aug-21,IMPS,0,"1,862,345.16","1,862,345.16"
23-Aug-21,Tax,"31,262.70",0,"1,893,607.86"
23-Aug-21,Reversal,0,"1,893,607.86",0
23-Aug-21,Bill,"6,802.00",0,"6,802.00"
23-Aug-21,Reversal,"21,101.20",0,"27,903.20"
23-Aug-21,Debit Card,7.7,0,"27,910.90"
23-Aug-21,Cash,"2,846.56",0,"30,757.46"
23-Aug-21,Miscellaneous,0,"7,689.37","23,068.10"
23-Aug-21,Purchase,0,"7,689.37","15,378.73"
23-Aug-21,RTGS,"49,316.00",0,"64,694.73"
23-Aug-21,Bill,"160,694.00",0,"225,388.73"
23-Aug-21,Cheque,"24,773.00",0,"250,161.73"
23-Aug-21,Tax,0,"125,080.87","125,080.86"
23-Aug-21,Commission,0,"41,693.62","83,387.24"
23-Aug-21,Miscellaneous,0,"8,338.72","75,048.52"
23-Aug-21,Debit Card,0,"15,009.70","60,038.82"
23-Aug-21,Transfer,"23,142.00",0,"83,180.82"
23-Aug-21,Interest,0,"20,795.21","62,385.62"
23-Aug-21,Commission,0,"31,192.81","31,192.81"
23-Aug-21,Debit Card,"1,635,900.00",0,"1,667,092.81"
23-Aug-21,Debit Card,"24,696.40",0,"1,691,789.21"
23-Aug-21,ATM,0,"211,473.65","1,480,315.56"
23-Aug-21,ATM,0,"246,719.26","1,233,596.30"
23-Aug-21,Interest,0,"411,198.77","822,397.53"
23-Aug-21,Reversal,0,"137,066.26","685,331.28"
23-Aug-21,Tax,4.8,0,"685,336.08"
23-Aug-21,Cash,"25,528.90",0,"710,864.98"
23-Aug-21,IMPS,0,"710,864.98",0
23-Aug-21,Cheque,"1,339.63",0,"1,339.63"
23-Aug-21,Cheque,0,167.45,"1,172.18"
23-Aug-21,Miscellaneous,0,586.09,586.09
23-Aug-21,Miscellaneous,"81,586.00",0,"82,172.09"
23-Aug-21,Tax,"27,768.50",0,"109,940.59"
23-Aug-21,Commission,"178,768.80",0,"288,709.39"
23-Aug-21,Tax,36,0,"288,745.39"
23-Aug-21,RTGS,1,0,"288,746.39"
23-Aug-21,Bill,0,"32,082.93","256,663.46"
23-Aug-21,Bill,0,"32,082.93","224,580.53"
23-Aug-21,Miscellaneous,"137,830.59",0,"362,411.12"
23-Aug-21,ATM,0,"60,401.85","302,009.27"
23-Aug-21,Transfer,0,"151,004.64","151,004.64"
23-Aug-21,Commission,50,0,"151,054.64"
23-Aug-21,Debit Card,0,"15,105.46","135,949.18"
23-Aug-21,Purchase,0,"22,658.20","113,290.98"
23-Aug-21,Transfer,0,"18,881.83","94,409.15"
23-Aug-21,Debit Card,0,"15,734.86","78,674.29"
23-Aug-21,IMPS,0,"9,834.29","68,840.00"
23-Aug-21,ATM,"173,240.50",0,"242,080.50"
23-Aug-21,Miscellaneous,"907,280.20",0,"1,149,360.70"
23-Aug-21,Tax,0,"287,340.18","862,020.52"
23-Aug-21,Bill,0,"107,752.57","754,267.96"
24-Aug-21,Reversal,3.31,0,"754,271.27"
24-Aug-21,Miscellaneous,"3,126.00",0,"757,397.27"
24-Aug-21,ATM,0,"252,465.76","504,931.51"
24-Aug-21,Bill,36.8,0,"504,968.31"
24-Aug-21,Commission,"7,368.23",0,"512,336.54"
24-Aug-21,Purchase,98,0,"512,434.54"
24-Aug-21,Tax,470,0,"512,904.54"
24-Aug-21,Transfer,"1,781,076.00",0,"2,293,980.54"
24-Aug-21,Transfer,0,"382,330.09","1,911,650.45"
24-Aug-21,Debit Card,"244,891.00",0,"2,156,541.45"
24-Aug-21,Interest,0,"2,156,541.45",0
24-Aug-21,NEFT,10.8,0,10.8
24-Aug-21,ATM,0,1.8,9
24-Aug-21,IMPS,399.4,0,408.4
24-Aug-21,NEFT,4.38,0,412.78
24-Aug-21,Tax,3,0,415.78
24-Aug-21,Interest,0,138.59,277.19
24-Aug-21,Tax,0,69.3,207.89
24-Aug-21,Commission,32.73,0,240.62
24-Aug-21,NEFT,0,26.74,213.88
24-Aug-21,Commission,0,213.88,0
24-Aug-21,Transfer,"1,750,338.00",0,"1,750,338.00"
24-Aug-21,ATM,"750,164.00",0,"2,500,502.00"
24-Aug-21,Debit Card,481.74,0,"2,500,983.74"
24-Aug-21,Debit Card,0,"312,622.97","2,188,360.77"
24-Aug-21,Miscellaneous,0,"364,726.80","1,823,633.98"
24-Aug-21,Commission,"16,069.00",0,"1,839,702.98"
24-Aug-21,Commission,8,0,"1,839,710.98"
24-Aug-21,NEFT,0,"262,815.85","1,576,895.13"
24-Aug-21,Purchase,"7,931.00",0,"1,584,826.13"
24-Aug-21,Cash,0,"198,103.27","1,386,722.86"
24-Aug-21,Cheque,53.4,0,"1,386,776.26"
24-Aug-21,Cash,0,"198,110.89","1,188,665.37"
24-Aug-21,Purchase,0,"118,866.54","1,069,798.83"
24-Aug-21,IMPS,64,0,"1,069,862.83"
24-Aug-21,Debit Card,0,"267,465.71","802,397.12"
24-Aug-21,Purchase,0,"89,155.24","713,241.88"
24-Aug-21,Cheque,0,"356,620.94","356,620.94"
24-Aug-21,Debit Card,0,"71,324.19","285,296.75"
24-Aug-21,RTGS,0,"31,699.64","253,597.11"
24-Aug-21,ATM,0,"25,359.71","228,237.40"
24-Aug-21,Debit Card,0,"45,647.48","182,589.92"
24-Aug-21,Debit Card,0,"45,647.48","136,942.44"
24-Aug-21,Transfer,0,"68,471.22","68,471.22"
24-Aug-21,Interest,112.9,0,"68,584.12"
24-Aug-21,Cheque,0,"6,858.41","61,725.71"
24-Aug-21,Reversal,0,"15,431.43","46,294.28"
24-Aug-21,Interest,26.4,0,"46,320.68"
24-Aug-21,ATM,98,0,"46,418.68"
24-Aug-21,Miscellaneous,0,"4,641.87","41,776.81"
24-Aug-21,RTGS,212,0,"41,988.81"
24-Aug-21,NEFT,0,"10,497.20","31,491.61"
24-Aug-21,IMPS,"2,313.00",0,"33,804.61"
24-Aug-21,NEFT,"6,503.41",0,"40,308.02"
24-Aug-21,Cash,"134,374.00",0,"174,682.02"
24-Aug-21,NEFT,13.18,0,"174,695.20"
24-Aug-21,Bill,"6,801.00",0,"181,496.20"
24-Aug-21,NEFT,5.6,0,"181,501.80"
24-Aug-21,Tax,0,"20,166.87","161,334.93"
24-Aug-21,Transfer,0,"16,133.49","145,201.44"
24-Aug-21,Transfer,0,"145,201.44",0
24-Aug-21,Bill,452.83,0,452.83
24-Aug-21,Bill,0,90.57,362.26
24-Aug-21,Commission,7.53,0,369.79
24-Aug-21,Purchase,0,123.26,246.53
24-Aug-21,Tax,0,61.63,184.9
24-Aug-21,NEFT,0,20.54,164.36
24-Aug-21,Tax,161.59,0,325.95
24-Aug-21,Bill,"246,999.80",0,"247,325.75"
24-Aug-21,ATM,"28,004.80",0,"275,330.55"
24-Aug-21,Commission,0,"27,533.06","247,797.50"
24-Aug-21,RTGS,0,"41,299.58","206,497.92"
24-Aug-21,Bill,831,0,"207,328.92"
24-Aug-21,Miscellaneous,"1,030,153.25",0,"1,237,482.17"
24-Aug-21,Debit Card,0,"247,496.43","989,985.74"
24-Aug-21,Reversal,0,"989,985.74",0
24-Aug-21,IMPS,"245,458.56",0,"245,458.56"
24-Aug-21,Tax,"8,270.20",0,"253,728.76"
24-Aug-21,Cash,0,"36,246.97","217,481.79"
24-Aug-21,RTGS,144.8,0,"217,626.59"
24-Aug-21,Bill,0,"72,542.20","145,084.39"
24-Aug-21,Debit Card,"543,151.00",0,"688,235.39"
24-Aug-21,Cash,0,"68,823.54","619,411.85"
24-Aug-21,Purchase,0,"68,823.54","550,588.31"
24-Aug-21,Tax,0,"61,176.48","489,411.83"
24-Aug-21,Purchase,61.3,0,"489,473.13"
24-Aug-21,Debit Card,0,"48,947.31","440,525.82"
24-Aug-21,IMPS,0,"73,420.97","367,104.85"
24-Aug-21,Bill,52.65,0,"367,157.50"
24-Aug-21,Tax,"3,578.90",0,"370,736.40"
24-Aug-21,Cash,0,"92,684.10","278,052.30"
24-Aug-21,Interest,0,"27,805.23","250,247.07"
24-Aug-21,ATM,0,"27,805.23","222,441.84"
24-Aug-21,Commission,"28,795.00",0,"251,236.84"
24-Aug-21,Cheque,"61,807.20",0,"313,044.04"
24-Aug-21,Interest,"1,060.00",0,"314,104.04"
24-Aug-21,Reversal,0,"39,263.01","274,841.03"
24-Aug-21,Cheque,6.8,0,"274,847.83"
24-Aug-21,Interest,0,"39,263.98","235,583.85"
24-Aug-21,Reversal,0,"39,263.98","196,319.88"
24-Aug-21,Commission,0,"98,159.94","98,159.94"
25-Aug-21,Interest,0,"10,906.66","87,253.28"
25-Aug-21,IMPS,"23,342.00",0,"110,595.28"
25-Aug-21,Commission,0,"13,824.41","96,770.87"
25-Aug-21,Transfer,"3,729.00",0,"100,499.87"
25-Aug-21,Debit Card,"3,854.81",0,"104,354.68"
25-Aug-21,IMPS,0,"104,354.68",0
25-Aug-21,Tax,183.1,0,183.1
25-Aug-21,Commission,"129,245.56",0,"129,428.66"
25-Aug-21,Interest,"1,154,596.25",0,"1,284,024.91"
25-Aug-21,RTGS,0,"256,804.98","1,027,219.93"
25-Aug-21,Interest,0,"128,402.49","898,817.44"
25-Aug-21,Tax,"20,061.00",0,"918,878.44"
25-Aug-21,Transfer,"43,817.00",0,"962,695.44"
25-Aug-21,ATM,0,"481,347.72","481,347.72"
25-Aug-21,Reversal,1,0,"481,348.72"
25-Aug-21,RTGS,5,0,"481,353.72"
25-Aug-21,Purchase,0,"53,483.75","427,869.97"
25-Aug-21,ATM,"143,643.50",0,"571,513.47"
25-Aug-21,Cheque,0,"81,644.78","489,868.69"
25-Aug-21,Transfer,0,"122,467.17","367,401.52"
25-Aug-21,Miscellaneous,0,"45,925.19","321,476.33"
25-Aug-21,Commission,0,"35,719.59","285,756.74"
25-Aug-21,Interest,0,"31,750.75","254,005.99"
25-Aug-21,Purchase,"215,235.00",0,"469,240.99"
25-Aug-21,Transfer,"1,401,456.25",0,"1,870,697.24"
25-Aug-21,Purchase,0,"233,837.16","1,636,860.08"
25-Aug-21,Purchase,0,"818,430.04","818,430.04"
25-Aug-21,IMPS,5.9,0,"818,435.94"
25-Aug-21,Purchase,"655,379.25",0,"1,473,815.19"
25-Aug-21,Bill,0,"147,381.52","1,326,433.67"
26-Aug-21,Bill,"31,255.00",0,"1,357,688.67"
26-Aug-21,Miscellaneous,0,"452,562.89","905,125.78"
26-Aug-21,Cash,0,"452,562.89","452,562.89"
26-Aug-21,Bill,0,"56,570.36","395,992.53"
26-Aug-21,Debit Card,27.61,0,"396,020.14"
26-Aug-21,Cheque,"226,737.20",0,"622,757.34"
26-Aug-21,Bill,0,"103,792.89","518,964.45"
26-Aug-21,Bill,0,"51,896.45","467,068.00"
26-Aug-21,Cheque,0,"46,706.80","420,361.20"
26-Aug-21,Commission,328,0,"420,689.20"
26-Aug-21,ATM,"18,242.94",0,"438,932.14"
26-Aug-21,Transfer,0,"109,733.04","329,199.10"
26-Aug-21,ATM,"173,815.20",0,"503,014.30"
26-Aug-21,Debit Card,"244,627.90",0,"747,642.20"
26-Aug-21,NEFT,0,"186,910.55","560,731.65"
26-Aug-21,Commission,"12,466.00",0,"573,197.65"
26-Aug-21,Cheque,0,"71,649.71","501,547.94"
26-Aug-21,Bill,"3,193.00",0,"504,740.94"
26-Aug-21,Cheque,0,"72,105.85","432,635.09"
26-Aug-21,IMPS,"30,422.81",0,"463,057.90"
26-Aug-21,ATM,0,"92,611.58","370,446.32"
26-Aug-21,Purchase,3,0,"370,449.32"
26-Aug-21,Commission,776.51,0,"371,225.83"
26-Aug-21,Bill,0,"37,122.58","334,103.25"
26-Aug-21,Interest,0,"66,820.65","267,282.60"
26-Aug-21,Miscellaneous,0,"33,410.33","233,872.27"
26-Aug-21,Miscellaneous,0,"58,468.07","175,404.20"
26-Aug-21,Interest,0,"21,925.53","153,478.68"
26-Aug-21,Miscellaneous,"4,014.00",0,"157,492.68"
26-Aug-21,Purchase,0,"157,492.68",0
26-Aug-21,Interest,"1,862.00",0,"1,862.00"
26-Aug-21,Bill,45,0,"1,907.00"
26-Aug-21,RTGS,0,953.5,953.5
26-Aug-21,Interest,0,953.5,0
26-Aug-21,Transfer,41,0,41
26-Aug-21,NEFT,0,6.83,34.17
26-Aug-21,IMPS,0,8.54,25.63
26-Aug-21,Tax,"1,712,353.50",0,"1,712,379.13"
26-Aug-21,Cheque,59.8,0,"1,712,438.93"
26-Aug-21,Tax,0,"171,243.89","1,541,195.04"
26-Aug-21,Reversal,"174,159.80",0,"1,715,354.84"
26-Aug-21,Debit Card,8.2,0,"1,715,363.04"
26-Aug-21,Interest,0,"1,715,363.04",0
26-Aug-21,Bill,782,0,782
26-Aug-21,Tax,"2,756.41",0,"3,538.41"
26-Aug-21,Commission,"3,845.00",0,"7,383.41"
26-Aug-21,Tax,"167,438.91",0,"174,822.32"
26-Aug-21,Reversal,19.28,0,"174,841.60"
26-Aug-21,Reversal,"1,482,692.75",0,"1,657,534.35"
26-Aug-21,Tax,"3,718.00",0,"1,661,252.35"
26-Aug-21,Commission,0,"830,626.18","830,626.18"
26-Aug-21,NEFT,"3,621.27",0,"834,247.45"
26-Aug-21,Purchase,0,"166,849.49","667,397.96"
26-Aug-21,Reversal,7.2,0,"667,405.16"
26-Aug-21,Transfer,0,"74,156.13","593,249.03"
26-Aug-21,Purchase,0,"118,649.81","474,599.22"
26-Aug-21,Purchase,190.97,0,"474,790.19"
26-Aug-21,Miscellaneous,"127,193.00",0,"601,983.19"
26-Aug-21,NEFT,"25,694.50",0,"627,677.69"
26-Aug-21,Cash,0,"627,677.69",0
26-Aug-21,Tax,172,0,172
26-Aug-21,NEFT,0,34.4,137.6
26-Aug-21,Purchase,765.1,0,902.7
26-Aug-21,Cash,"17,052.70",0,"17,955.40"
26-Aug-21,IMPS,"32,327.30",0,"50,282.70"
26-Aug-21,Reversal,0,"16,760.90","33,521.80"
26-Aug-21,Debit Card,0,"16,760.90","16,760.90"
26-Aug-21,ATM,"654,328.00",0,"671,088.90"
26-Aug-21,Transfer,0,"167,772.23","503,316.68"
26-Aug-21,Purchase,"1,080,377.50",0,"1,583,694.18"
26-Aug-21,ATM,"2,047,593.20",0,"3,631,287.38"
26-Aug-21,ATM,0,"453,910.92","3,177,376.46"
26-Aug-21,Reversal,0,"1,588,688.23","1,588,688.23"
26-Aug-21,Bill,0,"198,586.03","1,390,102.20"
26-Aug-21,Cheque,"2,839.00",0,"1,392,941.20"
26-Aug-21,Cheque,5.1,0,"1,392,946.30"
26-Aug-21,Miscellaneous,288,0,"1,393,234.30"
26-Aug-21,IMPS,194,0,"1,393,428.30"
26-Aug-21,Transfer,"23,008.00",0,"1,416,436.30"
26-Aug-21,Cheque,"1,475,609.00",0,"2,892,045.30"
26-Aug-21,Transfer,308.9,0,"2,892,354.20"
26-Aug-21,Purchase,"213,449.30",0,"3,105,803.50"
26-Aug-21,Bill,60.82,0,"3,105,864.32"
26-Aug-21,Commission,10.56,0,"3,105,874.88"
26-Aug-21,Commission,0,"517,645.81","2,588,229.07"
26-Aug-21,Reversal,"2,064.00",0,"2,590,293.07"
26-Aug-21,NEFT,"121,222.66",0,"2,711,515.73"
26-Aug-21,Cash,0,"1,355,757.87","1,355,757.86"
26-Aug-21,Reversal,32.3,0,"1,355,790.16"
26-Aug-21,RTGS,41,0,"1,355,831.16"
26-Aug-21,Interest,0,"150,647.91","1,205,183.25"
26-Aug-21,IMPS,0,"301,295.81","903,887.44"
26-Aug-21,Purchase,0,"90,388.74","813,498.70"
26-Aug-21,IMPS,0,"116,214.10","697,284.60"
26-Aug-21,Bill,"1,612,507.20",0,"2,309,791.80"
27-Aug-21,Commission,0,"1,154,895.90","1,154,895.90"
27-Aug-21,Reversal,0,"577,447.95","577,447.95"
27-Aug-21,Debit Card,0,"96,241.33","481,206.62"
27-Aug-21,Interest,32.24,0,"481,238.86"
27-Aug-21,Transfer,0,"60,154.86","421,084.00"
27-Aug-21,Cheque,5.82,0,"421,089.82"
27-Aug-21,IMPS,"2,912.00",0,"424,001.82"
27-Aug-21,Commission,"803,841.00",0,"1,227,842.82"
27-Aug-21,Cheque,0,"1,227,842.82",0
27-Aug-21,Tax,59.17,0,59.17
27-Aug-21,Commission,66,0,125.17
27-Aug-21,Miscellaneous,0,31.29,93.88
27-Aug-21,Debit Card,"969,030.00",0,"969,123.88"
27-Aug-21,Bill,0,"969,123.88",0
27-Aug-21,Bill,0,0,0
27-Aug-21,Transfer,"1,300.00",0,"1,300.00"
27-Aug-21,IMPS,0,325,975
27-Aug-21,ATM,0,325,650
27-Aug-21,Miscellaneous,128,0,778
27-Aug-21,Debit Card,480,0,"1,258.00"
27-Aug-21,Bill,"17,072.90",0,"18,330.90"
27-Aug-21,Commission,"1,888.80",0,"20,219.70"
27-Aug-21,ATM,0,"2,021.97","18,197.73"
27-Aug-21,Cash,53,0,"18,250.73"
27-Aug-21,Miscellaneous,"1,660,455.00",0,"1,678,705.73"
27-Aug-21,RTGS,0,"279,784.29","1,398,921.44"
27-Aug-21,Debit Card,0,"1,398,921.44",0
27-Aug-21,ATM,"60,826.03",0,"60,826.03"
27-Aug-21,IMPS,0,"15,206.51","45,619.52"
27-Aug-21,NEFT,288.16,0,"45,907.68"
27-Aug-21,RTGS,0,"11,476.92","34,430.76"
27-Aug-21,Interest,225.9,0,"34,656.66"
27-Aug-21,Purchase,0,"6,931.33","27,725.33"
27-Aug-21,Miscellaneous,3.31,0,"27,728.64"
27-Aug-21,IMPS,6.2,0,"27,734.84"
27-Aug-21,Cash,"11,290.80",0,"39,025.64"
27-Aug-21,RTGS,46,0,"39,071.64"
27-Aug-21,Debit Card,22,0,"39,093.64"
27-Aug-21,Reversal,0,"19,546.82","19,546.82"
27-Aug-21,Tax,"237,107.20",0,"256,654.02"
27-Aug-21,Miscellaneous,0,"36,664.86","219,989.16"
27-Aug-21,ATM,0,"54,997.29","164,991.87"
27-Aug-21,Tax,0,"82,495.94","82,495.94"
27-Aug-21,Debit Card,0,"11,785.13","70,710.81"
27-Aug-21,Tax,"112,516.00",0,"183,226.81"
27-Aug-21,Bill,0,"18,322.68","164,904.13"
27-Aug-21,NEFT,0,"27,484.02","137,420.11"
27-Aug-21,Cash,120,0,"137,540.11"
27-Aug-21,NEFT,0,"13,754.01","123,786.10"
27-Aug-21,ATM,"1,297.00",0,"125,083.10"
28-Aug-21,Bill,0,"12,508.31","112,574.79"
28-Aug-21,Debit Card,0,"12,508.31","100,066.48"
28-Aug-21,RTGS,"2,876.50",0,"102,942.98"
28-Aug-21,Debit Card,"1,987,743.80",0,"2,090,686.78"
28-Aug-21,Bill,0,"2,090,686.78",0
28-Aug-21,Debit Card,"2,835.70",0,"2,835.70"
28-Aug-21,Reversal,0,"2,835.70",0
28-Aug-21,Cheque,"66,042.00",0,"66,042.00"
28-Aug-21,Commission,"1,433.91",0,"67,475.91"
28-Aug-21,Cash,"184,941.00",0,"252,416.91"
28-Aug-21,Transfer,0,"25,241.69","227,175.22"
28-Aug-21,Bill,0,"22,717.52","204,457.70"
28-Aug-21,IMPS,27.34,0,"204,485.04"
28-Aug-21,Bill,"3,237.00",0,"207,722.04"
28-Aug-21,IMPS,0,"103,861.02","103,861.02"
28-Aug-21,Debit Card,0,"17,310.17","86,550.85"
28-Aug-21,Debit Card,"21,548.60",0,"108,099.45"
28-Aug-21,Transfer,29,0,"108,128.45"
28-Aug-21,Cash,0,"12,014.27","96,114.18"
28-Aug-21,Transfer,"232,869.47",0,"328,983.65"
29-Aug-21,Reversal,5,0,"328,988.65"
29-Aug-21,RTGS,148.45,0,"329,137.10"
29-Aug-21,Purchase,0,"82,284.28","246,852.82"
29-Aug-21,Cheque,364,0,"247,216.82"
29-Aug-21,Commission,"2,008.00",0,"249,224.82"
29-Aug-21,RTGS,4,0,"249,228.82"
29-Aug-21,ATM,0,"83,076.27","166,152.55"
29-Aug-21,Purchase,46.6,0,"166,199.15"
29-Aug-21,Cheque,"3,303.70",0,"169,502.85"
29-Aug-21,Miscellaneous,"53,210.90",0,"222,713.75"
29-Aug-21,Tax,0,"74,237.92","148,475.83"
29-Aug-21,Commission,"2,596.00",0,"151,071.83"
29-Aug-21,NEFT,0,"18,883.98","132,187.85"
29-Aug-21,RTGS,"11,386.00",0,"143,573.85"
29-Aug-21,Debit Card,0,"28,714.77","114,859.08"
29-Aug-21,Tax,"3,080.00",0,"117,939.08"
29-Aug-21,Miscellaneous,0,"19,656.51","98,282.57"
29-Aug-21,NEFT,0,"12,285.32","85,997.25"
29-Aug-21,Miscellaneous,0,"10,749.66","75,247.59"
29-Aug-21,Cash,0,"18,811.90","56,435.69"
29-Aug-21,Debit Card,0,"11,287.14","45,148.55"
29-Aug-21,Transfer,0,"45,148.55",0
29-Aug-21,ATM,"1,633,122.00",0,"1,633,122.00"
29-Aug-21,IMPS,51.79,0,"1,633,173.79"
29-Aug-21,Interest,4.4,0,"1,633,178.19"
29-Aug-21,Transfer,36,0,"1,633,214.19"
29-Aug-21,Transfer,54.8,0,"1,633,268.99"
29-Aug-21,IMPS,15,0,"1,633,283.99"
29-Aug-21,IMPS,0,"163,328.40","1,469,955.59"
29-Aug-21,ATM,0,"244,992.60","1,224,962.99"
29-Aug-21,Purchase,0,"122,496.30","1,102,466.69"
29-Aug-21,Cash,68,0,"1,102,534.69"
29-Aug-21,Debit Card,0,"137,816.84","964,717.85"
29-Aug-21,Cheque,0,"321,572.62","643,145.23"
29-Aug-21,Interest,0,"80,393.15","562,752.08"
29-Aug-21,Debit Card,0,"62,528.01","500,224.07"
30-Aug-21,Transfer,0,"50,022.41","450,201.66"
30-Aug-21,Purchase,30,0,"450,231.66"
30-Aug-21,Tax,0,"56,278.96","393,952.70"
30-Aug-21,ATM,"1,930,826.00",0,"2,324,778.70"
30-Aug-21,Commission,"1,986.00",0,"2,326,764.70"
30-Aug-21,Cash,0,"232,676.47","2,094,088.23"
30-Aug-21,NEFT,0,"1,047,044.12","1,047,044.12"
30-Aug-21,Interest,"3,787.00",0,"1,050,831.12"
30-Aug-21,Tax,0,"350,277.04","700,554.08"
30-Aug-21,Interest,2,0,"700,556.08"
30-Aug-21,Cash,0,"116,759.35","583,796.73"
30-Aug-21,ATM,5,0,"583,801.73"
30-Aug-21,Commission,0,"291,900.87","291,900.86"
30-Aug-21,RTGS,0,"32,433.43","259,467.43"
30-Aug-21,Reversal,"175,478.00",0,"434,945.43"
30-Aug-21,IMPS,0,"62,135.06","372,810.37"
30-Aug-21,Miscellaneous,59,0,"372,869.37"
30-Aug-21,Interest,0,"37,286.94","335,582.43"
30-Aug-21,Bill,318.1,0,"335,900.53"
30-Aug-21,Debit Card,8,0,"335,908.53"
30-Aug-21,RTGS,"123,595.00",0,"459,503.53"
30-Aug-21,Interest,0,"76,583.92","382,919.61"
30-Aug-21,NEFT,233.65,0,"383,153.26"
30-Aug-21,ATM,2.36,0,"383,155.62"
30-Aug-21,Tax,3,0,"383,158.62"
30-Aug-21,Interest,31.4,0,"383,190.02"
30-Aug-21,Bill,6,0,"383,196.02"
30-Aug-21,Debit Card,0,"42,577.34","340,618.68"
30-Aug-21,IMPS,0,"68,123.74","272,494.94"
30-Aug-21,Cheque,"21,417.50",0,"293,912.44"
30-Aug-21,ATM,50,0,"293,962.44"
30-Aug-21,Cheque,0,"58,792.49","235,169.95"
30-Aug-21,Cheque,0,"78,389.98","156,779.97"
30-Aug-21,ATM,"889,572.00",0,"1,046,351.97"
30-Aug-21,Commission,0,"149,478.85","896,873.12"
30-Aug-21,IMPS,0,"179,374.62","717,498.50"
30-Aug-21,ATM,0,"179,374.63","538,123.88"
30-Aug-21,Purchase,"9,688.10",0,"547,811.98"
30-Aug-21,Commission,96,0,"547,907.98"
30-Aug-21,Commission,0,"54,790.80","493,117.18"
30-Aug-21,Bill,17,0,"493,134.18"
31-Aug-21,Commission,0,"123,283.55","369,850.64"
31-Aug-21,Miscellaneous,0,"52,835.81","317,014.83"
31-Aug-21,IMPS,0,"79,253.71","237,761.12"
31-Aug-21,Cheque,0,"33,965.87","203,795.25"
31-Aug-21,RTGS,0,"25,474.41","178,320.84"
31-Aug-21,Purchase,0,"35,664.17","142,656.67"
31-Aug-21,RTGS,"1,742,874.75",0,"1,885,531.42"
1-Sep-21,Reversal,0,"269,361.63","1,616,169.79"
1-Sep-21,RTGS,0,"808,084.90","808,084.90"
1-Sep-21,Cheque,0,"269,361.63","538,723.27"
1-Sep-21,Reversal,0,"538,723.27",0
2-Sep-21,NEFT,"3,924.00",0,"3,924.00"
2-Sep-21,RTGS,0,981,"2,943.00"
2-Sep-21,Reversal,0,420.43,"2,522.57"
2-Sep-21,Purchase,"14,809.50",0,"17,332.07"
2-Sep-21,Reversal,0,"2,166.51","15,165.56"
2-Sep-21,RTGS,7,0,"15,172.56"
2-Sep-21,IMPS,7,0,"15,179.56"
2-Sep-21,Reversal,"1,462,900.00",0,"1,478,079.56"
2-Sep-21,IMPS,"103,689.20",0,"1,581,768.76"
2-Sep-21,IMPS,"34,559.20",0,"1,616,327.96"
2-Sep-21,Tax,"144,755.00",0,"1,761,082.96"
2-Sep-21,Tax,"12,317.00",0,"1,773,399.96"
2-Sep-21,Tax,0,"1,773,399.96",0
2-Sep-21,ATM,6,0,6
2-Sep-21,NEFT,0,0.86,5.14
2-Sep-21,Interest,0,1.29,3.85
2-Sep-21,Transfer,74,0,77.85
2-Sep-21,Cheque,0,7.79,70.06
2-Sep-21,Debit Card,"59,749.00",0,"59,819.06"
2-Sep-21,Tax,0,"11,963.81","47,855.25"
2-Sep-21,Commission,"156,811.00",0,"204,666.25"
2-Sep-21,IMPS,"79,756.28",0,"284,422.53"
2-Sep-21,Purchase,0,"40,631.79","243,790.74"
2-Sep-21,Miscellaneous,0,"40,631.79","203,158.95"
2-Sep-21,RTGS,0,"29,022.71","174,136.24"
2-Sep-21,Debit Card,0,"174,136.24",0
2-Sep-21,Purchase,"30,557.00",0,"30,557.00"
2-Sep-21,Tax,0,"4,365.29","26,191.71"
2-Sep-21,Reversal,183.3,0,"26,375.01"
2-Sep-21,Miscellaneous,27,0,"26,402.01"
3-Sep-21,ATM,2.76,0,"26,404.77"
3-Sep-21,Debit Card,0,"2,640.48","23,764.29"
3-Sep-21,Reversal,"197,665.00",0,"221,429.29"
3-Sep-21,Transfer,0,"22,142.93","199,286.36"
3-Sep-21,Purchase,"59,202.60",0,"258,488.96"
3-Sep-21,Debit Card,0,"51,697.79","206,791.17"
3-Sep-21,Interest,0,"25,848.90","180,942.27"
3-Sep-21,Cheque,39,0,"180,981.27"
3-Sep-21,RTGS,0,"45,245.32","135,735.95"
3-Sep-21,RTGS,0,"22,622.66","113,113.29"
3-Sep-21,Commission,3,0,"113,116.29"
3-Sep-21,Purchase,"124,338.00",0,"237,454.29"
3-Sep-21,Miscellaneous,"1,641.65",0,"239,095.94"
3-Sep-21,Tax,0,"59,773.99","179,321.96"
3-Sep-21,Tax,156.15,0,"179,478.11"
3-Sep-21,NEFT,0,"59,826.04","119,652.07"
3-Sep-21,Reversal,297.1,0,"119,949.17"
3-Sep-21,Debit Card,0,"23,989.83","95,959.34"
3-Sep-21,Transfer,0,"13,708.48","82,250.86"
3-Sep-21,Commission,0,"13,708.48","68,542.38"
3-Sep-21,Reversal,0,"68,542.38",0
3-Sep-21,Cheque,8.9,0,8.9
3-Sep-21,Transfer,0,0.89,8.01
3-Sep-21,ATM,0,0.8,7.21
3-Sep-21,Transfer,0,2.4,4.81
3-Sep-21,Tax,0,2.41,2.4
3-Sep-21,Tax,"38,281.70",0,"38,284.10"
3-Sep-21,Debit Card,"2,372.00",0,"40,656.10"
3-Sep-21,Interest,"1,714,487.00",0,"1,755,143.10"
3-Sep-21,Bill,"30,785.17",0,"1,785,928.27"
3-Sep-21,RTGS,0,"223,241.03","1,562,687.24"
3-Sep-21,Commission,5,0,"1,562,692.24"
3-Sep-21,Miscellaneous,"1,521,346.00",0,"3,084,038.24"
3-Sep-21,Commission,"94,499.72",0,"3,178,537.96"
3-Sep-21,Miscellaneous,39,0,"3,178,576.96"
3-Sep-21,Cheque,59.97,0,"3,178,636.93"
3-Sep-21,Cheque,"29,335.70",0,"3,207,972.63"
3-Sep-21,Tax,0,"3,207,972.63",0
3-Sep-21,Transfer,513.43,0,513.43
3-Sep-21,NEFT,0,128.36,385.07
3-Sep-21,Reversal,"2,929.36",0,"3,314.43"
3-Sep-21,Bill,"8,468.47",0,"11,782.90"
3-Sep-21,RTGS,0,"1,178.29","10,604.61"
3-Sep-21,RTGS,3.4,0,"10,608.01"
3-Sep-21,Interest,0,"1,768.00","8,840.01"
3-Sep-21,Interest,339.67,0,"9,179.68"
4-Sep-21,Tax,0,"1,311.38","7,868.30"
4-Sep-21,Debit Card,0,"1,311.38","6,556.92"
4-Sep-21,NEFT,"4,052.70",0,"10,609.62"
4-Sep-21,NEFT,0,"2,652.41","7,957.22"
4-Sep-21,Miscellaneous,0,"1,326.20","6,631.02"
4-Sep-21,Cash,0,"6,631.02",0
4-Sep-21,Reversal,"66,651.12",0,"66,651.12"
4-Sep-21,Reversal,0,"7,405.68","59,245.44"
4-Sep-21,Transfer,"2,820.00",0,"62,065.44"
4-Sep-21,Transfer,0,"6,206.54","55,858.90"
4-Sep-21,Miscellaneous,0,"27,929.45","27,929.45"
4-Sep-21,IMPS,6.3,0,"27,935.75"
4-Sep-21,RTGS,0,"3,491.97","24,443.78"
4-Sep-21,ATM,508.48,0,"24,952.26"
4-Sep-21,Commission,"228,449.88",0,"253,402.14"
4-Sep-21,Debit Card,0,"63,350.54","190,051.60"
4-Sep-21,Bill,"172,220.10",0,"362,271.70"
4-Sep-21,Reversal,"75,871.03",0,"438,142.73"
4-Sep-21,Commission,0.95,0,"438,143.68"
4-Sep-21,Bill,"2,759.00",0,"440,902.68"
4-Sep-21,IMPS,"576,443.50",0,"1,017,346.18"
4-Sep-21,Cash,"25,331.00",0,"1,042,677.18"
4-Sep-21,Debit Card,"1,724.90",0,"1,044,402.08"
4-Sep-21,Reversal,"4,245.10",0,"1,048,647.18"
4-Sep-21,IMPS,"2,780.60",0,"1,051,427.78"
4-Sep-21,Reversal,6.4,0,"1,051,434.18"
4-Sep-21,Debit Card,"3,241.78",0,"1,054,675.96"
4-Sep-21,Transfer,0,"105,467.60","949,208.36"
4-Sep-21,Debit Card,"5,609.00",0,"954,817.36"
4-Sep-21,Reversal,"197,144.00",0,"1,151,961.36"
5-Sep-21,Commission,"51,423.38",0,"1,203,384.74"
5-Sep-21,Commission,"95,853.84",0,"1,299,238.58"
5-Sep-21,Purchase,6,0,"1,299,244.58"
5-Sep-21,Purchase,0,"144,360.51","1,154,884.07"
6-Sep-21,Cash,3.5,0,"1,154,887.57"
6-Sep-21,Reversal,0,"115,488.76","1,039,398.81"
6-Sep-21,Purchase,0,"148,485.54","890,913.27"
6-Sep-21,Tax,0,"445,456.64","445,456.64"
6-Sep-21,Commission,"193,878.10",0,"639,334.74"
6-Sep-21,Interest,15,0,"639,349.74"
6-Sep-21,RTGS,0,"79,918.72","559,431.02"
6-Sep-21,Purchase,0,"559,431.02",0
6-Sep-21,NEFT,5,0,5
6-Sep-21,Interest,"63,305.00",0,"63,310.00"
6-Sep-21,Tax,0,"31,655.00","31,655.00"
6-Sep-21,Debit Card,"13,386.00",0,"45,041.00"
6-Sep-21,Purchase,7,0,"45,048.00"
7-Sep-21,Reversal,44.32,0,"45,092.32"
7-Sep-21,Reversal,0,"5,636.54","39,455.78"
7-Sep-21,Reversal,0,"9,863.95","29,591.84"
7-Sep-21,Interest,141,0,"29,732.84"
7-Sep-21,NEFT,"2,726.00",0,"32,458.84"
7-Sep-21,Commission,31.98,0,"32,490.82"
7-Sep-21,Commission,0,"16,245.41","16,245.41"
7-Sep-21,Bill,4.43,0,"16,249.84"
7-Sep-21,Purchase,34.92,0,"16,284.76"
7-Sep-21,Tax,556,0,"16,840.76"
7-Sep-21,Bill,"3,317.73",0,"20,158.49"
7-Sep-21,Debit Card,2.54,0,"20,161.03"
7-Sep-21,Purchase,9,0,"20,170.03"
7-Sep-21,RTGS,302,0,"20,472.03"
7-Sep-21,Purchase,95.9,0,"20,567.93"
7-Sep-21,Reversal,0,"10,283.97","10,283.96"
7-Sep-21,RTGS,0,"1,028.40","9,255.56"
7-Sep-21,Miscellaneous,"129,644.56",0,"138,900.12"
7-Sep-21,IMPS,0,"15,433.35","123,466.77"
7-Sep-21,Commission,"4,043.47",0,"127,510.24"
7-Sep-21,Interest,"27,987.40",0,"155,497.64"
7-Sep-21,Purchase,5.4,0,"155,503.04"
7-Sep-21,Cash,0,"31,100.61","124,402.43"
7-Sep-21,RTGS,845.3,0,"125,247.73"
7-Sep-21,Cash,0,"62,623.87","62,623.86"
7-Sep-21,ATM,0,"8,946.27","53,677.59"
7-Sep-21,Bill,0,"26,838.80","26,838.80"
7-Sep-21,Bill,0,"2,982.09","23,856.71"
7-Sep-21,RTGS,"560,480.00",0,"584,336.71"
7-Sep-21,Miscellaneous,0,"194,778.90","389,557.81"
7-Sep-21,Tax,"5,968.58",0,"395,526.39"
7-Sep-21,Tax,248.92,0,"395,775.31"
7-Sep-21,Bill,"179,730.34",0,"575,505.65"
7-Sep-21,Debit Card,0,"63,945.07","511,560.58"
7-Sep-21,Purchase,0,"102,312.12","409,248.46"
7-Sep-21,Cash,483.21,0,"409,731.67"
8-Sep-21,Purchase,"2,465.60",0,"412,197.27"
8-Sep-21,Cheque,2,0,"412,199.27"
8-Sep-21,Transfer,0,"41,219.93","370,979.34"
8-Sep-21,ATM,2.7,0,"370,982.04"
8-Sep-21,RTGS,0,"37,098.20","333,883.84"
8-Sep-21,Purchase,0,"111,294.61","222,589.23"
8-Sep-21,ATM,0.68,0,"222,589.91"
8-Sep-21,Purchase,"93,504.00",0,"316,093.91"
